Design_Name,max_bitwidth,min_bitwidth,avg_bitwidth,total_bits,num_bitwidths,num_32bit,num_16bit,num_8bit,num_1bit,num_add,num_sub,num_mul,num_div,num_logic_and,num_logic_or,num_logic_xor,num_shifts,num_comparisons,num_lines,num_always,num_assign,num_if,num_case,num_for,num_ternary,num_wire,num_reg,num_input,num_output,num_modules,num_branches,num_posedge_always,num_clk_domains,unique_signals,max_signal_occurrences,mean_signal_occurrences,num_high_fanout_signals,total_arithmetic,arith_density,switching_proxy,logic_density,mux_count,bits_log,bits_sqrt,register_bit_product,toggle_estimate,bit_toggle_load,fanout_switching_pressure,rtl_code_len
a23_alu,33,2,20.941176470588236,356,17,8,2,2,0,2,0,0,0,11,4,1,0,13,175,0,18,8,0,0,14,14,0,5,2,2,22,0,1,58,18,3.4310344827586206,5,2,0.011428571428571429,2,0.09142857142857143,14,5.877735781779639,18.867962264113206,0.0,0.18285714285714286,712,251.29411764705884,3467
a23_barrel_shift,33,1,15.820809248554914,2737,173,2,5,5,1,0,0,0,0,0,0,0,0,133,252,0,5,137,0,0,137,4,0,5,2,2,274,0,1,47,326,15.127659574468085,4,0,0.0,0,0.0,137,7.914983005848394,52.316345438113316,0.0,0.0,0,0.0,12500
a23_multiply,68,2,27.53846153846154,716,26,9,0,0,0,4,0,1,0,6,2,0,0,13,207,2,9,16,0,0,6,7,6,6,3,2,22,0,1,60,23,3.7,3,5,0.024154589371980676,6,0.03864734299516908,6,6.57507584059962,26.758176320519304,165.23076923076923,0.23188405797101447,4296,165.23076923076923,3470
a23_ram_register_bank,32,2,22.797752808988765,2029,89,59,0,0,0,0,0,0,0,1,0,0,0,13,325,1,59,1,2,0,20,54,109,18,5,2,23,0,1,123,59,4.130081300813008,7,0,0.0,109,0.003076923076923077,22,7.615791072035833,45.044422518220834,2484.9550561797755,0.3353846153846154,221161,22.797752808988765,6549
a23_register_bank,32,2,28.52238805970149,1911,67,57,0,0,0,0,0,2,0,40,2,0,0,91,431,3,36,2,4,0,79,33,88,18,5,2,85,0,1,149,52,5.436241610738255,13,2,0.004640371229698376,88,0.09744779582366589,83,7.555905093611346,43.71498598878879,2509.970149253731,8.575406032482599,168168,1140.8955223880596,11825
a25_alu,33,2,20.941176470588236,356,17,8,2,2,0,2,0,0,0,11,4,1,0,13,175,0,18,8,0,0,14,14,0,5,2,2,22,0,1,58,18,3.4310344827586206,5,2,0.011428571428571429,2,0.09142857142857143,14,5.877735781779639,18.867962264113206,0.0,0.18285714285714286,712,251.29411764705884,3460
a25_barrel_shift,32,2,22.0,176,8,5,0,1,0,0,0,0,0,1,1,0,0,6,124,1,3,17,0,0,2,4,3,9,3,2,19,0,1,39,9,2.948717948717949,0,0,0.0,3,0.016129032258064516,2,5.176149732573829,13.2664991614216,66.0,0.04838709677419355,528,22.0,1957
a25_multiply,68,2,27.53846153846154,716,26,9,0,0,0,4,0,1,0,6,2,0,0,16,209,2,9,17,0,0,6,7,6,9,3,2,23,0,1,62,23,3.806451612903226,3,5,0.023923444976076555,6,0.03827751196172249,6,6.57507584059962,26.758176320519304,165.23076923076923,0.2296650717703349,4296,165.23076923076923,3600
a25_shifter,33,1,16.117948717948718,3143,195,2,5,5,1,0,0,0,0,0,0,0,0,149,311,0,9,157,0,0,153,4,0,5,2,2,310,0,1,65,366,13.015384615384615,5,0,0.0,0,0.0,153,8.053251153549096,56.06246516163912,0.0,0.0,0,0.0,15202
a25_write_back,32,11,24.125,193,8,5,0,0,0,0,0,0,0,0,0,0,0,8,100,2,3,4,0,0,0,0,4,10,3,2,4,0,1,31,10,3.096774193548387,0,0,0.0,4,0.0,0,5.267858159063328,13.892443989449804,96.5,0.0,772,0.0,1717
a500_8mb_ide,23,2,7.3076923076923075,95,13,0,0,4,0,0,0,0,0,6,5,0,0,3,158,1,6,1,0,0,3,12,1,15,16,2,4,0,1,111,16,2.225225225225225,3,0,0.0,1,0.06962025316455696,3,4.564348191467836,9.746794344808963,7.3076923076923075,0.06962025316455696,95,43.84615384615385,2686
absolutemax,4,4,4.0,20,5,0,0,0,0,3,0,0,0,0,0,0,0,5,27,1,0,5,0,0,0,0,2,3,1,2,5,0,1,18,7,3.388888888888889,0,3,0.1111111111111111,2,0.0,0,3.044522437723423,4.47213595499958,8.0,0.0,40,0.0,445
ac,3,2,2.3333333333333335,7,3,0,0,0,0,0,3,0,0,7,4,0,0,7,38,0,4,2,0,0,4,2,0,5,2,2,6,0,1,31,5,1.8709677419354838,0,3,0.07894736842105263,0,0.2894736842105263,4,2.0794415416798357,2.6457513110645907,0.0,0.0,0,16.333333333333336,919
acc,22,8,19.333333333333332,116,6,0,0,1,0,0,0,1,1,0,0,0,0,2,58,3,1,2,0,0,0,2,2,4,5,2,2,0,1,30,4,2.1333333333333333,0,2,0.034482758620689655,2,0.0,0,4.762173934797756,10.770329614269007,38.666666666666664,0.0,232,0.0,736
access_ctr,1,1,1.0,1,0,0,0,0,1,1,2,0,1,0,0,0,0,7,68,1,0,3,0,0,0,0,2,3,1,2,3,0,1,22,6,2.6363636363636362,0,4,0.058823529411764705,2,0.0,0,0.6931471805599453,1.0,2.0,0.0,2,0.0,918
accreg,320,2,23.450381679389313,3072,131,56,1,1,0,17,0,0,1,9,0,0,0,96,301,3,56,9,0,0,57,89,25,18,7,2,66,0,1,120,89,7.366666666666666,16,18,0.059800664451827246,25,0.029900332225913623,57,8.030409562130485,55.42562584220407,586.2595419847328,0.7475083056478405,76800,211.05343511450383,10757
accum,8,8,8.0,16,2,0,0,2,0,0,0,0,1,0,0,0,0,3,17,1,0,2,0,0,0,0,1,2,1,2,2,0,1,21,6,1.9047619047619047,0,1,0.058823529411764705,1,0.0,0,2.833213344056216,4.0,8.0,0.0,16,0.0,259
accumulator,8,8,8.0,16,2,0,0,2,0,0,0,0,1,0,0,0,0,3,40,1,0,2,0,0,0,0,1,4,1,2,2,0,1,21,5,1.6666666666666667,0,1,0.025,1,0.0,0,2.833213344056216,4.0,8.0,0.0,16,0.0,349
accumulator_add_sub,8,8,8.0,32,4,0,0,4,0,0,0,0,0,0,0,0,0,0,44,0,8,0,0,0,0,4,4,3,2,2,0,0,1,41,8,2.658536585365854,0,0,0.0,4,0.0,0,3.4965075614664802,5.656854249492381,32.0,0.0,128,0.0,897
acc_1,22,8,19.333333333333332,116,6,0,0,1,0,0,0,1,1,0,0,0,0,2,60,3,1,2,0,0,0,2,5,4,1,2,2,0,1,30,4,2.1333333333333333,0,2,0.03333333333333333,5,0.0,0,4.762173934797756,10.770329614269007,96.66666666666666,0.0,580,0.0,604
acosf,5,4,4.75,19,4,0,0,0,0,2,17,1,0,0,2,0,3,86,436,3,0,8,6,0,2,2,6,2,2,2,16,0,1,146,56,4.280821917808219,6,20,0.045871559633027525,6,0.0045871559633027525,8,2.995732273553991,4.358898943540674,28.5,0.027522935779816515,114,0.0,6443
acs,8,2,6.285714285714286,44,7,0,0,5,0,2,0,1,0,0,0,0,0,1,53,1,3,0,2,0,3,2,2,6,3,2,5,0,1,31,7,2.5483870967741935,0,3,0.05660377358490566,2,0.0,5,3.8066624897703196,6.6332495807108,12.571428571428571,0.0,88,0.0,1031
activ_h7,1024,3,28.322033898305083,3342,118,2,44,0,0,0,0,1,1,8,0,0,0,18,606,6,50,25,2,0,1,54,20,45,10,2,28,0,1,234,54,4.547008547008547,20,2,0.0033003300330033004,20,0.013201320132013201,3,8.114623886420098,57.810033731178535,566.4406779661017,0.264026402640264,66840,226.57627118644066,12393
ac_chr_huffman,21,4,10.142857142857142,71,7,0,2,0,0,0,0,1,0,0,0,0,0,0,194,1,2,0,2,0,0,0,1,2,2,2,2,0,1,360,166,1.9,2,1,0.005154639175257732,1,0.0,2,4.276666119016055,8.426149773176359,10.142857142857142,0.0,71,0.0,9785
ac_cr_rom,16,4,7.4,37,5,0,1,1,0,0,0,0,0,0,0,0,0,361,882,1,1,1,34,0,0,5,2,4,2,2,35,0,1,34,198,36.55882352941177,11,0,0.0,2,0.0,34,3.6375861597263857,6.082762530298219,14.8,0.0,74,0.0,20722
ac_design,8,4,6.0,18,3,0,0,1,0,0,0,0,0,8,3,0,0,0,24,0,7,0,0,0,0,2,0,4,2,2,0,0,1,20,7,3.45,0,0,0.0,0,0.4583333333333333,0,2.9444389791664403,4.242640687119285,0.0,0.0,0,48.0,440
ac_lum_huffman,21,4,10.142857142857142,71,7,0,2,0,0,0,0,1,0,0,0,0,0,0,195,1,2,0,2,0,0,0,1,2,2,2,2,0,1,359,166,1.9052924791086352,2,1,0.005128205128205128,1,0.0,2,4.276666119016055,8.426149773176359,10.142857142857142,0.0,71,0.0,9786
ac_rom,16,4,7.4,37,5,0,1,1,0,0,0,0,0,0,0,0,0,361,883,1,1,1,34,0,0,5,2,4,2,2,35,0,1,34,198,36.55882352941177,11,0,0.0,2,0.0,34,3.6375861597263857,6.082762530298219,14.8,0.0,74,0.0,17471
ad5681_driver,24,3,15.0,105,7,0,0,0,0,2,0,1,0,0,1,0,0,21,150,5,4,6,4,0,0,0,8,4,4,2,10,0,1,35,19,5.085714285714285,3,3,0.02,8,0.006666666666666667,4,4.663439094112067,10.246950765959598,120.0,0.05333333333333334,840,0.0,1729
ad7606,16,3,13.307692307692308,173,13,0,10,0,0,12,0,0,1,0,0,0,0,99,228,2,1,14,2,0,0,0,15,5,13,2,16,0,1,69,47,5.869565217391305,12,13,0.05701754385964912,15,0.0,2,5.159055299214529,13.152946437965905,199.6153846153846,0.0,2595,0.0,4351
ad9226,12,12,12.0,36,3,0,0,0,0,1,0,0,0,0,0,0,0,13,38,1,2,1,0,0,0,0,1,3,2,2,1,0,1,23,15,2.652173913043478,2,1,0.02631578947368421,1,0.0,0,3.6109179126442243,6.0,12.0,0.0,36,0.0,756
adaptfileightinput,8,8,8.0,24,3,0,0,3,0,1,0,0,0,0,0,0,0,0,31,2,0,1,2,0,0,0,2,3,1,2,3,0,1,23,6,2.260869565217391,0,1,0.03225806451612903,2,0.0,2,3.2188758248682006,4.898979485566356,16.0,0.0,48,0.0,377
adaptfilsixteeninput,8,8,8.0,24,3,0,0,3,0,1,0,0,0,0,0,0,0,0,43,2,0,1,2,0,0,0,2,3,1,2,3,0,1,35,18,2.857142857142857,1,1,0.023255813953488372,2,0.0,2,3.2188758248682006,4.898979485566356,16.0,0.0,48,0.0,644
adc,8,3,6.0,60,10,0,0,6,0,5,2,4,2,0,0,0,0,8,109,3,1,3,0,5,0,3,4,5,4,10,3,0,1,52,29,4.211538461538462,5,13,0.11926605504587157,4,0.0,0,4.110873864173311,7.745966692414834,24.0,0.0,240,0.0,2137
adcclkgen2,5,5,5.0,10,2,0,0,0,0,1,0,0,0,0,0,0,0,3,17,1,2,1,0,0,1,1,1,1,1,2,2,0,1,20,6,1.9,0,1,0.058823529411764705,1,0.0,1,2.3978952727983707,3.1622776601683795,5.0,0.0,10,0.0,309
add,32,32,32.0,64,2,2,0,0,0,1,0,1,0,0,0,0,0,0,11,1,0,0,0,0,0,0,1,1,1,2,0,0,1,13,2,1.1538461538461537,0,2,0.18181818181818182,1,0.0,0,4.174387269895637,8.0,32.0,0.0,64,0.0,152
add16,17,16,16.333333333333332,49,3,0,2,0,0,1,0,0,1,0,0,0,0,0,32,0,1,0,0,0,0,0,0,2,1,2,0,0,1,11,3,1.5454545454545454,0,2,0.0625,0,0.0,0,3.912023005428146,7.0,0.0,0.0,0,0.0,186
add17,18,17,17.333333333333332,52,3,0,0,0,0,1,0,0,1,0,0,0,0,0,31,0,1,0,0,0,0,0,0,2,1,2,0,0,1,11,3,1.5454545454545454,0,2,0.06451612903225806,0,0.0,0,3.970291913552122,7.211102550927978,0.0,0.0,0,0.0,181
add18,20,18,18.666666666666668,56,3,0,0,0,0,1,0,0,1,0,0,0,0,0,31,0,1,0,0,0,0,0,0,2,1,2,0,0,1,11,3,1.5454545454545454,0,2,0.06451612903225806,0,0.0,0,4.04305126783455,7.483314773547883,0.0,0.0,0,0.0,185
add19,20,19,19.333333333333332,58,3,0,0,0,0,1,0,0,1,0,0,0,0,0,32,0,1,0,0,0,0,0,0,2,1,2,0,0,1,11,3,1.5454545454545454,0,2,0.0625,0,0.0,0,4.07753744390572,7.615773105863909,0.0,0.0,0,0.0,182
add22,22,20,21.333333333333332,64,3,0,0,0,0,1,0,0,1,0,0,0,0,0,30,0,1,0,0,0,0,0,0,2,1,2,0,0,1,11,3,1.5454545454545454,0,2,0.06666666666666667,0,0.0,0,4.174387269895637,8.0,0.0,0.0,0,0.0,178
add32,32,32,32.0,64,2,2,0,0,0,1,0,0,0,0,0,0,0,0,12,0,1,0,0,0,0,0,0,1,1,2,0,0,1,9,3,1.6666666666666667,0,1,0.08333333333333333,0,0.0,0,4.174387269895637,8.0,0.0,0.0,0,0.0,114
add4,32,32,32.0,64,2,2,0,0,0,1,0,0,0,0,0,0,0,0,7,0,1,0,0,0,0,0,0,1,1,2,0,0,1,8,3,1.5,0,1,0.14285714285714285,0,0.0,0,4.174387269895637,8.0,0.0,0.0,0,0.0,97
addb,1,1,1.0,1,0,0,0,0,1,1,0,0,0,0,0,0,0,23,84,2,1,7,0,0,0,1,14,3,1,2,7,0,1,30,14,4.333333333333333,2,1,0.011904761904761904,14,0.0,0,0.6931471805599453,1.0,14.0,0.0,14,0.0,1457
addc,16,15,15.666666666666666,47,3,0,2,0,0,2,1,0,0,1,0,0,0,3,78,0,7,0,0,0,2,3,0,4,2,2,2,0,1,30,7,2.6333333333333333,0,3,0.038461538461538464,0,0.01282051282051282,2,3.871201010907891,6.855654600401044,0.0,0.0,0,15.666666666666666,1296
adder,1,1,1.0,1,0,0,0,0,1,1,3,0,0,0,0,0,0,0,9,0,1,0,0,0,0,0,0,2,1,2,0,0,1,11,4,1.9090909090909092,0,4,0.4444444444444444,0,0.0,0,0.6931471805599453,1.0,0.0,0.0,0,0.0,217
adder1,1,1,1.0,1,0,0,0,0,1,0,0,0,0,0,0,0,0,0,11,0,0,0,0,0,0,1,0,3,2,2,0,0,1,17,4,2.176470588235294,0,0,0.0,0,0.0,0,0.6931471805599453,1.0,0.0,0.0,0,0.0,198
adder16,16,16,16.0,64,4,0,4,0,0,1,1,0,1,0,0,0,0,1,50,0,1,0,0,1,0,1,0,2,2,2,0,0,1,26,10,1.9615384615384615,0,3,0.06,0,0.0,0,4.174387269895637,8.0,0.0,0.0,0,0.0,450
adder17,18,17,17.333333333333332,52,3,0,0,0,0,1,0,0,1,0,0,0,0,0,30,0,1,0,0,0,0,0,0,2,1,2,0,0,1,11,3,1.5454545454545454,0,2,0.06666666666666667,0,0.0,0,3.970291913552122,7.211102550927978,0.0,0.0,0,0.0,163
adder18,19,18,18.333333333333332,55,3,0,0,0,0,1,0,0,1,0,0,0,0,0,30,0,1,0,0,0,0,0,0,2,1,2,0,0,1,11,3,1.5454545454545454,0,2,0.06666666666666667,0,0.0,0,4.02535169073515,7.416198487095663,0.0,0.0,0,0.0,160
adder19,20,19,19.333333333333332,58,3,0,0,0,0,1,0,0,1,0,0,0,0,0,30,0,1,0,0,0,0,0,0,2,1,2,0,0,1,11,3,1.5454545454545454,0,2,0.06666666666666667,0,0.0,0,4.07753744390572,7.615773105863909,0.0,0.0,0,0.0,160
adder2,1,1,1.0,1,0,0,0,0,1,1,0,1,0,0,0,0,0,0,10,1,0,0,0,0,0,0,1,1,1,2,0,0,1,13,3,1.3076923076923077,0,2,0.2,1,0.0,0,0.6931471805599453,1.0,1.0,0.0,1,0.0,116
adder20,21,21,21.0,63,3,0,0,0,0,2,0,0,1,0,0,0,0,0,34,0,1,0,0,0,0,0,0,3,2,2,0,0,1,12,3,1.6666666666666667,0,3,0.08823529411764706,0,0.0,0,4.1588830833596715,7.937253933193772,0.0,0.0,0,0.0,216
adder22,22,20,21.333333333333332,64,3,0,0,0,0,1,0,0,1,0,0,0,0,0,30,0,1,0,0,0,0,0,0,2,1,2,0,0,1,11,3,1.5454545454545454,0,2,0.06666666666666667,0,0.0,0,4.174387269895637,8.0,0.0,0.0,0,0.0,159
adder32,33,32,32.2,161,5,4,0,0,0,2,0,0,0,0,0,0,0,0,13,0,3,0,0,0,0,1,0,3,2,2,0,0,1,13,4,2.3846153846153846,0,2,0.15384615384615385,0,0.0,0,5.087596335232384,12.68857754044952,0.0,0.0,0,0.0,207
adder32bit,32,32,32.0,128,4,4,0,0,0,1,0,0,0,0,0,0,0,0,10,1,0,0,0,0,0,0,1,2,1,2,0,0,1,12,4,1.8333333333333333,0,1,0.1,1,0.0,0,4.859812404361672,11.313708498984761,32.0,0.0,128,0.0,148
adder4,32,32,32.0,64,2,2,0,0,0,1,0,0,0,0,0,0,0,0,16,0,1,0,0,0,0,0,0,1,1,2,0,0,1,9,3,1.4444444444444444,0,1,0.0625,0,0.0,0,4.174387269895637,8.0,0.0,0.0,0,0.0,140
adder8bit,8,8,8.0,32,4,0,0,4,0,0,0,0,1,23,11,0,0,0,51,0,10,0,0,0,0,3,0,6,5,4,0,0,1,41,19,4.146341463414634,4,1,0.0196078431372549,0,0.6666666666666666,0,3.4965075614664802,5.656854249492381,0.0,0.0,0,184.0,1514
adderextmodule,16,16,16.0,32,2,0,2,0,0,1,0,0,0,0,0,0,0,0,9,0,1,0,0,0,0,0,0,1,1,2,0,0,1,8,2,1.25,0,1,0.1111111111111111,0,0.0,0,3.4965075614664802,5.656854249492381,0.0,0.0,0,0.0,102
addermodule32bit,32,32,32.0,96,3,3,0,0,0,1,0,0,1,0,0,0,0,0,19,0,1,0,0,0,0,0,0,2,1,2,0,0,1,10,2,1.4,0,2,0.10526315789473684,0,0.0,0,4.574710978503383,9.797958971132712,0.0,0.0,0,0.0,151
addersub,32,32,32.0,128,4,4,0,0,0,0,0,0,1,0,0,0,0,0,19,0,2,0,0,0,2,3,0,8,1,2,2,0,1,17,3,1.9411764705882353,0,1,0.05263157894736842,0,0.0,2,4.859812404361672,11.313708498984761,0.0,0.0,0,0.0,296
addersubtractor_1210708,1,1,1.0,1,0,0,0,0,1,3,1,1,0,0,0,0,0,1,14,1,0,1,0,0,0,0,1,2,1,2,1,0,1,18,3,1.6111111111111112,0,5,0.35714285714285715,1,0.0,0,0.6931471805599453,1.0,1.0,0.0,1,0.0,235
adder_12bit,12,12,12.0,24,2,0,0,0,0,0,0,0,0,0,0,0,0,0,56,0,0,0,0,0,0,3,0,2,2,2,0,0,1,100,25,3.09,6,0,0.0,0,0.0,0,3.2188758248682006,4.898979485566356,0.0,0.0,0,0.0,1714
adder_16bit,16,4,5.714285714285714,80,14,0,2,0,0,0,0,0,1,0,0,0,0,0,16,0,0,0,0,0,0,1,0,2,2,2,0,0,1,20,9,3.25,0,1,0.0625,0,0.0,0,4.394449154672439,8.94427190999916,0.0,0.0,0,0.0,541
adder_2,16,16,16.0,32,2,0,2,0,0,1,0,0,1,0,0,0,0,0,30,0,1,0,0,0,0,0,0,1,1,2,0,0,1,10,3,1.6,0,2,0.06666666666666667,0,0.0,0,3.4965075614664802,5.656854249492381,0.0,0.0,0,0.0,163
adder_24bit,24,24,24.0,48,2,0,0,0,0,0,0,0,0,0,0,0,0,0,97,0,0,0,0,0,0,8,0,2,2,2,0,0,1,185,49,3.254054054054054,6,0,0.0,0,0.0,0,3.8918202981106265,6.928203230275509,0.0,0.0,0,0.0,3503
adder_26b,27,27,27.0,81,3,0,0,0,0,1,0,1,0,8,0,0,0,6,24,1,0,2,0,0,0,0,2,2,2,2,2,0,1,14,7,2.857142857142857,0,2,0.08333333333333333,2,0.3333333333333333,0,4.406719247264253,9.0,54.0,0.6666666666666666,162,216.0,408
adder_32b,32,4,6.222222222222222,168,27,2,0,1,0,0,0,0,1,0,0,0,0,0,43,0,1,0,0,0,0,1,0,2,2,2,0,0,1,23,17,3.130434782608696,1,1,0.023255813953488372,0,0.0,0,5.1298987149230735,12.96148139681572,0.0,0.0,0,0.0,831
adder_6bit,6,6,6.0,12,2,0,0,0,0,0,0,0,0,0,0,0,0,0,35,0,0,0,0,0,0,2,0,2,2,2,0,0,1,58,13,2.8275862068965516,3,0,0.0,0,0.0,0,2.5649493574615367,3.4641016151377544,0.0,0.0,0,0.0,892
adder_7,16,6,14.0,70,5,0,4,0,0,23,22,1,0,12,4,0,0,0,38,1,0,0,2,0,0,0,5,3,4,2,2,0,1,22,13,3.3636363636363638,1,46,1.2105263157894737,5,0.42105263157894735,2,4.2626798770413155,8.366600265340756,70.0,2.1052631578947367,350,168.0,831
adder_8b,8,8,8.0,48,6,0,0,6,0,2,3,1,0,10,2,0,0,2,27,1,3,0,0,0,0,0,3,3,3,2,0,0,1,21,5,2.7142857142857144,0,6,0.2222222222222222,3,0.4444444444444444,0,3.8918202981106265,6.928203230275509,24.0,1.3333333333333333,144,80.0,530
adder_8bit,8,8,8.0,16,2,0,0,2,0,0,0,0,0,0,0,0,0,0,43,0,0,0,0,0,0,2,0,2,2,2,0,0,1,72,17,2.9444444444444446,3,0,0.0,0,0.0,0,2.833213344056216,4.0,0.0,0.0,0,0.0,1146
adder_eight_bit,8,8,8.0,32,4,0,0,4,0,1,1,1,1,0,0,0,0,1,25,1,1,1,0,0,0,0,1,3,1,2,1,0,1,22,4,1.5454545454545454,0,4,0.16,1,0.0,0,3.4965075614664802,5.656854249492381,8.0,0.0,32,0.0,343
adder_r,32,32,32.0,64,2,2,0,0,0,1,0,0,0,0,0,0,0,0,7,0,1,0,0,0,0,0,0,1,1,2,0,0,1,9,2,1.3333333333333333,0,1,0.14285714285714285,0,0.0,0,4.174387269895637,8.0,0.0,0.0,0,0.0,82
adder_signed,1,1,1.0,1,0,0,0,0,1,1,2,0,1,0,0,0,0,0,30,0,1,0,0,0,0,0,0,1,1,2,0,0,1,12,3,1.4166666666666667,0,4,0.13333333333333333,0,0.0,0,0.6931471805599453,1.0,0.0,0.0,0,0.0,179
adder_tree_node,1,1,1.0,1,0,0,0,0,1,5,23,1,1,0,0,0,1,6,105,4,8,3,0,0,0,5,3,2,1,2,3,0,1,40,16,4.35,1,30,0.2857142857142857,3,0.0,0,0.6931471805599453,1.0,3.0,0.0,3,0.0,1646
addition_subtraction,32,8,17.95,718,40,3,0,18,0,5,1,0,1,4,3,2,1,4,114,0,20,34,0,4,13,15,0,2,6,2,47,0,1,39,20,4.17948717948718,4,7,0.06140350877192982,4,0.07894736842105263,13,6.577861357721047,26.795522013948524,0.0,0.3157894736842105,2872,107.69999999999999,2340
addr,5,2,4.375739644970414,1479,338,0,0,0,0,80,120,0,0,0,0,0,48,772,1081,4,56,13,8,0,0,56,66,6,64,2,21,0,1,188,222,12.01063829787234,105,200,0.18501387604070305,66,0.0,8,7.299797366758161,38.45776904605882,288.79881656804736,0.0,97614,0.0,24972
addrc_controller,3,3,3.0,3,1,0,0,0,0,0,0,0,0,0,0,0,0,2,43,3,0,1,4,0,2,0,2,1,1,2,7,0,1,42,8,2.8333333333333335,0,0,0.0,2,0.0,6,1.3862943611198906,1.7320508075688772,6.0,0.0,6,0.0,1269
addresser,15,15,15.0,45,3,0,0,0,0,0,0,0,0,0,3,0,0,0,20,1,2,4,0,0,0,0,1,3,2,2,4,0,1,25,7,2.28,0,0,0.0,1,0.15,0,3.828641396489095,6.708203932499369,15.0,0.15,45,0.0,416
address_decoder,25,4,12.4,62,5,0,0,0,0,0,0,2,0,18,0,0,0,3,113,3,0,3,2,0,0,0,21,5,18,2,5,0,1,47,21,3.765957446808511,3,2,0.017699115044247787,21,0.1592920353982301,2,4.143134726391533,7.874007874011811,260.40000000000003,3.3451327433628317,1302,223.20000000000002,2885
address_generator,1,1,1.0,1,0,0,0,0,1,1,10,0,2,16,2,0,0,56,185,8,6,19,0,0,7,0,10,10,11,2,26,0,1,67,30,5.17910447761194,7,13,0.07027027027027027,10,0.0972972972972973,7,0.6931471805599453,1.0,10.0,0.972972972972973,10,16.0,3860
address_multiplexer,13,13,13.0,39,3,0,0,0,0,0,0,0,1,0,0,0,0,0,33,0,1,0,0,0,1,0,0,3,1,2,1,0,1,11,3,1.5454545454545454,0,1,0.030303030303030304,0,0.0,1,3.6888794541139363,6.244997998398398,0.0,0.0,0,0.0,224
address_register,1,1,1.0,1,0,0,0,0,1,0,3,0,0,0,0,0,0,3,14,1,0,2,0,0,0,0,1,2,1,2,2,0,1,19,5,1.9473684210526316,0,3,0.21428571428571427,1,0.0,0,0.6931471805599453,1.0,1.0,0.0,1,0.0,372
addroundkey,128,128,128.0,384,3,0,0,0,0,0,0,0,0,0,0,1,0,0,11,0,1,0,0,0,0,0,0,2,1,2,0,0,1,9,2,1.4444444444444444,0,0,0.0,2,0.09090909090909091,0,5.953243334287785,19.595917942265423,0.0,0.18181818181818182,768,128.0,164
addr_adder,1,1,1.0,1,0,0,0,0,1,2,4,0,0,0,0,0,0,1,19,1,0,0,0,0,0,4,1,4,1,2,0,0,1,19,4,1.894736842105263,0,6,0.3157894736842105,1,0.0,0,0.6931471805599453,1.0,1.0,0.0,1,0.0,343
addr_cal,32,4,19.875,159,8,4,1,0,0,7,4,8,1,0,0,0,0,1029,3198,5,0,1036,0,3,0,0,6,6,1,2,1036,0,1,32,1041,228.71875,7,20,0.006253908692933083,6,0.0,0,5.075173815233827,12.609520212918492,119.25,0.0,954,0.0,123797
addr_cnt,1,1,1.0,1,0,0,0,0,1,1,0,0,0,0,0,0,0,0,12,1,0,0,0,0,0,0,1,1,1,2,0,0,1,10,4,1.5,0,1,0.08333333333333333,1,0.0,0,0.6931471805599453,1.0,1.0,0.0,1,0.0,113
addr_ctl,160,2,16.822085889570552,2742,163,0,0,0,0,2,0,3,0,14,4,0,0,51,423,12,65,34,8,0,0,65,35,4,65,2,42,0,1,137,65,8.510948905109489,25,5,0.01182033096926714,35,0.0425531914893617,8,7.916807490937603,52.364109846344185,588.7730061349694,1.4893617021276595,95970,235.5092024539877,13549
addr_fifo,128,6,19.625,314,16,3,0,8,0,2,0,0,0,8,0,2,2,159,206,5,5,9,0,0,5,2,7,6,3,2,14,0,1,36,140,12.083333333333334,4,2,0.009708737864077669,11,0.04854368932038835,5,5.752572638825633,17.72004514666935,137.375,0.5339805825242718,3454,196.25,5404
addr_gen,36,2,3.75,300,80,0,0,0,0,8,183,36,0,2,0,0,0,22,602,6,39,14,0,0,0,149,6,10,113,2,14,0,1,311,188,8.797427652733118,28,227,0.3770764119601329,6,0.0033222591362126247,0,5.707110264748875,17.320508075688775,22.5,0.019933554817275746,1800,7.5,28451
addr_gen_integer,12,5,7.333333333333333,66,9,0,0,1,0,5,1,0,0,2,0,0,0,19,58,3,0,8,0,0,0,7,5,6,2,2,8,0,1,30,10,4.1,0,6,0.10344827586206896,5,0.034482758620689655,0,4.204692619390966,8.12403840463596,36.666666666666664,0.1724137931034483,330,14.666666666666666,1244
addr_mux,8,8,8.0,16,2,0,0,2,0,0,0,0,1,0,0,0,0,0,13,0,1,0,0,0,1,0,0,2,1,2,1,0,1,11,3,1.8181818181818181,0,1,0.07692307692307693,0,0.0,1,2.833213344056216,4.0,0.0,0.0,0,0.0,177
addsub,1,1,1.0,1,0,0,0,0,1,8,20,0,15,0,0,0,0,0,79,0,13,0,0,0,12,10,0,6,7,4,12,0,1,28,24,6.5,4,43,0.5443037974683544,0,0.0,12,0.6931471805599453,1.0,0.0,0.0,0,0.0,1198
addv,1,1,1.0,1,0,0,0,0,1,1,0,0,0,4,0,0,0,6,51,2,1,4,0,0,0,1,2,3,1,2,4,0,1,26,8,3.076923076923077,0,1,0.0196078431372549,2,0.0784313725490196,0,0.6931471805599453,1.0,2.0,0.1568627450980392,2,4.0,854
add_3,4,4,4.0,8,2,0,0,0,0,5,0,0,1,0,0,0,0,0,23,1,0,0,2,0,0,0,1,1,1,2,2,0,1,12,13,2.8333333333333335,2,6,0.2608695652173913,1,0.0,2,2.1972245773362196,2.8284271247461903,4.0,0.0,8,0.0,308
add_32,32,32,32.0,96,3,3,0,0,0,1,0,0,1,0,0,0,0,0,30,0,1,0,0,0,0,0,0,2,1,2,0,0,1,10,2,1.4,0,2,0.06666666666666667,0,0.0,0,4.574710978503383,9.797958971132712,0.0,0.0,0,0.0,156
add_32_bit,32,4,10.620689655172415,308,29,3,9,0,0,0,0,0,1,21,10,2,0,0,38,0,8,0,0,0,0,16,0,9,6,6,0,0,1,24,23,8.0,8,1,0.02631578947368421,4,0.868421052631579,0,5.733341276897746,17.549928774784245,0.0,3.473684210526316,1232,244.27586206896552,1305
add_b,4,2,2.5,10,4,0,0,0,0,0,0,0,0,4,0,0,0,13,46,2,1,4,0,0,1,0,3,3,1,2,5,0,1,27,12,3.2222222222222223,1,0,0.0,3,0.08695652173913043,1,2.3978952727983707,3.1622776601683795,7.5,0.2608695652173913,30,10.0,768
add_step1,32,1,18.529411764705884,315,17,5,0,7,1,0,0,2,0,0,0,0,0,0,44,2,6,31,0,0,3,4,3,2,5,2,34,0,1,35,6,2.5714285714285716,0,2,0.045454545454545456,3,0.0,3,5.755742213586912,17.74823934929885,55.58823529411765,0.0,945,0.0,1500
add_step2,27,8,23.272727272727273,256,11,0,0,2,0,0,0,4,0,0,0,0,0,1,58,4,1,1,0,0,0,3,4,5,4,2,1,0,1,40,5,2.425,0,4,0.06896551724137931,4,0.0,0,5.54907608489522,16.0,93.0909090909091,0.0,1024,0.0,1348
add_step3,32,3,18.952380952380953,398,21,3,0,7,0,1,0,5,0,4,6,0,0,3,86,5,5,26,0,0,5,9,8,9,2,2,31,0,1,57,9,3.1578947368421053,0,6,0.06976744186046512,8,0.11627906976744186,5,5.988961416889864,19.949937343260004,151.61904761904762,0.9302325581395349,3184,75.80952380952381,2322
add_sub,64,4,18.5,888,48,12,20,0,0,0,1,1,0,0,0,0,0,0,91,0,0,0,0,0,0,58,0,12,14,16,0,0,1,40,27,6.375,10,2,0.02197802197802198,0,0.0,0,6.790097235513905,29.79932885150268,0.0,0.0,0,0.0,1940
add_sub32,32,32,32.0,96,3,3,0,0,0,0,0,0,0,0,0,1,0,0,20,0,1,0,0,0,0,4,0,5,1,2,0,0,1,17,4,1.7647058823529411,0,0,0.0,2,0.05,0,4.574710978503383,9.797958971132712,0.0,0.1,192,32.0,269
add_sub_alu,8,2,6.0,18,3,0,0,2,0,0,2,1,1,0,0,0,0,0,32,1,0,0,2,0,0,0,1,2,1,2,2,0,1,20,6,2.0,0,4,0.125,1,0.0,2,2.9444389791664403,4.242640687119285,6.0,0.0,18,0.0,344
add_sub_xbits,16,16,16.0,96,6,0,6,0,0,0,0,0,1,0,0,0,0,0,56,0,2,0,0,0,1,35,0,3,2,2,1,0,1,33,33,4.363636363636363,5,1,0.017857142857142856,0,0.0,1,4.574710978503383,9.797958971132712,0.0,0.0,0,0.0,1910
add_v,2,2,2.0,6,3,0,0,0,0,1,0,0,0,4,0,0,0,6,49,2,2,4,0,0,0,1,2,3,1,2,4,0,1,27,8,3.037037037037037,0,1,0.02040816326530612,2,0.08163265306122448,0,1.9459101490553132,2.449489742783178,4.0,0.16326530612244897,12,8.0,745
adjust,5,2,3.8333333333333335,23,6,0,0,0,0,0,0,1,1,0,0,0,1,28,106,2,4,3,2,0,0,4,57,3,2,2,5,0,1,71,12,3.492957746478873,1,2,0.018867924528301886,57,0.0,2,3.1780538303479458,4.795831523312719,218.5,0.0,1311,0.0,3351
admodel_neuron,1,1,1.0,1,0,0,0,0,1,0,0,0,1,5,0,0,0,0,104,0,4,0,0,0,0,29,0,18,8,2,0,0,1,45,29,3.8222222222222224,2,1,0.009615384615384616,0,0.04807692307692308,0,0.6931471805599453,1.0,0.0,0.0,0,5.0,3150
admodel_neuronstate,8,8,8.0,16,2,0,0,2,0,2,2,1,1,2,4,0,3,14,91,2,6,8,0,0,1,13,3,9,4,2,9,0,1,39,14,4.102564102564102,2,6,0.06593406593406594,3,0.06593406593406594,1,2.833213344056216,4.0,24.0,0.19780219780219782,48,16.0,2711
adress_generator,32,32,32.0,96,3,3,0,0,0,2,0,1,1,0,0,0,0,3,20,2,0,1,0,0,1,0,2,3,1,2,2,0,1,20,5,1.8,0,4,0.2,2,0.0,1,4.574710978503383,9.797958971132712,64.0,0.0,192,0.0,386
ads7883,12,2,8.2,41,5,0,0,0,0,2,0,0,1,0,0,0,0,17,45,1,1,6,0,0,0,3,7,3,4,2,6,0,1,33,8,3.242424242424242,0,3,0.06666666666666667,7,0.0,0,3.7376696182833684,6.4031242374328485,57.39999999999999,0.0,287,0.0,837
adv7513_controller,16,4,10.0,90,9,0,3,0,0,56,2,1,0,74,2,0,13,96,130,3,3,8,0,0,5,5,7,5,9,2,13,0,1,76,36,4.723684210526316,5,59,0.45384615384615384,7,0.5846153846153846,5,4.51085950651685,9.486832980505138,70.0,4.092307692307693,630,740.0,4489
ad_3w_spi,1,1,1.0,1,0,0,0,0,1,1,1,0,1,2,0,0,0,12,108,2,5,4,0,0,2,2,3,3,2,2,6,0,1,37,8,2.945945945945946,0,3,0.027777777777777776,3,0.018518518518518517,2,0.6931471805599453,1.0,3.0,0.05555555555555555,3,2.0,1345
ad_addsub,1,1,1.0,1,0,0,0,0,1,2,9,0,1,0,0,0,0,15,116,4,0,5,0,0,0,0,10,4,1,2,5,0,1,34,14,4.088235294117647,3,12,0.10344827586206896,10,0.0,0,0.6931471805599453,1.0,10.0,0.0,10,0.0,1499
ad_adl5904_rst,1,1,1.0,1,0,0,0,0,1,0,0,0,1,4,0,0,0,6,79,1,4,2,0,0,0,3,4,2,1,2,2,0,1,28,5,2.5,0,1,0.012658227848101266,4,0.05063291139240506,0,0.6931471805599453,1.0,4.0,0.20253164556962025,4,4.0,1061
ad_axis_inf_rx,1,1,1.0,1,0,0,0,0,1,2,11,0,1,16,1,0,0,51,194,3,1,13,2,0,0,1,23,6,3,2,15,0,1,61,26,5.819672131147541,9,14,0.07216494845360824,23,0.08762886597938144,2,0.6931471805599453,1.0,23.0,2.015463917525773,23,16.0,3933
ad_bus_mux,1,1,1.0,1,0,0,0,0,1,0,3,0,1,0,0,0,0,3,62,0,3,0,0,0,3,0,0,7,3,2,3,0,1,19,7,2.3157894736842106,0,4,0.06451612903225806,0,0.0,3,0.6931471805599453,1.0,0.0,0.0,0,0.0,728
ad_csc,9,3,7.75,62,8,0,0,4,0,4,12,3,1,0,0,0,0,18,147,4,7,3,0,0,0,3,14,7,2,2,3,0,1,57,15,3.6315789473684212,2,20,0.1360544217687075,14,0.0,0,4.143134726391533,7.874007874011811,108.5,0.0,868,0.0,2455
ad_datafmt,1,1,1.0,1,0,0,0,0,1,0,11,6,1,3,0,2,0,4,110,1,10,2,0,0,0,4,2,6,2,2,2,0,1,36,10,3.138888888888889,0,18,0.16363636363636364,6,0.045454545454545456,0,0.6931471805599453,1.0,2.0,0.2727272727272727,6,5.0,1525
ad_dds_cordic_pipe,1,1,1.0,1,0,0,0,0,1,6,13,16,1,0,0,3,0,5,101,2,3,7,0,0,0,3,4,7,4,2,7,0,1,38,13,3.210526315789474,1,36,0.3564356435643564,10,0.0297029702970297,0,0.6931471805599453,1.0,4.0,0.297029702970297,10,3.0,1598
ad_mem,1,1,1.0,1,0,0,0,0,1,0,6,4,1,0,0,0,0,4,72,2,0,2,0,0,0,0,2,7,1,2,2,0,1,26,7,2.3076923076923075,0,11,0.1527777777777778,2,0.0,0,0.6931471805599453,1.0,2.0,0.0,2,0.0,805
ad_model,1,1,1.0,1,0,0,0,0,1,8,7,3,1,77,4,0,2,24,126,3,0,21,2,0,0,17,5,17,4,2,23,0,1,45,31,6.155555555555556,10,19,0.15079365079365079,5,0.6428571428571429,2,0.6931471805599453,1.0,5.0,3.2142857142857144,5,77.0,4650
ad_pngen,1,1,1.0,1,0,0,0,0,1,7,17,0,1,2,0,2,0,8,107,2,8,3,0,2,2,5,2,5,1,2,5,0,1,45,12,3.6444444444444444,2,25,0.2336448598130841,6,0.037383177570093455,2,0.6931471805599453,1.0,2.0,0.22429906542056072,6,4.0,1680
ad_pnmon,1,1,1.0,1,0,0,0,0,1,1,4,0,1,6,2,1,0,14,123,1,8,3,0,0,2,6,7,5,2,2,5,0,1,45,8,3.1777777777777776,0,6,0.04878048780487805,9,0.07317073170731707,2,0.6931471805599453,1.0,7.0,0.6585365853658536,9,7.0,2343
ad_pps_receiver,32,2,20.0,100,5,3,0,0,0,1,0,0,1,3,0,1,0,31,131,5,2,9,0,0,0,2,10,6,3,2,9,0,1,35,18,5.457142857142857,4,2,0.015267175572519083,12,0.030534351145038167,0,4.61512051684126,10.0,200.0,0.366412213740458,1200,80.0,2263
ad_ss_422to444,8,8,8.0,80,10,0,0,10,0,1,3,0,1,2,0,0,0,20,139,4,2,4,0,0,0,2,10,4,2,2,4,0,1,39,10,3.6153846153846154,0,5,0.03597122302158273,10,0.014388489208633094,0,4.394449154672439,8.94427190999916,80.0,0.14388489208633093,800,16.0,1928
ad_ss_444to422,24,8,12.8,192,15,0,1,10,0,4,3,0,1,0,0,0,0,23,135,3,2,6,0,0,0,2,14,4,2,2,6,0,1,43,21,4.093023255813954,4,8,0.05925925925925926,14,0.0,0,5.262690188904886,13.856406460551018,179.20000000000002,0.0,2688,0.0,2205
ad_sysref_gen,1,1,1.0,1,0,0,0,0,1,1,1,0,2,0,0,0,0,9,86,3,0,3,0,0,1,0,5,2,1,2,4,0,1,27,8,2.814814814814815,0,4,0.046511627906976744,5,0.0,1,0.6931471805599453,1.0,5.0,0.0,5,0.0,955
ad_xcvr_rx_if,1,1,1.0,1,0,0,0,0,1,4,11,6,1,0,2,0,0,8,103,2,2,3,0,2,0,1,5,3,2,2,3,0,1,36,11,3.0555555555555554,1,22,0.21359223300970873,5,0.019417475728155338,0,0.6931471805599453,1.0,5.0,0.09708737864077668,5,0.0,1208
aes_circuit,128,2,79.33333333333333,1190,15,5,0,0,0,2,0,2,1,0,0,0,0,10,115,3,1,9,4,0,0,3,7,8,2,2,13,0,1,69,19,3.753623188405797,2,5,0.043478260869565216,7,0.0,4,7.0825485693553,34.49637662132068,555.3333333333333,0.0,8330,0.0,3424
aes_inv_sbox,256,8,32.666666666666664,392,12,2,0,9,0,0,0,0,0,0,0,0,0,0,326,0,260,0,0,0,0,4,0,1,1,2,0,0,1,267,261,3.943820224719101,2,0,0.0,0,0.0,0,5.973809611869261,19.79898987322333,0.0,0.0,0,0.0,9214
aes_key_mem,128,3,50.35897435897436,1964,39,14,0,5,0,2,0,5,0,1,0,12,0,18,380,6,3,17,2,1,0,11,69,7,3,2,19,0,1,102,33,4.598039215686274,8,7,0.018421052631578946,93,0.034210526315789476,2,7.583247524303362,44.31703961232068,3474.7692307692305,3.181578947368421,182652,654.6666666666666,6854
aes_rcon,32,4,18.0,108,6,3,0,0,0,1,0,0,1,0,0,0,0,4,57,2,1,2,2,0,0,1,2,3,1,2,4,0,1,46,13,1.8478260869565217,1,2,0.03508771929824561,2,0.0,2,4.6913478822291435,10.392304845413264,36.0,0.0,216,0.0,810
aes_sbox,8,8,8.0,24,3,0,0,3,0,0,0,0,0,0,0,0,0,0,269,1,0,0,2,0,0,0,1,1,1,2,2,0,1,267,259,2.9363295880149813,1,0,0.0,1,0.0,2,3.2188758248682006,4.898979485566356,8.0,0.0,24,0.0,5495
afifo,2,2,2.0,4,2,0,0,0,0,2,24,0,1,2,0,2,1,13,142,3,7,4,0,1,0,7,7,11,6,4,4,0,1,65,21,3.769230769230769,2,27,0.19014084507042253,11,0.028169014084507043,0,1.6094379124341003,2.0,14.0,0.3098591549295775,44,8.0,3844
agnus_audiodma,20,2,10.421052631578947,198,19,0,0,8,0,1,7,4,0,6,0,1,0,3,158,7,6,6,8,0,1,13,23,7,3,2,15,0,1,54,13,3.8518518518518516,2,12,0.0759493670886076,25,0.04430379746835443,9,5.293304824724492,14.071247279470288,239.68421052631578,1.1075949367088607,4950,72.94736842105263,2635
agnus_beamcounter,16,3,9.194805194805195,708,77,0,7,48,0,12,7,1,0,48,18,0,2,99,445,20,22,56,2,0,21,29,109,10,15,2,79,0,1,150,56,5.553333333333334,22,20,0.0449438202247191,109,0.14831460674157304,23,6.5638555265321274,26.60826939130014,1002.2337662337662,16.166292134831462,77172,441.35064935064935,8987
agnus_bitplanedma,20,2,8.024793388429751,971,121,0,1,42,0,6,6,3,0,108,36,2,0,79,473,28,17,75,2,0,19,31,55,13,3,2,96,0,1,128,73,6.953125,22,15,0.03171247357293869,59,0.3086680761099366,21,6.879355804460439,31.160872901765767,441.3636363636363,18.211416490486258,57289,882.7272727272726,10285
agnus_blitter,20,2,10.911111111111111,1964,180,0,64,56,0,1,4,3,0,135,46,0,0,118,954,38,25,150,4,0,17,30,75,9,8,2,171,0,1,189,131,8.412698412698413,38,8,0.008385744234800839,75,0.18972746331236898,21,7.583247524303362,44.31703961232068,818.3333333333334,14.229559748427674,147300,1473.0,16399
agnus_blitter_adrgen,20,2,10.020833333333334,481,48,0,1,17,0,2,2,2,0,10,16,0,0,12,128,5,9,10,0,0,4,7,18,13,2,2,14,0,1,75,16,3.1866666666666665,3,6,0.046875,18,0.203125,4,6.1779441140506,21.93171219946131,180.375,3.65625,8658,100.20833333333334,2712
agnus_blitter_barrelshifter,36,4,17.285714285714285,242,14,0,9,0,0,0,0,2,0,0,2,0,0,0,67,1,3,47,2,0,1,2,1,4,1,2,50,0,1,70,35,2.0,1,2,0.029850746268656716,1,0.029850746268656716,3,5.493061443340548,15.556349186104045,17.285714285714285,0.029850746268656716,242,0.0,1686
agnus_blitter_fill,16,16,16.0,160,10,0,10,0,0,1,1,0,0,0,1,2,0,1,43,3,1,5,0,1,0,0,2,4,2,2,5,0,1,21,9,3.142857142857143,0,2,0.046511627906976744,6,0.06976744186046512,0,5.081404364984463,12.649110640673518,32.0,0.41860465116279066,960,32.0,510
agnus_blitter_minterm,16,8,15.384615384615385,200,13,0,12,1,0,0,1,0,0,24,7,0,0,1,49,1,1,0,0,1,0,0,8,4,1,2,0,0,1,27,37,4.7407407407407405,1,1,0.02040816326530612,8,0.6326530612244898,0,5.303304908059076,14.142135623730951,123.07692307692308,5.061224489795919,1600,369.2307692307692,839
agnus_diskdma,20,5,11.136363636363637,245,22,0,1,10,0,1,0,1,0,6,5,0,0,4,82,3,4,4,2,0,2,1,7,9,4,2,8,0,1,48,10,2.5208333333333335,0,2,0.024390243902439025,7,0.13414634146341464,4,5.5053315359323625,15.652475842498529,77.95454545454545,0.9390243902439025,1715,66.81818181818181,1309
agu,1,1,1.0,1,0,0,0,0,1,1,5,0,0,0,0,0,0,0,21,0,1,2,0,0,0,0,0,2,1,2,2,0,1,16,3,1.5,0,6,0.2857142857142857,0,0.0,0,0.6931471805599453,1.0,0.0,0.0,0,0.0,285
ahb,32,2,14.425,2308,160,64,0,0,0,0,0,0,0,52,18,0,0,20,374,2,43,1,2,0,0,65,8,22,32,2,3,0,1,116,65,5.568965517241379,8,0,0.0,8,0.18716577540106952,2,7.744569809354496,48.041648597857254,115.4,1.4973262032085561,18464,750.1,10017
ahb2apb,32,2,27.52,1376,50,41,3,0,0,0,0,0,1,73,18,0,0,129,709,3,89,139,0,0,16,23,21,41,23,2,155,0,1,172,89,6.825581395348837,19,1,0.0014104372355430183,21,0.12834978843441466,16,7.227662498728654,37.094473981982816,577.92,2.695345557122708,28896,2008.96,15032
ahbslave,32,2,17.166666666666668,103,6,3,0,0,0,0,0,2,0,14,2,0,0,24,40,3,2,5,0,0,0,0,10,3,5,2,5,0,1,41,10,2.7560975609756095,0,2,0.05,10,0.4,0,4.6443908991413725,10.14889156509222,171.66666666666669,4.0,1030,240.33333333333334,1065
ahb_arbiter,2,2,2.0,8,4,0,0,0,0,0,0,2,0,0,1,0,0,13,142,5,0,6,4,0,0,0,10,4,4,2,10,0,1,45,21,4.466666666666667,2,2,0.014084507042253521,10,0.007042253521126761,4,2.1972245773362196,2.8284271247461903,20.0,0.07042253521126761,80,0.0,3117
ahb_controller,64,2,24.571428571428573,344,14,2,0,0,0,13,3,1,0,66,12,0,0,363,775,8,15,79,4,7,2,5,192,21,19,2,85,0,1,99,193,12.969696969696969,36,17,0.02193548387096774,192,0.10064516129032258,6,5.84354441703136,18.547236990991408,4717.714285714286,19.323870967741936,66048,1621.7142857142858,26689
ahb_fifo_counter,32,32,32.0,320,10,10,0,0,0,0,1,0,0,2,0,0,0,7,67,2,2,5,0,0,0,6,2,4,1,2,5,0,1,27,7,3.3703703703703702,0,1,0.014925373134328358,2,0.029850746268656716,0,5.771441123130016,17.88854381999832,64.0,0.05970149253731343,640,64.0,1116
ahb_fifo_entry,55,55,55.0,495,9,0,0,0,0,0,0,0,0,0,0,0,0,3,46,1,0,3,0,0,0,4,1,4,1,2,3,0,1,21,7,2.2857142857142856,0,0,0.0,1,0.0,0,6.206575926724928,22.24859546128699,55.0,0.0,495,0.0,623
ahb_fsmcontrol,32,2,20.333333333333332,305,15,9,0,0,0,0,0,1,1,14,4,0,0,87,183,5,1,9,4,0,6,1,13,12,8,2,19,0,1,66,21,5.666666666666667,8,2,0.01092896174863388,13,0.09836065573770492,10,5.723585101952381,17.46424919657298,264.3333333333333,1.278688524590164,3965,284.66666666666663,6742
ahb_lite_mux,32,2,12.606060606060606,416,33,11,0,0,0,0,0,2,0,26,2,0,0,28,287,6,0,16,0,0,0,16,30,20,13,2,16,0,1,85,30,7.152941176470589,14,2,0.006968641114982578,30,0.0975609756097561,0,6.0330862217988015,20.396078054371138,378.1818181818182,2.926829268292683,12480,327.75757575757575,8093
ahb_master_wrap,32,2,16.0,176,11,5,0,0,0,0,0,2,1,2,0,0,0,9,129,3,0,4,2,0,6,0,9,12,7,2,12,0,1,79,18,2.721518987341772,3,3,0.023255813953488372,9,0.015503875968992248,8,5.176149732573829,13.2664991614216,144.0,0.13953488372093023,1584,32.0,2444
ahb_mux_m2s,32,32,32.0,192,6,6,0,0,0,0,0,1,1,0,0,0,0,0,67,1,0,0,4,0,0,0,4,12,4,2,4,0,1,34,12,2.735294117647059,1,2,0.029850746268656716,4,0.0,4,5.262690188904886,13.856406460551018,128.0,0.0,768,0.0,1394
ahb_slave,32,2,21.142857142857142,444,21,13,0,0,0,2,1,1,0,34,6,0,0,28,161,2,12,19,2,0,3,28,3,15,12,2,24,0,1,89,28,4.47191011235955,11,4,0.024844720496894408,3,0.2484472049689441,5,6.09807428216624,21.071307505705477,63.42857142857143,0.7453416149068323,1332,718.8571428571429,3848
ahb_slave_if,32,2,11.0,352,32,6,2,8,0,0,0,0,1,6,6,0,0,20,198,1,12,4,2,0,0,6,10,18,9,2,6,0,1,77,18,2.9740259740259742,3,1,0.005050505050505051,10,0.06060606060606061,2,5.8664680569332965,18.76166303929372,110.0,0.6060606060606061,3520,66.0,3661
ahb_slave_interface,32,2,17.166666666666668,103,6,3,0,0,0,0,0,0,1,20,2,0,0,20,109,5,2,7,0,0,0,0,8,4,6,2,7,0,1,42,13,3.761904761904762,2,1,0.009174311926605505,8,0.2018348623853211,0,4.6443908991413725,10.14889156509222,137.33333333333334,1.614678899082569,824,343.33333333333337,1522
ai_accel,32,10,24.666666666666668,74,3,2,0,0,0,1,5,4,4,0,0,0,0,0,59,0,0,0,0,0,0,3,0,6,6,2,0,0,1,48,14,3.2708333333333335,3,14,0.23728813559322035,0,0.0,0,4.31748811353631,8.602325267042627,0.0,0.0,0,0.0,1439
alais,40,2,16.25,520,32,0,0,0,0,11,3,0,0,12,6,0,0,49,351,20,0,21,14,0,0,0,46,9,7,2,35,0,1,81,27,6.654320987654321,16,14,0.039886039886039885,46,0.05128205128205128,14,6.255750041753367,22.80350850198276,747.5,2.358974358974359,23920,195.0,5709
alarm,21,6,16.0,48,3,0,0,0,0,1,1,0,0,0,0,0,0,5,22,1,0,2,0,0,0,0,2,3,1,2,2,0,1,17,6,2.411764705882353,0,2,0.09090909090909091,2,0.0,0,3.8918202981106265,6.928203230275509,32.0,0.0,96,0.0,468
alaw_coder,13,2,5.157894736842105,98,19,0,0,1,0,0,0,0,0,0,0,0,0,8,44,1,1,8,0,0,0,0,1,22,15,2,8,0,1,30,21,3.2,2,0,0.0,1,0.0,0,4.59511985013459,9.899494936611665,5.157894736842105,0.0,98,0.0,1163
alaw_decoder,13,3,7.333333333333333,44,6,0,0,1,0,0,0,0,0,0,0,0,0,0,28,1,1,0,2,0,0,0,2,7,15,2,2,0,1,37,11,1.9189189189189189,2,0,0.0,2,0.0,2,3.8066624897703196,6.6332495807108,14.666666666666666,0.0,88,0.0,863
alaw_to_pcm,16,2,5.409090909090909,238,44,0,2,3,0,0,0,1,1,0,0,1,0,9,80,1,2,9,0,0,1,1,1,1,1,2,10,0,1,35,30,3.6,2,2,0.025,3,0.0125,1,5.476463551931511,15.427248620541512,5.409090909090909,0.037500000000000006,714,5.409090909090909,1374
alignment,53,8,25.0,600,24,0,0,3,0,0,0,4,0,0,1,0,1,9,177,4,0,20,0,0,0,8,14,8,3,2,20,0,1,36,24,5.583333333333333,3,4,0.022598870056497175,14,0.005649717514124294,0,6.398594934535208,24.49489742783178,350.0,0.0790960451977401,8400,0.0,2121
all,1,1,1.0,1,0,0,0,0,1,0,0,0,0,0,0,0,0,0,10,0,0,0,0,0,0,0,0,0,0,0,0,0,1,1,10,10.0,0,0,0.0,0,0.0,0,0.6931471805599453,1.0,0.0,0.0,0,0.0,99
alp2hex,7,5,6.333333333333333,19,3,0,0,0,0,0,0,1,0,0,0,0,0,28,40,1,1,0,2,0,0,0,1,1,1,2,2,0,1,39,30,1.8974358974358974,1,1,0.025,1,0.0,2,2.995732273553991,4.358898943540674,6.333333333333333,0.0,19,0.0,674
alpha_sram,1,1,1.0,1,0,0,0,0,1,14,0,0,1,0,0,0,0,28,73,1,0,2,0,0,0,0,3,3,2,2,2,0,1,49,25,3.163265306122449,2,15,0.2054794520547945,3,0.0,0,0.6931471805599453,1.0,3.0,0.0,3,0.0,1856
altera_avalon_mm_bridge,1,1,1.0,1,0,0,0,0,1,0,26,3,2,2,2,0,0,41,301,6,15,10,0,0,0,3,64,13,11,2,10,0,1,82,26,5.048780487804878,6,31,0.10299003322259136,64,0.013289036544850499,0,0.6931471805599453,1.0,64.0,0.8504983388704319,64,2.0,8313
altera_avalon_packets_to_master,32,2,14.144927536231885,976,69,9,0,35,0,11,5,3,1,11,12,0,9,404,1241,6,10,215,20,0,5,46,46,50,43,14,240,0,1,166,131,12.259036144578314,54,20,0.016116035455278,46,0.018533440773569703,25,6.884486652042782,31.240998703626616,650.6666666666667,0.8525382755842064,44896,155.59420289855072,44508
altera_avalon_sc_fifo,32,16,26.166666666666668,471,18,5,1,0,0,19,50,7,1,63,13,3,1,160,916,25,59,150,0,18,14,26,32,15,11,2,164,0,1,171,122,9.023391812865498,34,77,0.08406113537117904,38,0.08624454148471616,14,6.156978985585555,21.702534414210707,837.3333333333334,3.2772925764192142,17898,1727.0,24698
altera_avalon_st_bytes_to_packets,8,7,7.6,38,5,0,0,3,0,0,3,2,1,45,18,1,1,42,211,7,6,38,0,0,1,2,7,5,6,2,39,0,1,48,41,8.291666666666666,12,6,0.02843601895734597,9,0.3033175355450237,1,3.6635616461296463,6.164414002968976,53.199999999999996,2.7298578199052135,342,349.59999999999997,5663
altera_avalon_st_idle_inserter,8,8,8.0,16,2,0,0,2,0,0,0,1,1,5,4,1,0,5,73,2,2,3,0,0,3,1,4,5,3,2,6,0,1,32,7,2.8125,0,2,0.0273972602739726,6,0.136986301369863,3,2.833213344056216,4.0,32.0,0.821917808219178,96,48.0,1272
altera_avalon_st_idle_remover,8,8,8.0,16,2,0,0,2,0,0,0,1,1,4,1,1,0,5,71,2,2,4,0,0,1,1,4,5,3,2,5,0,1,31,7,2.7096774193548385,0,2,0.028169014084507043,6,0.08450704225352113,1,2.833213344056216,4.0,32.0,0.5070422535211268,96,40.0,1138
altera_avalon_st_pipeline_base,1,1,1.0,1,0,0,0,0,1,0,4,1,1,7,3,0,0,16,140,3,4,15,0,0,0,0,4,5,3,2,15,0,1,39,20,5.076923076923077,4,6,0.04285714285714286,4,0.07142857142857142,0,0.6931471805599453,1.0,4.0,0.2857142857142857,4,7.0,3067
altera_edge_detector,2,2,2.0,2,1,0,0,0,0,1,2,1,0,0,2,0,0,12,86,4,4,7,2,1,3,1,8,3,1,2,12,0,1,49,12,3.7551020408163267,2,4,0.046511627906976744,8,0.023255813953488372,5,1.0986122886681098,1.4142135623730951,16.0,0.18604651162790697,16,0.0,2010
altera_reset_controller,1,1,1.0,1,0,0,0,0,1,10,6,5,1,8,32,0,0,48,320,6,4,4,4,0,20,5,6,33,2,2,28,0,1,119,33,3.697478991596639,7,22,0.06875,6,0.125,24,0.6931471805599453,1.0,6.0,0.75,6,8.0,8965
altera_up_audio_bit_counter,1,1,1.0,1,0,0,0,0,1,0,1,0,0,4,1,0,0,14,108,2,1,6,0,0,0,1,2,6,1,2,6,0,1,30,7,2.8333333333333335,0,1,0.009259259259259259,2,0.046296296296296294,0,0.6931471805599453,1.0,2.0,0.09259259259259259,2,4.0,1109
altera_up_character_lcd_communication,1,1,1.0,1,0,0,0,0,1,4,0,1,0,3,2,0,0,47,274,6,1,18,2,0,1,0,14,8,7,2,21,0,1,65,19,5.276923076923077,8,5,0.01824817518248175,14,0.01824817518248175,3,0.6931471805599453,1.0,14.0,0.2554744525547445,14,3.0,4014
altera_up_character_lcd_initialization,1,1,1.0,1,0,0,0,0,1,3,0,2,0,3,0,0,0,32,229,7,2,16,4,0,0,0,7,4,3,2,20,0,1,60,16,4.383333333333334,6,5,0.021834061135371178,7,0.013100436681222707,4,0.6931471805599453,1.0,7.0,0.09170305676855894,7,3.0,3872
altera_up_i2c,8,3,5.375,43,8,0,0,3,0,0,1,1,0,15,5,1,0,57,263,7,4,26,2,0,7,0,7,12,13,2,35,0,1,61,26,6.278688524590164,9,2,0.0076045627376425855,9,0.07984790874524715,9,3.784189633918261,6.557438524302,37.625,0.7186311787072244,387,86.0,5251
altera_up_i2c_av_auto_initialize,26,3,8.75,70,8,0,0,4,0,1,0,2,0,4,0,0,0,107,310,9,3,30,4,0,0,2,9,5,6,2,34,0,1,120,58,4.291666666666667,9,3,0.00967741935483871,9,0.012903225806451613,4,4.2626798770413155,8.366600265340756,78.75,0.11612903225806452,630,35.0,7008
altera_up_i2c_dc_auto_initialize,26,4,8.875,71,8,0,0,4,0,1,0,2,0,4,0,0,0,86,309,9,3,33,4,0,0,2,9,5,6,2,37,0,1,129,33,4.1395348837209305,9,3,0.009708737864077669,9,0.012944983818770227,4,4.276666119016055,8.426149773176359,79.875,0.11650485436893204,639,35.5,7242
altera_up_i2c_lcm_auto_initialize,14,3,6.0,42,7,0,0,1,0,1,0,2,0,2,0,0,0,74,291,10,3,28,4,0,0,2,10,5,7,2,32,0,1,107,28,4.4953271028037385,10,3,0.010309278350515464,10,0.006872852233676976,4,3.7612001156935624,6.48074069840786,60.0,0.06872852233676977,420,12.0,6576
altera_up_ps2_command_out,9,3,5.4,27,5,0,0,1,0,4,0,1,0,10,4,2,0,66,282,9,2,33,2,0,4,0,9,6,2,2,39,0,1,67,33,6.358208955223881,8,5,0.01773049645390071,13,0.05673758865248227,6,3.332204510175204,5.196152422706632,48.6,0.7375886524822695,351,64.80000000000001,6530
altera_up_ps2_data_in,8,3,5.5,33,6,0,0,2,0,1,0,1,0,14,0,0,0,36,177,6,0,22,2,4,0,0,11,7,2,2,24,0,1,43,17,5.4186046511627906,6,2,0.011299435028248588,11,0.07909604519774012,2,3.5263605246161616,5.744562646538029,60.5,0.8700564971751413,363,77.0,3050
altera_up_slow_clock_generator,1,1,1.0,1,0,0,0,0,1,1,4,0,0,8,0,2,0,12,148,6,0,7,0,0,0,0,6,3,5,2,7,0,1,25,13,5.12,2,5,0.033783783783783786,10,0.06756756756756757,0,0.6931471805599453,1.0,6.0,0.6756756756756757,10,10.0,1368
altera_up_video_dma_control_slave,32,4,16.5,264,16,5,3,6,0,0,0,0,0,8,0,0,0,32,189,4,1,17,0,0,0,0,5,8,3,2,17,0,1,46,17,4.586956521739131,2,0,0.0,5,0.042328042328042326,0,5.579729825986222,16.24807680927192,82.5,0.21164021164021163,1320,132.0,2706
altera_up_video_dma_to_memory,1,1,1.0,1,0,0,0,0,1,0,0,0,0,2,1,0,0,4,133,1,5,2,0,0,0,0,2,8,5,2,2,0,1,34,8,2.823529411764706,0,0,0.0,2,0.022556390977443608,0,0.6931471805599453,1.0,2.0,0.045112781954887216,2,2.0,1229
alt_mem_ddrx_buffer,1,1,1.0,1,0,0,0,0,1,2,12,0,1,0,0,0,1,9,125,1,1,2,0,2,0,8,5,8,1,2,2,0,1,42,8,3.0476190476190474,0,15,0.12,5,0.0,0,0.6931471805599453,1.0,5.0,0.0,5,0.0,2132
alt_vipitc130_common_frame_counter,14,13,13.5,108,8,0,0,0,0,3,3,0,0,3,0,0,0,10,85,1,5,7,0,0,0,15,2,9,5,2,7,0,1,48,15,3.5625,1,6,0.07058823529411765,2,0.03529411764705882,0,4.6913478822291435,10.392304845413264,27.0,0.07058823529411765,216,40.5,2249
alt_vipitc130_common_generic_count,1,1,1.0,1,0,0,0,0,1,2,8,0,0,3,4,0,0,9,53,2,6,3,0,0,6,10,2,7,4,2,9,0,1,38,10,3.5526315789473686,0,10,0.18867924528301888,2,0.1320754716981132,6,0.6931471805599453,1.0,2.0,0.2641509433962264,2,3.0,1809
alt_vipitc130_common_sample_counter,1,1,1.0,1,0,0,0,0,1,1,4,0,0,1,0,0,0,6,47,1,7,3,0,0,4,9,1,5,3,2,7,0,1,33,9,3.242424242424242,0,5,0.10638297872340426,1,0.02127659574468085,4,0.6931471805599453,1.0,1.0,0.02127659574468085,1,1.0,1560
alt_vipitc130_common_trigger_sync,1,1,1.0,1,0,0,0,0,1,0,0,0,0,1,1,2,0,6,51,2,2,3,0,0,0,8,11,11,1,2,3,0,1,35,8,2.9714285714285715,0,0,0.0,15,0.0784313725490196,0,0.6931471805599453,1.0,11.0,1.1764705882352942,15,3.0,1380
alt_vipitc130_is2vid_calculate_mode,16,4,15.529411764705882,792,51,0,46,0,0,15,15,0,0,0,0,0,0,0,115,0,31,0,0,0,3,8,0,22,27,2,3,0,1,62,31,3.838709677419355,3,30,0.2608695652173913,0,0.0,3,6.675823221634848,28.142494558940577,0.0,0.0,0,0.0,3691
alt_vipitc130_is2vid_statemachine,4,4,4.0,96,24,0,0,0,0,0,0,8,0,9,3,0,0,13,231,2,2,31,8,0,0,13,2,11,2,2,39,0,1,68,58,6.294117647058823,10,8,0.03463203463203463,2,0.05194805194805195,8,4.574710978503383,9.797958971132712,8.0,0.1038961038961039,192,36.0,6377
alt_vipitc131_common_frame_counter,14,13,13.5,108,8,0,0,0,0,3,3,0,0,3,0,0,0,10,85,1,5,7,0,0,0,15,2,9,5,2,7,0,1,48,15,3.5625,1,6,0.07058823529411765,2,0.03529411764705882,0,4.6913478822291435,10.392304845413264,27.0,0.07058823529411765,216,40.5,2249
alt_vipitc131_common_generic_count,1,1,1.0,1,0,0,0,0,1,2,8,0,0,3,4,0,0,9,53,2,6,3,0,0,6,10,2,7,4,2,9,0,1,38,10,3.5526315789473686,0,10,0.18867924528301888,2,0.1320754716981132,6,0.6931471805599453,1.0,2.0,0.2641509433962264,2,3.0,1809
alt_vipitc131_common_sample_counter,1,1,1.0,1,0,0,0,0,1,1,4,0,0,1,0,0,0,6,47,1,7,3,0,0,4,9,1,5,3,2,7,0,1,33,9,3.242424242424242,0,5,0.10638297872340426,1,0.02127659574468085,4,0.6931471805599453,1.0,1.0,0.02127659574468085,1,1.0,1560
alt_vipitc131_is2vid_calculate_mode,16,4,15.529411764705882,792,51,0,46,0,0,15,15,0,0,0,0,0,0,0,115,0,31,0,0,0,3,8,0,22,27,2,3,0,1,62,31,3.838709677419355,3,30,0.2608695652173913,0,0.0,3,6.675823221634848,28.142494558940577,0.0,0.0,0,0.0,3691
alt_vipitc131_is2vid_control,16,2,10.454545454545455,115,11,0,6,1,0,0,5,0,0,17,5,1,0,26,129,1,22,4,0,0,6,26,49,13,16,2,10,0,1,64,26,4.546875,4,5,0.03875968992248062,51,0.17829457364341086,6,4.7535901911063645,10.723805294763608,512.2727272727273,9.093023255813954,5865,188.1818181818182,4954
alt_vipitc131_is2vid_statemachine,4,4,4.0,96,24,0,0,0,0,0,0,8,0,9,3,0,0,13,231,2,2,31,8,0,0,13,2,11,2,2,39,0,1,68,58,6.294117647058823,10,8,0.03463203463203463,2,0.05194805194805195,8,4.574710978503383,9.797958971132712,8.0,0.1038961038961039,192,36.0,6377
alt_vipvfr130_common_avalon_mm_slave,1,1,1.0,1,0,0,0,0,1,5,24,3,0,11,2,0,0,26,109,3,5,9,2,2,2,14,27,11,5,2,13,0,1,58,18,4.913793103448276,8,32,0.29357798165137616,27,0.11926605504587157,4,0.6931471805599453,1.0,27.0,3.220183486238532,27,11.0,3870
alt_vipvfr130_common_stream_output,1,1,1.0,1,0,0,0,0,1,0,2,0,0,10,3,0,0,18,87,2,8,4,0,0,1,16,23,8,7,2,5,0,1,43,16,4.209302325581396,1,2,0.022988505747126436,23,0.14942528735632185,1,0.6931471805599453,1.0,23.0,3.4367816091954024,23,10.0,2281
alt_vipvfr131_common_avalon_mm_slave,1,1,1.0,1,0,0,0,0,1,5,24,3,0,11,2,0,0,26,109,3,5,9,2,2,2,14,27,11,5,2,13,0,1,58,18,4.913793103448276,8,32,0.29357798165137616,27,0.11926605504587157,4,0.6931471805599453,1.0,27.0,3.220183486238532,27,11.0,3870
alt_vipvfr131_common_stream_output,1,1,1.0,1,0,0,0,0,1,0,2,0,0,10,3,0,0,18,87,2,8,4,0,0,1,16,23,8,7,2,5,0,1,43,16,4.209302325581396,1,2,0.022988505747126436,23,0.14942528735632185,1,0.6931471805599453,1.0,23.0,3.4367816091954024,23,10.0,2281
alt_vipvfr131_prc_core,4,2,3.0,6,2,0,0,0,0,3,15,5,0,13,1,0,0,66,342,2,7,21,2,1,5,1,29,17,22,2,28,0,1,70,31,6.057142857142857,8,23,0.06725146198830409,29,0.04093567251461988,7,1.9459101490553132,2.449489742783178,87.0,1.1871345029239766,174,39.0,5593
alt_vipvfr131_vfr_controller,3,3,3.0,24,8,0,0,0,0,0,17,0,0,0,0,0,0,57,229,1,0,6,2,0,0,0,11,17,9,2,8,0,1,73,18,4.232876712328767,7,17,0.07423580786026202,11,0.0,2,3.2188758248682006,4.898979485566356,33.0,0.0,264,0.0,6024
alu,3,3,3.0,3,1,0,0,0,0,1,4,1,0,1,1,0,0,2,26,1,1,0,2,0,1,0,1,3,2,2,3,0,1,26,8,2.1153846153846154,0,6,0.23076923076923078,1,0.07692307692307693,3,1.3862943611198906,1.7320508075688772,3.0,0.07692307692307693,3,3.0,551
alu1,16,3,12.75,51,4,0,3,0,0,5,1,2,0,3,0,0,1,24,132,2,1,15,2,0,0,0,12,3,2,2,17,0,1,35,12,3.342857142857143,1,8,0.06060606060606061,12,0.022727272727272728,2,3.9512437185814275,7.14142842854285,153.0,0.2727272727272727,612,38.25,1217
alu16bit,16,3,5.533333333333333,83,15,0,2,0,0,0,0,0,0,4,2,1,0,0,16,0,4,0,0,0,0,8,0,1,2,2,0,0,1,27,11,3.2962962962962963,1,0,0.0,2,0.4375,0,4.430816798843313,9.1104335791443,0.0,0.875,166,27.666666666666664,681
alu2,16,2,11.0,55,5,0,3,0,0,3,3,1,0,1,15,1,4,42,52,1,0,12,0,0,0,4,2,4,2,2,12,0,1,38,20,3.4210526315789473,6,7,0.1346153846153846,4,0.3269230769230769,0,4.02535169073515,7.416198487095663,22.0,1.3076923076923077,220,22.0,879
alu3,5,4,4.25,17,4,0,0,0,0,7,6,0,0,2,2,2,0,3,61,1,0,0,2,0,3,0,3,3,2,2,5,0,1,35,21,3.914285714285714,3,13,0.21311475409836064,7,0.09836065573770492,5,2.8903717578961645,4.123105625617661,12.75,0.6885245901639344,119,17.0,1473
alu32,32,4,18.375,147,8,4,0,0,0,2,1,1,0,2,1,1,3,12,33,1,2,0,2,0,5,4,1,3,1,2,7,0,1,37,16,2.4594594594594597,3,4,0.12121212121212122,3,0.12121212121212122,7,4.997212273764115,12.12435565298214,18.375,0.36363636363636365,441,55.125,878
alu32bit,32,5,23.25,186,8,4,1,0,0,12,4,0,1,2,3,0,2,12,205,1,0,7,4,1,0,0,4,4,2,2,11,0,1,61,39,4.459016393442623,7,17,0.08292682926829269,4,0.024390243902439025,4,5.231108616854587,13.638181696985855,93.0,0.0975609756097561,744,46.5,3461
alu3b,4,2,3.0,12,4,0,0,0,0,1,2,1,0,1,0,1,0,0,16,1,0,0,2,0,0,0,1,3,1,2,2,0,1,20,6,2.4,0,4,0.25,3,0.125,2,2.5649493574615367,3.4641016151377544,3.0,0.375,36,6.0,461
alu8_1,32,3,10.833333333333334,65,6,1,0,3,0,20,42,1,0,0,0,0,0,4,116,1,0,24,0,0,0,8,18,4,3,2,24,0,1,58,18,3.603448275862069,3,63,0.5431034482758621,18,0.0,0,4.189654742026425,8.06225774829855,195.0,0.0,1170,0.0,2516
alubasic,8,4,5.08,127,25,0,0,6,0,4,4,0,1,1,2,3,0,18,75,0,7,0,0,0,18,6,0,7,2,2,18,0,1,59,17,2.9491525423728815,4,9,0.12,6,0.08,18,4.852030263919617,11.269427669584644,0.0,0.48,762,20.32,2434
alucont,3,3,3.0,6,2,0,0,0,0,0,0,0,0,7,4,0,0,0,20,1,0,9,0,0,0,0,1,1,1,2,9,0,1,24,11,3.4166666666666665,1,0,0.0,1,0.55,0,1.9459101490553132,2.449489742783178,3.0,0.55,6,21.0,450
alucontrol,11,2,6.75,27,4,0,0,0,0,0,0,0,1,0,1,0,0,5,34,1,0,4,2,0,0,0,1,2,1,2,6,0,1,37,9,2.0,0,1,0.029411764705882353,1,0.029411764705882353,2,3.332204510175204,5.196152422706632,6.75,0.029411764705882353,27,0.0,770
alucontrolunit,7,2,4.0,16,4,0,0,0,0,0,0,0,1,25,0,0,0,43,115,1,0,18,0,0,0,0,1,3,1,2,18,0,1,39,20,5.435897435897436,8,1,0.008695652173913044,1,0.21739130434782608,0,2.833213344056216,4.0,4.0,0.21739130434782608,16,100.0,1964
aluctl,7,3,5.666666666666667,17,3,0,0,0,0,0,3,0,0,0,0,0,0,11,43,1,1,0,2,0,0,1,1,1,1,2,2,0,1,55,13,1.4,1,3,0.06976744186046512,1,0.0,2,2.8903717578961645,4.123105625617661,5.666666666666667,0.0,17,0.0,804
alucu,5,2,3.3333333333333335,10,3,0,0,0,0,0,0,1,0,106,9,0,0,82,102,1,0,20,0,0,0,0,1,4,1,2,20,0,1,58,30,5.275862068965517,11,1,0.00980392156862745,1,1.1274509803921569,0,2.3978952727983707,3.1622776601683795,3.3333333333333335,1.1274509803921569,10,353.33333333333337,2832
aludec,3,2,2.6666666666666665,8,3,0,0,0,0,0,0,1,0,1,0,0,0,0,25,1,1,1,4,0,0,5,1,4,1,2,5,0,1,32,9,1.875,0,1,0.04,1,0.04,4,2.1972245773362196,2.8284271247461903,2.6666666666666665,0.04,8,2.6666666666666665,525
aludecoder,3,2,2.5,10,4,0,0,0,0,0,0,1,0,0,0,0,0,6,35,1,0,0,4,0,1,0,2,4,1,2,5,0,1,31,8,1.935483870967742,0,1,0.02857142857142857,2,0.0,5,2.3978952727983707,3.1622776601683795,5.0,0.0,20,0.0,911
alumux,32,32,32.0,96,3,3,0,0,0,0,0,0,0,0,0,0,0,0,9,0,1,0,0,0,1,0,0,3,1,2,1,0,1,10,3,2.0,0,0,0.0,0,0.0,1,4.574710978503383,9.797958971132712,0.0,0.0,0,0.0,209
alumux2,1,1,1.0,1,0,0,0,0,1,0,2,0,0,0,0,0,0,1,9,0,1,0,0,0,1,0,0,2,1,2,1,0,1,13,3,1.8461538461538463,0,2,0.2222222222222222,0,0.0,1,0.6931471805599453,1.0,0.0,0.0,0,0.0,212
aluproj,16,2,15.318181818181818,337,22,0,20,0,0,0,0,0,0,3,2,3,0,15,207,4,0,3,0,0,0,6,5,15,12,16,3,0,1,112,92,5.241071428571429,12,0,0.0,11,0.03864734299516908,0,5.823045895483019,18.35755975068582,76.5909090909091,0.4251207729468599,3707,91.9090909090909,4064
alurs,2,2,2.0,4,2,0,0,0,0,2,15,2,0,16,2,1,3,67,297,4,10,9,0,2,7,65,24,51,18,6,16,0,1,118,65,6.322033898305085,14,19,0.06397306397306397,26,0.06397306397306397,7,1.6094379124341003,2.0,48.0,1.6632996632996633,104,34.0,9096
alusrc_mux,64,64,64.0,128,2,0,0,0,0,0,0,0,1,0,0,0,0,0,33,0,1,0,0,0,2,0,0,2,1,2,2,0,1,13,3,2.0,0,1,0.030303030303030304,0,0.0,2,4.859812404361672,11.313708498984761,0.0,0.0,0,0.0,298
aluunit,32,3,22.333333333333332,67,3,2,0,0,0,1,1,2,0,1,2,0,0,1,21,1,0,0,2,0,0,2,2,2,2,2,2,0,1,24,9,2.0833333333333335,0,4,0.19047619047619047,2,0.14285714285714285,2,4.219507705176107,8.18535277187245,44.666666666666664,0.2857142857142857,134,22.333333333333332,538
alu_16b,32,4,16.692307692307693,217,13,4,4,0,0,0,0,0,1,0,0,1,1,2,108,1,6,10,2,0,3,26,1,2,2,2,15,0,1,67,13,2.9402985074626864,3,1,0.009259259259259259,3,0.009259259259259259,5,5.384495062789089,14.730919862656235,16.692307692307693,0.027777777777777776,651,16.692307692307693,2425
alu_3,16,6,13.5,54,4,0,3,0,0,1,21,1,0,0,0,0,0,0,104,1,0,14,2,0,0,7,17,3,4,2,16,0,1,57,17,3.017543859649123,1,23,0.22115384615384615,17,0.0,2,4.007333185232471,7.3484692283495345,229.5,0.0,918,0.0,1896
alu_32bit,32,3,24.75,99,4,3,0,0,0,1,1,2,0,1,2,0,0,1,53,1,1,1,2,0,1,4,1,3,2,2,4,0,1,31,12,2.870967741935484,3,4,0.07547169811320754,1,0.05660377358490566,3,4.605170185988092,9.9498743710662,24.75,0.05660377358490566,99,24.75,838
alu_32_bit,32,4,15.7,157,10,4,0,0,0,3,0,3,1,1,1,4,6,19,65,1,7,3,3,0,1,9,1,4,2,2,7,0,1,49,16,3.0,2,7,0.1076923076923077,9,0.09230769230769231,4,5.062595033026967,12.529964086141668,15.7,0.8307692307692308,1413,78.5,1685
alu_64,64,64,64.0,192,3,0,0,0,0,1,1,1,0,1,2,0,0,7,41,1,0,2,4,0,0,0,2,4,2,2,6,0,1,27,7,2.3703703703703702,0,3,0.07317073170731707,2,0.07317073170731707,4,5.262690188904886,13.856406460551018,128.0,0.14634146341463414,384,64.0,984
alu_64_bit,64,4,49.0,196,4,0,0,0,0,1,1,1,0,1,2,0,0,7,32,1,0,6,0,0,0,0,3,3,3,2,6,0,1,22,8,3.272727272727273,0,3,0.09375,3,0.09375,0,5.2832037287379885,14.0,147.0,0.28125,588,49.0,583
alu_7,16,6,13.5,54,4,0,3,0,0,1,21,1,0,0,0,0,0,0,113,1,0,14,2,0,0,7,17,8,4,2,16,0,1,57,17,3.3859649122807016,1,23,0.20353982300884957,17,0.0,2,4.007333185232471,7.3484692283495345,229.5,0.0,918,0.0,2251
alu_8bit,8,2,6.5,26,4,0,0,3,0,0,0,0,0,0,7,1,0,0,29,0,4,0,0,0,0,1,0,5,3,2,0,0,1,33,27,7.363636363636363,6,0,0.0,2,0.27586206896551724,0,3.295836866004329,5.0990195135927845,0.0,0.5517241379310345,52,6.5,1964
alu_add,128,2,11.466216216216216,11879,1036,77,152,784,0,28,28,0,0,28,28,28,0,431,1074,1,0,0,46,0,0,0,613,4,1,2,46,0,1,78,434,20.064102564102566,24,56,0.0521415270018622,669,0.0782122905027933,46,9.382611592916636,108.99082530194916,7028.79054054054,52.324022346368714,7947051,642.1081081081081,23526
alu_adder,16,16,16.0,32,2,0,2,0,0,1,0,0,0,0,0,0,0,0,11,0,1,0,0,0,0,0,0,1,1,2,0,0,1,9,2,1.3333333333333333,0,1,0.09090909090909091,0,0.0,0,3.4965075614664802,5.656854249492381,0.0,0.0,0,0.0,108
alu_add_only,32,32,32.0,64,2,2,0,0,0,1,0,0,0,0,0,0,0,0,10,0,1,0,0,0,0,0,0,1,1,2,0,0,1,9,3,1.6666666666666667,0,1,0.1,0,0.0,0,4.174387269895637,8.0,0.0,0.0,0,0.0,137
alu_beha_1210708,3,3,3.0,3,1,0,0,0,0,4,2,2,3,1,1,1,0,0,19,1,0,0,2,0,0,0,1,2,1,2,2,0,1,26,9,2.076923076923077,0,11,0.5789473684210527,3,0.15789473684210525,2,1.3862943611198906,1.7320508075688772,3.0,0.47368421052631576,9,6.0,450
alu_cntrl,32,2,5.315789473684211,101,19,1,0,0,0,0,0,1,1,16,0,0,0,16,49,1,0,8,0,0,0,0,1,2,1,2,8,0,1,33,11,2.515151515151515,1,2,0.04081632653061224,1,0.32653061224489793,0,4.624972813284271,10.04987562112089,5.315789473684211,0.32653061224489793,101,85.05263157894737,739
alu_control,4,2,3.25,13,4,0,0,0,0,0,0,0,0,0,0,0,0,3,24,0,2,0,0,0,3,1,0,3,1,2,3,0,1,18,5,1.7777777777777777,0,0,0.0,0,0.0,3,2.6390573296152584,3.605551275463989,0.0,0.0,0,0.0,472
alu_controller,4,3,3.6,18,5,0,0,0,0,0,0,0,0,0,0,0,0,5,43,1,0,5,4,0,0,0,1,2,1,2,9,0,1,32,18,2.78125,1,0,0.0,1,0.0,4,2.9444389791664403,4.242640687119285,3.6,0.0,18,0.0,1058
alu_control_unit,4,2,2.75,11,4,0,0,0,0,0,0,1,1,8,4,0,0,30,134,1,0,24,2,0,0,0,3,4,3,2,26,0,1,43,29,4.813953488372093,5,2,0.014925373134328358,3,0.08955223880597014,2,2.4849066497880004,3.3166247903554,8.25,0.26865671641791045,33,22.0,1854
alu_core,10,2,5.666666666666667,51,9,0,0,0,0,1,2,1,1,2,0,0,0,3,105,3,1,14,2,0,0,1,5,5,3,2,16,0,1,43,10,3.0697674418604652,0,5,0.047619047619047616,5,0.01904761904761905,2,3.9512437185814275,7.14142842854285,28.333333333333336,0.09523809523809525,255,11.333333333333334,1546
alu_ctr,6,4,5.0,10,2,0,0,0,0,0,0,1,1,17,8,0,0,6,41,1,0,0,0,0,0,0,3,1,3,2,0,0,1,13,33,4.230769230769231,1,2,0.04878048780487805,3,0.6097560975609756,0,2.3978952727983707,3.1622776601683795,15.0,1.8292682926829267,30,85.0,775
alu_ctrl,7,2,3.142857142857143,66,21,0,0,0,0,0,0,1,0,0,0,0,0,29,73,1,0,26,0,0,3,0,1,3,1,2,29,0,1,35,26,5.314285714285714,4,1,0.0136986301369863,1,0.0,3,4.204692619390966,8.12403840463596,3.142857142857143,0.0,66,0.0,1625
alu_cu,6,2,3.75,15,4,0,0,0,0,0,0,0,1,0,0,0,0,0,22,1,1,0,2,0,0,1,1,2,1,2,2,0,1,37,12,1.5405405405405406,1,1,0.045454545454545456,1,0.0,2,2.772588722239781,3.872983346207417,3.75,0.0,15,0.0,529
alu_decoder,4,2,3.0,9,3,0,0,0,0,0,0,1,1,1,0,0,0,0,55,1,1,2,6,0,0,5,1,4,1,2,8,0,1,49,18,1.9183673469387754,1,2,0.03636363636363636,1,0.01818181818181818,6,2.302585092994046,3.0,3.0,0.01818181818181818,9,3.0,1384
alu_ex,32,5,20.583333333333332,247,12,5,0,0,0,1,1,1,0,1,1,1,6,18,101,1,1,4,2,0,1,1,1,4,2,2,7,0,1,89,30,2.4269662921348316,4,3,0.0297029702970297,3,0.0297029702970297,3,5.5134287461649825,15.716233645501712,20.583333333333332,0.0891089108910891,741,41.166666666666664,3045
alu_ir,32,32,32.0,64,2,2,0,0,0,0,0,0,0,0,0,0,0,2,22,1,0,1,0,0,0,3,1,3,1,2,1,0,1,19,3,1.736842105263158,0,0,0.0,1,0.0,0,4.174387269895637,8.0,32.0,0.0,64,0.0,318
alu_ll,32,2,21.25,170,8,5,0,0,0,0,0,1,0,12,4,0,0,0,51,1,3,1,0,0,0,3,1,3,2,2,1,0,1,44,9,2.1136363636363638,0,1,0.0196078431372549,1,0.3137254901960784,0,5.14166355650266,13.038404810405298,21.25,0.3137254901960784,170,255.0,1273
alu_mux,32,32,32.0,64,2,2,0,0,0,0,0,0,1,0,0,0,0,0,13,0,1,0,0,0,1,3,0,2,1,2,1,0,1,12,3,1.5833333333333333,0,1,0.07692307692307693,0,0.0,1,4.174387269895637,8.0,0.0,0.0,0,0.0,173
alu_risc,8,8,8.0,16,2,0,0,2,0,1,16,1,0,8,2,0,0,14,113,3,6,2,2,0,0,3,10,3,6,2,4,0,1,71,15,3.2253521126760565,3,18,0.1592920353982301,10,0.08849557522123894,2,2.833213344056216,4.0,80.0,0.8849557522123894,160,64.0,2830
alu_riscv,32,5,26.6,133,5,4,0,0,0,1,1,2,1,1,1,1,3,33,65,2,2,0,4,0,0,0,24,3,2,2,4,0,1,40,17,2.825,3,5,0.07692307692307693,26,0.046153846153846156,4,4.897839799950911,11.532562594670797,638.4000000000001,1.2000000000000002,3458,53.2,1400
alu_src,8,8,8.0,24,3,0,0,3,0,0,0,0,0,0,0,0,0,2,9,0,2,0,0,0,2,0,0,3,1,2,2,0,1,15,3,2.3333333333333335,0,0,0.0,0,0.0,2,3.2188758248682006,4.898979485566356,0.0,0.0,0,0.0,320
alu_top,32,4,21.2,106,5,3,0,0,0,0,0,0,1,0,0,0,0,0,71,0,1,0,0,0,0,8,6,3,2,2,0,0,1,28,8,2.392857142857143,0,1,0.014084507042253521,6,0.0,0,4.672828834461906,10.295630140987,127.19999999999999,0.0,636,0.0,871
alu_topmodule,8,3,7.055555555555555,127,18,0,0,14,0,5,0,2,0,45,22,17,14,33,199,5,3,15,6,0,4,0,15,13,10,2,25,0,1,77,42,6.922077922077922,17,7,0.035175879396984924,49,0.4221105527638191,10,4.852030263919617,11.269427669584644,105.83333333333333,20.683417085427134,6223,437.44444444444446,4716
alu_unit,32,2,14.058823529411764,239,17,6,0,0,0,6,1,3,0,3,2,2,6,37,122,3,0,13,12,0,0,7,5,7,4,2,25,0,1,39,28,6.461538461538462,8,10,0.08196721311475409,9,0.05737704918032787,12,5.480638923341991,15.459624833740307,70.29411764705883,0.5163934426229508,2151,70.29411764705883,2428
am335x_gpmc,16,16,16.0,144,9,0,9,0,0,0,0,0,0,18,0,0,0,7,92,2,0,2,0,0,0,1,12,8,6,2,2,0,1,42,8,2.357142857142857,0,0,0.0,12,0.1956521739130435,0,4.976733742420574,12.0,192.0,2.347826086956522,1728,288.0,1586
amoalu,64,5,41.73684210526316,1586,38,7,0,9,0,1,0,0,0,7,8,1,0,15,55,0,1,0,0,0,19,44,0,4,1,2,19,0,1,68,44,3.338235294117647,6,1,0.01818181818181818,2,0.2909090909090909,19,7.369600720526409,39.824615503479755,0.0,0.5818181818181818,3172,333.89473684210526,2830
amp,8,7,7.75,31,4,0,0,3,0,0,0,0,0,0,0,0,0,7,40,3,0,3,0,0,0,0,3,1,2,2,3,0,1,26,7,2.8846153846153846,0,0,0.0,3,0.0,0,3.4657359027997265,5.5677643628300215,23.25,0.0,93,0.0,586
amplify_songs,19,2,10.5,21,2,0,0,0,0,1,0,3,1,0,0,0,0,5,57,2,0,5,0,0,0,1,2,3,1,2,5,0,1,23,8,2.739130434782609,0,5,0.08771929824561403,2,0.0,0,3.091042453358316,4.58257569495584,21.0,0.0,42,0.0,675
amplitudeselector,8,2,6.0,18,3,0,0,2,0,0,0,0,0,0,0,0,1,2,8,0,1,0,0,0,0,0,0,2,1,2,0,0,1,9,2,1.4444444444444444,0,0,0.0,0,0.0,0,2.9444389791664403,4.242640687119285,0.0,0.0,0,0.0,135
am_modulate,14,2,10.166666666666666,122,12,0,0,5,0,7,15,7,1,0,0,2,0,281,384,12,1,7,6,0,0,0,12,5,1,2,13,0,1,306,291,4.254901960784314,7,30,0.078125,16,0.005208333333333333,6,4.812184355372417,11.045361017187261,122.0,0.08333333333333333,1952,20.333333333333332,14982
ancho,5,3,4.333333333333333,13,3,0,0,0,0,1,0,1,1,0,0,0,0,7,50,2,1,3,2,0,0,0,3,3,1,2,5,0,1,40,12,2.15,1,3,0.06,3,0.0,2,2.6390573296152584,3.605551275463989,13.0,0.0,39,0.0,1068
and,32,32,32.0,96,3,3,0,0,0,0,0,0,0,0,0,0,0,0,39,0,0,0,0,0,0,0,0,2,1,2,0,0,1,9,33,15.222222222222221,4,0,0.0,0,0.0,0,4.574710978503383,9.797958971132712,0.0,0.0,0,0.0,1219
and16,16,7,9.88888888888889,89,9,0,1,2,0,1,1,0,0,2,0,0,0,1,19,0,3,0,0,1,0,1,0,1,1,2,0,0,1,18,7,2.2777777777777777,0,2,0.10526315789473684,0,0.10526315789473684,0,4.499809670330265,9.433981132056603,0.0,0.0,0,19.77777777777778,285
andx,32,32,32.0,64,2,2,0,0,0,0,0,0,1,1,0,0,0,0,30,0,1,0,0,0,0,0,0,1,1,2,0,0,1,10,3,1.6,0,1,0.03333333333333333,0,0.03333333333333333,0,4.174387269895637,8.0,0.0,0.0,0,32.0,166
and_gate,1,1,1.0,1,0,0,0,0,1,0,0,0,0,1,0,0,0,0,6,0,1,0,0,0,0,0,0,2,1,2,0,0,1,9,2,1.4444444444444444,0,0,0.0,0,0.16666666666666666,0,0.6931471805599453,1.0,0.0,0.0,0,1.0,84
apb,32,2,19.35,774,40,20,3,3,0,0,0,0,0,0,0,0,0,0,553,0,2,8,0,1,0,79,0,17,15,2,8,0,1,167,79,3.7964071856287425,9,0,0.0,0,0.0,0,6.652863029353347,27.820855486487112,0.0,0.0,0,0.0,13203
apbcontrol,32,3,15.428571428571429,108,7,3,0,0,0,0,0,2,0,32,0,0,0,36,200,4,0,20,4,0,0,0,10,3,3,2,24,0,1,56,33,6.642857142857143,10,2,0.01,10,0.16,4,4.6913478822291435,10.392304845413264,154.28571428571428,1.6,1080,493.7142857142857,3861
apb_bridge,32,2,22.98,2298,100,69,0,0,0,0,0,0,0,56,0,0,0,59,444,9,21,22,4,0,0,35,11,14,15,2,26,0,1,119,54,6.302521008403361,18,0,0.0,11,0.12612612612612611,4,7.740229524763182,47.93745925682754,252.78,1.3873873873873872,25278,1286.88,9379
apb_controller,32,3,15.428571428571429,108,7,3,0,0,0,0,0,2,0,24,0,0,0,47,199,4,0,22,4,0,0,0,12,3,4,2,26,0,1,58,26,5.758620689655173,9,2,0.010050251256281407,12,0.12060301507537688,4,4.6913478822291435,10.392304845413264,185.14285714285714,1.4472361809045227,1296,370.2857142857143,3790
apb_decode,32,32,32.0,160,5,5,0,0,0,5,6,5,0,4,2,0,2,14,111,2,8,3,0,1,6,1,2,8,8,2,9,0,1,45,14,3.1555555555555554,1,16,0.14414414414414414,2,0.05405405405405406,6,5.081404364984463,12.649110640673518,64.0,0.10810810810810811,320,128.0,2157
apb_decoder,32,8,22.4,112,5,3,0,2,0,1,3,3,0,0,0,0,1,2,24,1,2,1,0,0,0,6,5,3,2,2,1,0,1,23,6,2.1739130434782608,0,7,0.2916666666666667,5,0.0,0,4.727387818712341,10.583005244258363,112.0,0.0,560,0.0,571
apb_edgeirq,32,4,12.0,84,7,2,0,0,0,1,0,0,0,9,1,0,0,13,113,1,4,6,4,1,0,3,4,9,4,2,10,0,1,45,10,3.2444444444444445,0,1,0.008849557522123894,4,0.08849557522123894,4,4.442651256490317,9.16515138991168,48.0,0.35398230088495575,336,108.0,1929
apb_fastdecode,32,32,32.0,128,4,4,0,0,0,3,6,2,0,4,2,0,1,10,86,0,11,0,0,0,9,2,0,8,8,2,9,0,1,33,15,3.3636363636363638,2,11,0.12790697674418605,0,0.06976744186046512,9,4.859812404361672,11.313708498984761,0.0,0.0,0,128.0,1790
apb_fifo,32,8,20.25,81,4,2,0,1,0,0,0,0,0,9,0,0,0,9,100,1,4,5,4,0,0,2,2,12,6,2,9,0,1,42,12,2.9523809523809526,1,0,0.0,2,0.09,4,4.406719247264253,9.0,40.5,0.18,162,182.25,1588
apb_fsm_controller,32,3,15.428571428571429,108,7,3,0,0,0,0,0,1,1,22,0,0,0,14,309,4,0,20,4,0,0,0,15,3,4,2,24,0,1,79,37,5.417721518987341,10,2,0.006472491909385114,15,0.07119741100323625,4,4.6913478822291435,10.392304845413264,231.42857142857144,1.0679611650485437,1620,339.42857142857144,5279
apb_interface,32,3,20.4,102,5,3,0,0,0,0,0,1,0,2,0,0,0,0,20,1,5,1,0,0,0,0,1,3,4,2,1,0,1,25,5,1.92,0,1,0.05,1,0.1,0,4.634728988229636,10.099504938362077,20.4,0.1,102,40.8,472
apb_levirq,32,4,15.2,76,5,2,0,0,0,0,0,0,0,4,1,0,0,6,88,1,4,4,4,0,0,3,2,9,4,2,8,0,1,39,9,2.717948717948718,0,0,0.0,2,0.056818181818181816,4,4.343805421853684,8.717797887081348,30.4,0.11363636363636363,152,60.8,1375
apb_pulse,32,32,32.0,64,2,2,0,0,0,0,0,0,0,3,0,0,0,9,91,1,3,4,4,0,0,2,3,8,6,2,8,0,1,40,8,2.6,0,0,0.0,3,0.03296703296703297,4,4.174387269895637,8.0,96.0,0.09890109890109891,192,96.0,1431
apb_regs1,32,8,23.0,184,8,4,3,1,0,0,0,0,0,3,0,0,0,12,93,1,2,4,4,0,0,2,5,11,6,2,8,0,1,44,11,2.7954545454545454,1,0,0.0,5,0.03225806451612903,4,5.220355825078324,13.564659966250536,115.0,0.16129032258064516,920,69.0,1589
apb_slaveinterface,32,12,28.666666666666668,344,12,10,0,0,0,3,7,6,0,0,0,0,1,9,121,4,6,8,4,1,0,14,42,8,5,2,12,0,1,60,14,4.05,3,16,0.1322314049586777,42,0.0,4,5.84354441703136,18.547236990991408,1204.0,0.0,14448,0.0,2666
apb_slaveinterface_general,32,12,28.666666666666668,344,12,10,0,0,0,3,6,6,0,0,0,0,1,9,119,4,6,5,4,1,0,14,41,8,5,2,9,0,1,58,14,4.068965517241379,1,15,0.12605042016806722,41,0.0,4,5.84354441703136,18.547236990991408,1175.3333333333335,0.0,14104,0.0,2570
apb_slaveinterface_timer,32,12,28.666666666666668,344,12,10,0,0,0,3,7,6,0,0,0,0,1,9,121,4,6,8,4,1,0,14,42,8,5,2,12,0,1,60,14,4.05,3,16,0.1322314049586777,42,0.0,4,5.84354441703136,18.547236990991408,1204.0,0.0,14448,0.0,2672
apb_wrtsetclr,32,32,32.0,96,3,3,0,0,0,0,0,0,0,4,1,0,0,7,83,1,2,4,4,0,0,2,2,8,4,2,8,0,1,36,8,2.6666666666666665,0,0,0.0,2,0.060240963855421686,4,4.574710978503383,9.797958971132712,64.0,0.12048192771084337,192,128.0,1231
aphase_cache,46,46,46.0,184,4,0,0,0,0,0,1,2,0,6,0,0,0,5,57,3,1,5,0,0,1,2,5,6,2,2,6,0,1,36,7,3.1944444444444446,0,3,0.05263157894736842,5,0.10526315789473684,1,5.220355825078324,13.564659966250536,230.0,0.5263157894736842,920,276.0,1123
approx_fp_div_lut,7,6,6.666666666666667,20,3,0,0,0,0,0,0,0,0,0,0,0,0,64,100,1,0,0,2,0,0,0,1,1,1,2,2,0,1,98,67,2.142857142857143,1,0,0.0,1,0.0,2,3.044522437723423,4.47213595499958,6.666666666666667,0.0,20,0.0,2058
approx_fp_sqrt,32,31,31.75,127,4,3,0,0,0,1,1,0,0,0,0,0,0,0,31,0,1,0,0,0,0,1,0,1,1,2,0,0,1,11,3,1.6363636363636365,0,2,0.06451612903225806,0,0.0,0,4.852030263919617,11.269427669584644,0.0,0.0,0,0.0,188
aq_djpeg_dht,256,2,18.133333333333333,816,45,0,2,29,0,0,0,0,1,4,0,0,0,16,76,2,3,4,2,0,0,1,8,13,2,2,6,0,1,43,13,3.441860465116279,1,1,0.013157894736842105,8,0.05263157894736842,2,6.705639094860003,28.5657137141714,145.06666666666666,0.42105263157894735,6528,72.53333333333333,1788
aq_djpeg_dqt,64,6,18.8,188,10,0,0,6,0,0,0,0,1,4,0,0,0,8,43,2,1,2,0,0,1,0,4,8,1,2,3,0,1,28,8,2.5357142857142856,0,1,0.023255813953488372,4,0.09302325581395349,1,5.241747015059643,13.711309200802088,75.2,0.37209302325581395,752,75.2,927
aq_djpeg_fsm,32,2,11.229166666666666,539,48,1,22,11,0,13,7,0,1,4,23,0,5,180,454,1,19,43,6,0,0,0,15,7,21,2,49,0,1,142,85,6.063380281690141,17,21,0.046255506607929514,15,0.05947136563876652,6,6.29156913955832,23.2163735324878,168.4375,0.8920704845814977,8085,44.916666666666664,10410
aq_djpeg_hm_decode,32,2,12.521428571428572,1753,140,4,46,12,0,14,1,1,1,10,3,0,0,476,739,2,15,38,8,0,0,2,25,18,13,2,46,0,1,151,97,10.403973509933774,38,17,0.023004059539918808,25,0.017591339648173207,8,7.469654172932128,41.86884283091664,313.03571428571433,0.4397834912043302,43825,125.21428571428572,24285
aq_djpeg_ycbcr,16,2,9.0,189,21,0,2,4,0,4,0,0,1,10,2,0,0,23,143,2,2,8,0,0,2,10,3,10,8,2,10,0,1,76,14,3.289473684210526,2,5,0.03496503496503497,3,0.08391608391608392,2,5.247024072160486,13.74772708486752,27.0,0.2517482517482518,567,90.0,2928
aq_djpeg_ycbcr2rgb,32,3,15.333333333333334,920,60,12,12,8,0,4,2,4,1,0,0,0,0,79,209,2,11,6,0,0,6,7,37,9,8,2,12,0,1,97,37,4.34020618556701,6,11,0.05263157894736842,37,0.0,6,6.825460036255307,30.331501776206203,567.3333333333334,0.0,34040,0.0,4487
aq_djpeg_ycbcr_mem,512,2,27.205882352941178,1850,68,0,0,2,0,3,0,0,1,21,2,0,0,50,185,6,10,14,2,0,6,4,15,18,5,2,22,0,1,75,30,5.613333333333333,11,4,0.021621621621621623,15,0.12432432432432433,8,7.523481312573497,43.01162633521314,408.0882352941177,1.864864864864865,27750,571.3235294117648,4700
aq_djpeg_ziguzagu,128,2,18.208333333333332,874,48,4,6,0,0,3,1,0,1,22,2,0,0,78,303,7,9,32,4,0,2,3,10,11,5,2,38,0,1,126,66,6.357142857142857,17,5,0.0165016501650165,10,0.07920792079207921,6,6.774223886357614,29.563490998188964,182.08333333333331,0.7920792079207921,8740,400.5833333333333,11137
arb,32,2,23.23076923076923,302,13,9,0,0,0,0,0,0,0,4,0,0,0,23,87,1,4,5,2,0,0,0,5,12,8,2,7,0,1,41,12,3.5121951219512195,1,0,0.0,5,0.04597701149425287,2,5.713732805509369,17.378147196982766,116.15384615384615,0.22988505747126436,1510,92.92307692307692,2147
arbfixedprioritynabs,1,1,1.0,1,0,0,0,0,1,1,4,0,0,3,2,0,0,7,50,2,1,4,0,1,0,1,1,3,1,2,4,0,1,29,12,3.0,2,5,0.1,1,0.1,0,0.6931471805599453,1.0,1.0,0.1,1,3.0,801
arbiter,27,27,27.0,81,3,0,0,0,0,0,0,0,0,1,2,0,0,0,23,0,6,0,0,0,2,1,0,6,6,2,2,0,1,22,6,2.5,0,0,0.0,0,0.13043478260869565,2,4.406719247264253,9.0,0.0,0.0,0,27.0,823
arbiter1,8,8,8.0,16,2,0,0,2,0,0,0,0,0,4,0,0,0,3,34,1,0,2,0,0,0,0,0,2,1,2,2,1,1,18,5,2.5,0,0,0.0,0,0.11764705882352941,0,2.833213344056216,4.0,0.0,0.0,0,32.0,311
arbiter4,3,3,3.0,3,1,0,0,0,0,0,0,0,0,0,0,0,0,41,105,3,0,14,2,0,0,0,2,2,1,2,16,0,1,37,16,4.945945945945946,6,0,0.0,2,0.0,2,1.3862943611198906,1.7320508075688772,6.0,0.0,6,0.0,1645
arbiter_top,8,3,5.571428571428571,39,7,0,0,3,0,0,0,0,0,0,0,0,0,0,73,0,0,0,0,0,1,0,0,8,6,2,1,0,1,28,8,3.0357142857142856,0,0,0.0,0,0.0,1,3.6888794541139363,6.244997998398398,0.0,0.0,0,0.0,912
arbsimplerr,1,1,1.0,1,0,0,0,0,1,4,11,2,0,2,1,0,0,10,65,2,1,5,0,2,0,1,2,4,1,2,5,0,1,37,18,3.4324324324324325,1,17,0.26153846153846155,2,0.046153846153846156,0,0.6931471805599453,1.0,2.0,0.09230769230769231,2,2.0,1218
architecture,8,3,6.375,102,16,0,0,9,0,0,0,0,0,0,0,0,0,0,133,0,8,0,0,0,0,29,0,1,10,2,0,0,1,103,29,2.504854368932039,1,0,0.0,0,0.0,0,4.634728988229636,10.099504938362077,0.0,0.0,0,0.0,4583
arithmatic_unit,2,2,2.0,4,2,0,0,0,0,1,5,2,1,0,0,0,0,6,73,2,1,2,2,0,0,7,5,6,3,2,4,0,1,39,10,3.1794871794871793,0,9,0.1232876712328767,5,0.0,2,1.6094379124341003,2.0,10.0,0.0,20,0.0,1742
arithmetic_logic_unit,8,4,6.666666666666667,40,6,0,0,4,0,1,1,0,0,1,1,0,0,0,44,1,1,0,2,0,0,2,3,2,2,4,2,0,1,44,10,2.3863636363636362,0,2,0.045454545454545456,3,0.045454545454545456,2,3.713572066704308,6.324555320336759,20.0,0.13636363636363635,120,6.666666666666667,1153
arithmetic_unit,2,2,2.0,2,1,0,0,0,0,1,5,2,1,0,0,0,0,6,90,2,1,2,2,0,0,7,5,6,3,2,4,0,1,39,9,3.2051282051282053,0,9,0.1,5,0.0,2,1.0986122886681098,1.4142135623730951,10.0,0.0,10,0.0,1741
armleocpu_alu,32,3,18.5,185,10,5,0,0,0,2,1,1,0,65,1,1,3,40,76,1,0,0,2,0,2,21,2,8,2,2,4,0,1,56,21,3.982142857142857,7,4,0.05263157894736842,4,0.881578947368421,4,5.225746673713202,13.601470508735444,37.0,3.526315789473684,740,1221.0,2790
armleocpu_brcond,32,3,22.333333333333332,67,3,2,0,0,0,0,0,1,0,0,0,0,0,6,30,1,0,0,2,0,0,0,2,3,2,2,2,0,1,25,8,2.36,0,1,0.03333333333333333,2,0.0,2,4.219507705176107,8.18535277187245,44.666666666666664,0.0,134,0.0,647
armleocpu_unsigned_divider,32,6,29.272727272727273,322,11,6,0,0,0,1,1,0,0,0,0,0,0,23,79,1,0,9,2,0,0,7,7,5,4,2,11,0,1,34,12,4.117647058823529,2,2,0.02531645569620253,7,0.0,2,5.777652323222656,17.944358444926362,204.9090909090909,0.0,2254,0.0,1471
arp_cache,80,32,43.2,432,10,5,0,0,0,0,0,0,0,2,0,0,0,14,52,3,0,7,0,0,0,0,3,6,2,2,7,0,1,26,11,3.6153846153846154,1,0,0.0,3,0.038461538461538464,0,6.07073772800249,20.784609690826528,129.60000000000002,0.11538461538461539,1296,86.4,1398
arp_rx,48,4,13.818181818181818,456,33,3,1,24,0,1,0,1,1,50,4,0,0,107,209,11,0,43,2,0,0,0,11,7,5,2,45,0,1,76,43,6.171052631578948,12,3,0.014354066985645933,11,0.2583732057416268,2,6.124683390894205,21.354156504062622,152.0,2.8421052631578947,5016,690.9090909090909,6285
arp_tx,48,5,13.074074074074074,706,54,4,3,41,0,4,0,1,1,4,10,0,0,105,259,11,0,29,4,0,0,0,11,11,4,2,33,0,1,111,46,4.702702702702703,15,6,0.023166023166023165,11,0.05405405405405406,4,6.561030665896573,26.570660511172846,143.8148148148148,0.5945945945945946,7766,52.2962962962963,8351
ascii_equality_checker,8,8,8.0,16,2,0,0,2,0,0,0,0,1,0,0,0,0,1,14,0,1,0,0,0,0,0,0,2,1,2,0,0,1,10,2,1.4,0,1,0.07142857142857142,0,0.0,0,2.833213344056216,4.0,0.0,0.0,0,0.0,156
ascii_reg,8,8,8.0,16,2,0,0,2,0,0,0,1,1,0,0,0,0,2,24,1,0,2,0,0,0,0,2,3,1,2,2,0,1,22,3,1.5454545454545454,0,2,0.08333333333333333,2,0.0,0,2.833213344056216,4.0,16.0,0.0,32,0.0,319
asc_to_7seg,8,7,7.333333333333333,22,3,0,0,1,0,0,0,0,0,0,0,0,0,0,83,1,0,0,2,0,0,0,1,1,1,2,2,0,1,61,48,2.0491803278688523,1,0,0.0,1,0.0,2,3.1354942159291497,4.69041575982343,7.333333333333333,0.0,22,0.0,1325
asc_to_lcd,32,4,9.4,94,10,1,0,3,0,8,9,6,2,0,1,0,0,102,356,6,3,29,2,2,1,2,14,2,4,2,32,0,1,133,42,4.2631578947368425,11,25,0.0702247191011236,14,0.0028089887640449437,3,4.553876891600541,9.695359714832659,131.6,0.03932584269662921,1316,0.0,6107
asyncqueuesink,43,1,17.545454545454547,386,22,6,0,1,3,3,0,0,0,4,3,0,0,10,217,3,30,39,0,0,1,32,29,10,12,2,40,0,1,111,32,4.252252252252252,10,3,0.013824884792626729,29,0.03225806451612903,1,5.958424693029782,19.6468827043885,508.81818181818187,0.9354838709677419,11194,70.18181818181819,6758
asyncqueuesink_1,55,1,19.291666666666668,463,24,6,0,0,3,3,0,0,0,4,3,0,0,10,211,3,28,39,0,0,1,32,29,9,10,2,40,0,1,110,32,4.181818181818182,9,3,0.014218009478672985,29,0.03317535545023697,1,6.139884552226255,21.517434791350013,559.4583333333334,0.9620853080568721,13427,77.16666666666667,6527
asyncqueuesink_2,32,1,13.76923076923077,179,13,3,0,0,3,3,0,0,0,3,3,0,0,10,206,3,26,39,0,0,1,31,29,8,8,2,40,0,1,104,31,4.25,9,3,0.014563106796116505,29,0.02912621359223301,1,5.19295685089021,13.379088160259652,399.3076923076923,0.8446601941747574,5191,41.30769230769231,6296
asyncqueuesource,32,1,17.666666666666668,371,21,10,0,0,3,3,0,0,0,3,3,1,0,12,211,4,22,42,0,0,1,25,18,9,7,2,43,0,1,101,25,4.445544554455446,10,3,0.014218009478672985,20,0.03317535545023697,1,5.918893854273146,19.261360284258224,318.0,0.6635071090047394,7420,70.66666666666667,5835
asyncqueuesource_1,32,1,16.5,198,12,6,0,0,6,3,0,0,0,3,3,1,0,12,211,4,22,42,0,0,1,25,18,9,7,2,43,0,1,101,25,4.445544554455446,10,3,0.014218009478672985,20,0.03317535545023697,1,5.293304824724492,14.071247279470288,297.0,0.6635071090047394,3960,66.0,5820
asyncqueuesource_2,32,1,16.347826086956523,376,23,11,0,0,4,3,0,0,0,3,3,1,0,13,221,4,23,43,0,0,1,25,20,10,8,2,44,0,1,105,25,4.476190476190476,10,3,0.013574660633484163,22,0.03167420814479638,1,5.932245187448011,19.390719429665317,326.9565217391305,0.6968325791855203,8272,65.3913043478261,6114
async_dualram_16x8,1,1,1.0,1,0,0,0,0,1,1,6,0,0,4,0,0,0,5,54,1,0,3,0,1,0,0,3,6,1,2,3,0,1,27,6,3.111111111111111,0,7,0.12962962962962962,3,0.07407407407407407,0,0.6931471805599453,1.0,3.0,0.2222222222222222,3,4.0,898
async_fifo,1,1,1.0,1,0,0,0,0,1,0,13,0,1,7,1,4,1,8,117,4,8,6,0,0,0,12,4,6,3,2,6,0,1,44,13,3.8181818181818183,2,14,0.11965811965811966,12,0.10256410256410256,0,0.6931471805599453,1.0,4.0,1.2307692307692308,12,11.0,3066
async_fifo_v1,1,1,1.0,1,0,0,0,0,1,5,13,1,3,20,0,0,0,22,112,3,3,27,0,1,3,0,5,7,4,2,30,0,1,43,15,4.674418604651163,6,22,0.19642857142857142,5,0.17857142857142858,3,0.6931471805599453,1.0,5.0,0.8928571428571429,5,20.0,3347
async_receiver,8,2,5.1,51,10,0,0,3,0,5,3,1,1,22,1,0,3,41,97,10,1,22,2,0,0,3,11,1,4,2,24,0,1,60,22,4.133333333333334,5,10,0.10309278350515463,11,0.23711340206185566,2,3.9512437185814275,7.14142842854285,56.099999999999994,2.6082474226804124,561,112.19999999999999,2602
async_transmitter,8,3,6.2,31,5,0,0,3,0,2,2,1,1,2,1,0,3,33,73,5,1,18,4,0,1,6,5,2,1,2,23,0,1,58,20,3.3620689655172415,3,6,0.0821917808219178,5,0.0410958904109589,5,3.4657359027997265,5.5677643628300215,31.0,0.2054794520547945,155,12.4,1991
ata,8,2,6.0,18,3,0,0,2,0,0,0,0,1,6,0,0,0,18,84,2,3,5,0,0,0,1,5,9,6,2,5,0,1,36,17,3.9166666666666665,3,1,0.011904761904761904,5,0.07142857142857142,0,2.9444389791664403,4.242640687119285,30.0,0.3571428571428571,90,36.0,1528
audio_bit_counter,5,5,5.0,5,1,0,0,0,0,0,1,0,0,4,1,0,0,14,87,2,1,6,0,0,0,1,2,6,1,2,6,0,1,30,7,2.8333333333333335,0,1,0.011494252873563218,2,0.05747126436781609,0,1.791759469228055,2.23606797749979,10.0,0.11494252873563218,10,20.0,1061
audio_capture,12,12,12.0,48,4,0,0,0,0,1,0,0,1,0,63,0,1,39,57,3,1,0,0,0,2,0,4,3,3,2,2,0,1,22,35,3.9545454545454546,1,2,0.03508771929824561,4,1.105263157894737,2,3.8918202981106265,6.928203230275509,48.0,4.421052631578948,192,0.0,1256
audio_clock,6,1,2.2,11,5,0,0,0,3,0,0,0,1,0,0,0,0,0,313,0,0,1,0,0,0,22,0,3,2,2,1,0,1,111,55,1.864864864864865,1,1,0.003194888178913738,0,0.0,0,2.4849066497880004,3.3166247903554,0.0,0.0,0,0.0,3407
audio_codec,8,8,8.0,32,4,0,0,4,0,0,4,0,0,8,0,0,0,16,215,2,4,8,0,0,0,12,2,10,4,2,8,0,1,79,14,3.1772151898734178,4,4,0.018604651162790697,2,0.037209302325581395,0,3.4965075614664802,5.656854249492381,16.0,0.07441860465116279,64,64.0,4138
audio_dac,16,16,16.0,32,2,0,2,0,0,0,0,0,0,2,0,0,0,6,116,1,2,2,0,0,0,1,3,8,3,2,2,0,1,37,8,2.4324324324324325,0,0,0.0,3,0.017241379310344827,0,3.4965075614664802,5.656854249492381,48.0,0.05172413793103448,96,32.0,1158
audio_effects,100,2,21.444444444444443,193,9,0,5,0,0,1,0,1,0,0,0,0,0,7,144,1,1,5,0,0,0,0,4,8,3,2,5,0,1,132,102,2.106060606060606,1,2,0.013888888888888888,4,0.0,0,5.267858159063328,13.892443989449804,85.77777777777777,0.0,772,0.0,3652
audio_fifo,2048,11,249.0,2241,9,5,0,0,0,2,0,0,0,8,3,0,0,23,215,6,5,16,0,0,1,4,8,16,5,4,17,0,1,52,16,4.596153846153846,3,2,0.009302325581395349,8,0.05116279069767442,1,7.715123603632105,47.3392015141785,1992.0,0.40930232558139534,17928,1992.0,2695
audio_handle,32,12,18.666666666666668,168,9,3,0,0,0,2,0,1,1,0,0,0,0,6,63,3,2,3,0,0,0,1,3,5,2,2,3,0,1,40,9,2.675,0,4,0.06349206349206349,3,0.0,0,5.1298987149230735,12.96148139681572,56.0,0.0,504,0.0,1162
autoconfig_zii,16,2,5.137931034482759,149,29,0,2,4,0,0,0,0,1,13,1,0,0,49,156,2,4,18,4,0,2,1,6,9,5,2,24,0,1,86,25,3.5,5,1,0.00641025641025641,6,0.08974358974358974,6,5.0106352940962555,12.206555615733702,30.827586206896555,0.5384615384615384,894,66.79310344827587,4679
autocorrelate_rn_ram,9,5,8.2,41,5,0,0,0,0,4,6,1,0,0,0,0,0,34,384,3,0,5,6,0,0,1,8,2,3,2,11,0,1,104,53,4.326923076923077,4,11,0.028645833333333332,8,0.0,6,3.7376696182833684,6.4031242374328485,65.6,0.0,328,0.0,4198
autocorrpipe,32,8,20.0,920,46,15,21,4,0,0,0,4,1,0,2,0,0,0,219,4,1,9,8,0,0,1,4,37,14,2,17,0,1,114,37,3.0964912280701755,3,5,0.0228310502283105,4,0.0091324200913242,8,6.825460036255307,30.331501776206203,80.0,0.0365296803652968,3680,0.0,4418
autogreat,16,4,8.454545454545455,93,11,0,1,8,0,3,2,2,1,0,0,0,0,18,71,3,0,5,0,0,0,0,10,2,3,2,5,0,1,24,10,4.208333333333333,0,8,0.11267605633802817,10,0.0,0,4.543294782270004,9.643650760992955,84.54545454545455,0.0,930,0.0,932
auto_focus_on,32,32,32.0,32,1,1,0,0,0,1,0,0,0,0,0,0,0,4,21,1,1,2,0,0,0,0,1,2,1,2,2,0,1,20,6,1.55,0,1,0.047619047619047616,1,0.0,0,3.4965075614664802,5.656854249492381,32.0,0.0,32,0.0,320
auto_sync_modify,1,1,1.0,1,0,0,0,0,1,0,0,0,0,0,0,0,0,0,26,0,0,0,0,0,0,0,0,3,2,2,0,0,1,15,5,1.9333333333333333,0,0,0.0,0,0.0,0,0.6931471805599453,1.0,0.0,0.0,0,0.0,232
avconf,24,4,13.2,66,5,0,2,0,0,43,0,1,1,0,0,0,0,70,187,3,0,7,4,0,0,3,7,2,1,2,11,0,1,127,53,2.905511811023622,5,45,0.24064171122994651,7,0.0,4,4.204692619390966,8.12403840463596,92.39999999999999,0.0,462,0.0,4352
averager,16,5,6.833333333333333,82,12,0,2,0,0,3,3,0,0,0,0,0,6,12,23,0,3,0,0,0,0,0,0,2,1,2,0,0,1,13,8,3.0,0,6,0.2608695652173913,0,0.0,0,4.418840607796598,9.055385138137417,0.0,0.0,0,0.0,383
avg,2,2,2.0,2,1,0,0,0,0,15,22,17,0,0,0,0,2,11,89,2,0,3,0,0,0,8,7,18,3,2,3,0,1,51,29,3.764705882352941,2,54,0.6067415730337079,7,0.0,0,1.0986122886681098,1.4142135623730951,14.0,0.0,14,0.0,2663
avl_adxcfg,32,32,32.0,352,11,11,0,0,0,0,5,0,1,2,6,0,0,47,167,1,14,5,0,0,0,2,8,14,12,2,5,0,1,61,23,4.278688524590164,5,6,0.03592814371257485,8,0.04790419161676647,0,5.8664680569332965,18.76166303929372,256.0,0.38323353293413176,2816,64.0,4304
axi2ahb,128,2,18.253164556962027,4326,237,0,1,56,0,4,2,0,0,62,16,0,0,49,941,22,48,45,6,0,11,78,44,38,20,2,62,0,1,172,104,7.540697674418604,20,6,0.006376195536663124,44,0.08289054197662062,17,8.372629740224884,65.7723346096214,803.1392405063292,3.647183846971307,190344,1131.6962025316457,18899
axi2fifo,64,2,15.676470588235293,533,34,6,0,15,0,44,5,39,6,218,32,0,36,516,588,11,12,128,4,0,9,2,111,23,13,2,141,0,1,100,227,16.42,44,94,0.1598639455782313,111,0.42517006802721086,13,6.280395838960195,23.08679276123039,1740.0882352941176,47.19387755102041,59163,3417.470588235294,25910
axi4template_v1_0_s00_axi,32,2,6.571428571428571,46,7,1,0,0,0,15,17,9,7,46,0,0,0,62,405,9,11,23,4,4,0,23,54,13,9,2,27,0,1,75,45,6.866666666666666,11,48,0.11851851851851852,54,0.11358024691358025,4,3.8501476017100584,6.782329983125268,354.85714285714283,6.133333333333334,2484,302.2857142857143,7687
axi4_template_v1_0_s00_axi,32,2,6.571428571428571,46,7,1,0,0,0,15,17,9,7,46,0,0,0,62,405,9,11,23,4,4,0,23,54,13,9,2,27,0,1,75,45,6.866666666666666,11,48,0.11851851851851852,54,0.11358024691358025,4,3.8501476017100584,6.782329983125268,354.85714285714283,6.133333333333334,2484,302.2857142857143,7705
axihp_reader,64,2,12.96551724137931,376,29,3,0,0,0,1,1,204,0,8,0,0,0,21,345,25,49,0,22,0,0,33,26,12,16,2,22,0,1,65,94,11.107692307692307,18,206,0.5971014492753624,26,0.02318840579710145,22,5.932245187448011,19.390719429665317,337.10344827586204,0.6028985507246377,9776,103.72413793103448,8947
axihp_writer,64,2,9.755102040816327,478,49,3,0,3,0,3,2,300,0,12,0,0,0,36,536,39,76,0,46,0,0,55,40,13,21,2,46,0,1,76,142,14.578947368421053,23,305,0.5690298507462687,40,0.022388059701492536,46,6.171700597410915,21.863211109075447,390.2040816326531,0.8955223880597014,19120,117.06122448979593,13706
axis_delay,1,1,1.0,1,0,0,0,0,1,0,3,0,1,7,1,0,0,10,115,3,4,2,0,0,6,0,5,8,4,2,8,0,1,35,9,3.085714285714286,0,4,0.034782608695652174,5,0.06956521739130435,6,0.6931471805599453,1.0,5.0,0.34782608695652173,5,7.0,2250
axi_ad9162_if,256,8,19.80952380952381,832,42,0,0,40,0,0,0,0,1,0,0,0,0,32,95,1,1,1,0,0,0,0,1,3,2,2,1,0,1,17,33,5.117647058823529,2,1,0.010526315789473684,1,0.0,0,6.725033642166843,28.844410203711913,19.80952380952381,0.0,832,0.0,1731
axi_adcfifo_rd,2,2,2.0,2,1,0,0,0,0,1,3,1,2,9,1,0,0,48,203,4,10,15,0,0,0,1,13,13,16,2,15,0,1,76,23,4.473684210526316,8,7,0.034482758620689655,13,0.04926108374384237,0,1.0986122886681098,1.4142135623730951,26.0,0.6403940886699507,26,18.0,4471
axi_adrv9009_if,128,64,112.0,448,4,0,0,0,0,101,0,100,1,0,0,0,0,30,158,1,24,8,0,1,0,3,2,9,4,2,8,0,1,48,26,4.666666666666667,5,202,1.2784810126582278,2,0.0,0,6.1070228877422545,21.166010488516726,224.0,0.0,896,0.0,4122
axi_av_conv,32,3,20.352941176470587,346,17,9,0,3,0,2,0,0,1,2,0,0,0,6,174,1,13,5,0,0,0,2,3,21,13,2,5,0,1,64,21,2.671875,3,3,0.017241379310344827,3,0.011494252873563218,0,5.849324779946859,18.601075237738275,61.05882352941176,0.034482758620689655,1038,40.705882352941174,3522
axi_controller,64,2,21.944444444444443,395,18,3,0,3,0,2,6,0,0,0,0,0,0,0,163,0,0,26,0,0,0,0,0,31,24,2,26,0,1,66,31,3.6818181818181817,3,8,0.049079754601226995,0,0.0,0,5.981414211254481,19.87460691435179,0.0,0.0,0,0.0,4059
axi_err128,128,2,20.067484662576685,3271,163,0,9,71,0,3,2,0,0,82,20,0,0,64,522,11,24,28,6,0,2,40,17,25,11,2,36,0,1,116,40,7.0,26,5,0.009578544061302681,17,0.19540229885057472,8,8.093156697722637,57.19265687131522,341.14723926380367,3.32183908045977,55607,1645.5337423312883,10580
axi_fifo,71,2,26.694736842105264,2536,95,16,0,18,0,0,36,0,0,27,11,0,0,13,504,3,20,77,0,0,0,49,3,30,47,2,77,0,1,100,49,6.2,14,36,0.07142857142857142,3,0.07539682539682539,0,7.838737559599282,50.35871324805669,80.08421052631579,0.22619047619047616,7608,720.7578947368421,10255
axi_fifo_entry,71,71,71.0,639,9,0,0,0,0,0,0,0,0,0,0,0,0,3,65,1,0,3,0,0,0,4,1,4,1,2,3,0,1,21,7,2.2857142857142856,0,0,0.0,1,0.0,0,6.461468176353717,25.278449319529077,71.0,0.0,639,0.0,642
axi_hdmi_rx_es,1,1,1.0,1,0,0,0,0,1,1,12,0,2,2,6,0,0,30,135,2,6,6,0,0,0,6,18,2,3,2,6,0,1,55,18,3.8363636363636364,3,15,0.1111111111111111,18,0.05925925925925926,0,0.6931471805599453,1.0,18.0,1.0666666666666667,18,2.0,3017
axi_hdmi_rx_tpm,16,8,10.666666666666666,128,12,0,4,8,0,1,0,0,1,1,2,0,0,19,83,1,6,2,0,0,10,4,4,4,1,2,12,0,1,34,16,3.3529411764705883,1,2,0.024096385542168676,4,0.03614457831325301,10,4.859812404361672,11.313708498984761,42.666666666666664,0.14457831325301204,512,10.666666666666666,1808
axi_interconnect128,128,2,27.86285714285714,4876,175,0,0,75,0,0,0,1,0,166,6,0,0,65,756,14,44,29,10,0,0,100,24,56,31,2,39,0,1,167,100,8.25748502994012,27,1,0.0013227513227513227,24,0.2275132275132275,10,8.492285555710053,69.82836100038436,668.7085714285714,5.4603174603174605,117024,4625.234285714286,19445
axi_servo,32,2,12.222222222222221,110,9,3,0,0,0,18,19,11,8,46,0,0,0,68,430,9,14,24,4,5,0,28,64,14,12,2,28,0,1,81,46,6.938271604938271,12,56,0.13023255813953488,64,0.10697674418604651,4,4.709530201312334,10.488088481701515,782.2222222222222,6.846511627906977,7040,562.2222222222222,8244
axi_splt,8,2,3.7142857142857144,104,28,0,0,4,0,34,117,86,6,32,3,0,0,14,378,5,105,3,0,11,0,109,5,39,35,2,3,0,1,144,166,7.548611111111111,15,243,0.6428571428571429,5,0.09259259259259259,0,4.653960350157523,10.198039027185569,18.571428571428573,0.4629629629629629,520,118.85714285714286,15102
axi_uart,16,16,16.0,16,1,0,1,0,0,0,2,0,1,0,0,0,0,0,80,0,0,0,0,0,0,15,0,7,8,2,0,0,1,31,15,3.129032258064516,1,3,0.0375,0,0.0,0,2.833213344056216,4.0,0.0,0.0,0,0.0,1420
azadi_soc_top_caravel,128,3,46.285714285714285,648,14,3,0,0,0,0,0,0,0,0,0,0,0,0,557,0,185,0,0,0,0,8,0,12,6,2,0,0,1,131,278,9.122137404580153,19,0,0.0,0,0.0,0,6.47543271670409,25.45584412271571,0.0,0.0,0,0.0,14886
az_lsp_pipe,32,12,22.526315789473685,856,38,17,15,0,0,0,0,4,1,0,0,0,0,0,214,4,0,10,8,0,0,0,4,28,18,2,18,0,1,121,28,2.9917355371900825,3,5,0.02336448598130841,4,0.0,8,6.75343791859778,29.257477676655586,90.10526315789474,0.0,3424,0.0,4308
b16_b40,40,3,19.68421052631579,374,19,0,5,6,0,1,0,162,0,5,1,0,0,35,417,21,36,0,100,0,0,35,21,6,3,2,100,0,1,47,77,16.19148936170213,22,163,0.3908872901678657,21,0.014388489208633094,100,5.926926025970411,19.339079605813716,413.3684210526316,0.302158273381295,7854,98.42105263157896,9986
b16_b64,64,3,26.82608695652174,617,23,0,9,0,0,1,0,191,0,9,1,0,0,43,483,25,44,0,114,0,0,44,35,6,4,2,114,0,1,51,88,17.470588235294116,26,192,0.39751552795031053,35,0.020703933747412008,114,6.42648845745769,24.839484696748443,938.9130434782609,0.7246376811594203,21595,241.43478260869566,11505
b64_b32,64,2,20.194444444444443,1454,72,16,0,0,0,6,4,407,0,29,2,0,0,35,829,55,95,123,112,0,0,93,64,17,9,6,235,0,1,73,180,22.21917808219178,36,417,0.503015681544029,64,0.03739445114595899,112,7.282761179605593,38.13135192987524,1292.4444444444443,2.3932448733413754,93056,585.6388888888888,20267
bai_1,16,3,9.5,19,2,0,1,0,0,3,3,0,0,0,4,0,0,12,69,1,0,8,4,0,0,0,2,2,2,2,12,0,1,40,18,3.65,1,6,0.08695652173913043,2,0.057971014492753624,4,2.995732273553991,4.358898943540674,19.0,0.11594202898550725,38,0.0,1162
barrelblock,8,3,7.0,35,5,0,0,4,0,4,4,1,0,0,0,0,0,1,40,1,0,5,0,0,0,2,1,4,1,2,5,0,1,43,6,2.8372093023255816,0,9,0.225,1,0.0,0,3.58351893845611,5.916079783099616,7.0,0.0,35,0.0,682
barrelshifter,1,1,1.0,1,0,0,0,0,1,4,18,4,1,2,0,0,0,5,44,0,1,2,0,4,1,2,0,3,1,2,3,0,1,37,28,4.054054054054054,2,27,0.6136363636363636,0,0.045454545454545456,1,0.6931471805599453,1.0,0.0,0.0,0,2.0,1210
barrel_revers_shifter,8,3,7.0,35,5,0,0,4,0,0,0,0,1,0,0,0,0,0,35,0,0,2,0,0,0,5,0,3,1,2,2,0,1,20,6,2.25,0,1,0.02857142857142857,0,0.0,0,3.58351893845611,5.916079783099616,0.0,0.0,0,0.0,375
barrel_shift,1,1,1.0,1,0,0,0,0,1,2,9,0,0,0,0,0,1,4,71,0,4,3,0,2,0,1,0,2,1,2,3,0,1,35,13,3.0,2,11,0.15492957746478872,0,0.0,0,0.6931471805599453,1.0,0.0,0.0,0,0.0,868
barrel_shifter,32,5,24.727272727272727,272,11,8,0,0,0,0,0,0,1,0,0,0,0,2,193,0,162,167,0,0,162,6,0,3,1,2,329,0,1,20,162,41.95,9,1,0.0051813471502590676,0,0.0,162,5.60947179518496,16.492422502470642,0.0,0.0,0,0.0,8654
barrel_shifter_8bit,8,3,6.75,27,4,0,0,3,0,0,0,0,0,0,0,0,0,0,39,0,0,1,0,0,0,1,0,2,1,2,1,0,1,40,34,6.375,9,0,0.0,0,0.0,0,3.332204510175204,5.196152422706632,0.0,0.0,0,0.0,1731
barrel_shift_16bit,16,4,13.0,52,4,0,3,0,0,0,0,0,0,0,0,0,0,1,83,0,1,1,0,0,1,3,0,3,2,4,2,0,1,83,66,5.0120481927710845,8,0,0.0,0,0.0,1,3.970291913552122,7.211102550927978,0.0,0.0,0,0.0,2720
barrel_shift_arm,2,2,2.0,2,1,0,0,0,0,1,11,1,1,0,0,0,5,15,62,1,0,46,6,0,0,0,4,4,2,2,52,0,1,32,19,3.4375,1,14,0.22580645161290322,4,0.0,6,1.0986122886681098,1.4142135623730951,8.0,0.0,8,0.0,1393
baudgen,10,10,10.0,10,1,0,0,0,0,1,0,0,1,0,0,0,0,8,38,1,0,2,0,0,0,0,2,1,1,2,2,0,1,22,7,2.227272727272727,0,2,0.05263157894736842,2,0.0,0,2.3978952727983707,3.1622776601683795,20.0,0.0,20,0.0,413
baud_rate_gen,6,2,4.25,17,4,0,0,0,0,1,0,2,0,6,0,0,0,13,150,6,7,8,2,0,2,3,5,6,4,2,12,0,1,58,17,3.586206896551724,3,3,0.02,5,0.04,4,2.8903717578961645,4.123105625617661,21.25,0.2,85,25.5,2104
baud_rate_generator,1,1,1.0,1,0,0,0,0,1,1,1,0,2,0,0,0,0,4,26,1,1,1,0,0,1,0,1,1,1,2,2,0,1,25,6,1.68,0,4,0.15384615384615385,1,0.0,1,0.6931471805599453,1.0,1.0,0.0,1,0.0,486
bcd,13,4,5.8,29,5,0,0,0,0,4,1,0,1,0,0,0,4,13,61,1,0,4,0,1,0,0,4,1,4,2,4,0,1,20,9,3.6,0,6,0.09836065573770492,4,0.0,0,3.4011973816621555,5.385164807134504,23.2,0.0,116,0.0,716
bcd27sega,7,4,5.5,11,2,0,0,0,0,0,0,0,0,0,0,0,0,11,23,1,0,0,2,0,0,0,1,1,1,2,2,0,1,25,12,1.52,1,0,0.0,1,0.0,2,2.4849066497880004,3.3166247903554,5.5,0.0,11,0.0,405
bcd27segc,7,4,5.5,11,2,0,0,0,0,0,0,0,0,0,0,0,0,11,22,1,0,0,2,0,0,0,1,1,1,2,2,0,1,25,12,1.52,1,0,0.0,1,0.0,2,2.4849066497880004,3.3166247903554,5.5,0.0,11,0.0,404
bcdconvert,28,2,9.31578947368421,177,19,0,4,2,0,8,0,0,1,4,0,0,1,32,129,1,2,7,4,0,0,0,6,3,2,2,11,0,1,40,19,3.95,4,9,0.06976744186046512,6,0.031007751937984496,4,5.181783550292085,13.30413469565007,55.89473684210526,0.18604651162790697,1062,37.26315789473684,3632
bcdconverter,32,4,9.6,48,5,1,0,0,0,4,1,0,0,0,0,0,4,13,47,1,0,4,0,1,0,0,4,1,4,2,4,0,1,19,9,3.736842105263158,0,5,0.10638297872340426,4,0.0,0,3.8918202981106265,6.928203230275509,38.4,0.0,192,0.0,760
bcdcounter,4,4,4.0,12,3,0,0,0,0,1,0,0,1,0,0,0,0,10,37,2,2,2,0,0,0,0,3,1,2,2,2,0,1,29,9,2.1724137931034484,0,2,0.05405405405405406,3,0.0,0,2.5649493574615367,3.4641016151377544,12.0,0.0,36,0.0,647
bcdto7led,8,4,6.0,12,2,0,0,1,0,0,0,0,0,0,0,0,0,20,35,1,0,10,0,0,0,0,1,1,1,2,10,0,1,23,13,2.739130434782609,2,0,0.0,1,0.0,0,2.5649493574615367,3.4641016151377544,6.0,0.0,12,0.0,649
bcdto7segment,7,4,5.5,11,2,0,0,0,0,0,0,0,0,0,0,0,0,0,28,1,0,0,2,0,0,0,1,1,1,2,2,0,1,25,12,1.52,1,0,0.0,1,0.0,2,2.4849066497880004,3.3166247903554,5.5,0.0,11,0.0,538
bcdto7segment_dataflow,7,4,5.5,11,2,0,0,0,0,0,0,0,1,0,0,0,0,16,31,1,0,0,2,0,0,0,1,1,1,2,2,0,1,46,17,1.391304347826087,1,1,0.03225806451612903,1,0.0,2,2.4849066497880004,3.3166247903554,5.5,0.0,11,0.0,774
bcdtofnc_decoder,8,4,6.666666666666667,20,3,0,0,2,0,0,0,0,1,0,0,0,0,0,36,1,1,1,2,0,0,0,1,2,1,2,3,0,1,43,15,1.5813953488372092,1,1,0.027777777777777776,1,0.0,2,3.044522437723423,4.47213595499958,6.666666666666667,0.0,20,0.0,857
bcdtofnd_decoder,8,4,6.666666666666667,20,3,0,0,2,0,0,0,1,1,0,0,0,0,0,35,1,1,1,2,0,0,0,1,2,1,2,3,0,1,43,15,1.5348837209302326,1,2,0.05714285714285714,1,0.0,2,3.044522437723423,4.47213595499958,6.666666666666667,0.0,20,0.0,835
bcdtosevenseg,7,4,5.5,11,2,0,0,0,0,0,0,1,0,0,0,0,0,0,27,1,0,0,2,0,0,0,1,1,1,2,2,0,1,35,12,1.3714285714285714,1,1,0.037037037037037035,1,0.0,2,2.4849066497880004,3.3166247903554,5.5,0.0,11,0.0,608
bcd_7seg,8,4,5.0,20,4,0,0,1,0,0,0,1,1,0,0,0,0,0,55,1,0,0,4,0,0,0,2,2,2,2,4,0,1,37,13,1.837837837837838,1,2,0.03636363636363636,2,0.0,4,3.044522437723423,4.47213595499958,10.0,0.0,40,0.0,931
bcd_7_seg,7,4,5.5,11,2,0,0,0,0,0,0,0,0,0,0,0,0,0,20,1,0,0,2,0,0,0,1,1,1,2,2,0,1,23,12,1.565217391304348,1,0,0.0,1,0.0,2,2.4849066497880004,3.3166247903554,5.5,0.0,11,0.0,300
bcd_8421,44,4,5.461538461538462,213,39,0,0,0,0,7,0,0,0,6,0,0,1,49,76,4,0,67,0,0,6,3,9,3,6,2,73,0,1,33,37,5.878787878787879,3,7,0.09210526315789473,9,0.07894736842105263,6,5.365976015021851,14.594519519326424,49.15384615384615,0.7105263157894737,1917,32.769230769230774,2671
bcd_adder,5,4,4.111111111111111,37,9,0,0,0,0,3,0,0,0,0,0,0,0,1,56,1,0,1,0,0,0,2,6,2,2,4,1,0,1,21,13,4.476190476190476,3,3,0.05357142857142857,6,0.0,0,3.6375861597263857,6.082762530298219,24.666666666666664,0.0,222,0.0,975
bcd_convert,12,4,5.75,69,12,0,0,0,0,4,1,0,1,0,0,0,0,4,48,1,0,3,0,1,0,0,1,1,1,2,3,0,1,16,13,2.4375,1,6,0.125,1,0.0,0,4.248495242049359,8.306623862918075,5.75,0.0,69,0.0,608
bcd_decoder,9,2,5.25,21,4,0,0,0,0,0,0,2,0,0,0,0,1,2,29,1,1,0,2,0,0,0,1,3,1,2,2,0,1,23,6,1.565217391304348,0,2,0.06896551724137931,1,0.0,2,3.091042453358316,4.58257569495584,5.25,0.0,21,0.0,648
bcd_encoder_2_digit,6,4,4.666666666666667,14,3,0,0,0,0,0,0,0,0,0,0,0,0,36,36,2,0,17,0,0,0,0,2,1,2,2,17,0,1,24,21,4.625,4,0,0.0,2,0.0,0,2.70805020110221,3.7416573867739413,9.333333333333334,0.0,28,0.0,1044
bch_decoder,10,10,10.0,80,8,0,0,0,0,0,0,0,1,0,0,6,0,14,52,2,0,1,0,0,0,0,3,4,2,2,1,0,1,22,29,3.090909090909091,1,1,0.019230769230769232,15,0.11538461538461539,0,4.394449154672439,8.94427190999916,30.0,1.7307692307692308,1200,60.0,747
bcu,3,2,2.5,5,2,0,0,0,0,0,0,1,1,6,6,0,0,13,65,1,0,10,0,0,0,0,2,11,2,2,10,0,1,37,14,3.72972972972973,4,2,0.03076923076923077,2,0.18461538461538463,0,1.791759469228055,2.23606797749979,5.0,0.36923076923076925,10,15.0,930
be,28,2,27.865284974093264,5378,193,0,0,0,0,0,0,0,0,0,0,0,0,0,615,0,0,0,0,0,0,129,0,37,33,2,0,0,1,211,129,5.132701421800948,3,0,0.0,0,0.0,0,8.590257762273243,73.33484846919642,0.0,0.0,0,0.0,16103
behavioral_full_adder_64,65,64,64.33333333333333,193,3,0,0,0,0,1,0,0,1,0,0,0,0,0,14,0,1,0,0,0,0,0,0,2,1,2,0,0,1,10,2,1.4,0,2,0.14285714285714285,0,0.0,0,5.267858159063328,13.892443989449804,0.0,0.0,0,0.0,152
benchmarkreduce,1,1,1.0,1,0,0,0,0,1,9,7,1,0,0,0,0,0,4,44,3,2,5,0,0,0,2,3,5,2,2,5,0,1,31,8,2.967741935483871,0,17,0.38636363636363635,3,0.0,0,0.6931471805599453,1.0,3.0,0.0,3,0.0,769
beta_sram,16,16,16.0,16,1,0,1,0,0,14,7,0,1,0,0,0,0,28,75,1,0,2,0,0,0,0,3,4,2,2,2,0,1,49,25,3.693877551020408,2,22,0.29333333333333333,3,0.0,0,2.833213344056216,4.0,48.0,0.0,48,0.0,2027
be_delay,28,2,27.679012345679013,4484,162,0,0,0,0,0,0,1,0,0,0,0,0,68,449,3,1,3,0,0,1,1,65,68,33,2,4,0,1,151,68,4.913907284768212,4,1,0.0022271714922048997,65,0.0,1,8.408493774492896,66.96267617113283,1799.1358024691358,0.0,291460,0.0,11259
be_level0,28,2,27.865284974093264,5378,193,0,0,0,0,16,16,5,0,0,0,0,0,12,874,5,32,17,0,0,0,32,96,34,32,2,17,0,1,179,96,9.022346368715084,43,37,0.04233409610983982,96,0.0,0,8.590257762273243,73.33484846919642,2675.067357512953,0.0,516288,0.0,22288
be_level1,28,2,27.820689655172412,4034,145,0,0,0,0,8,8,4,0,0,0,0,0,139,559,5,16,12,0,0,0,16,64,37,32,2,12,0,1,136,65,7.227941176470588,11,20,0.03577817531305903,64,0.0,0,8.302761580704049,63.51377803280167,1780.5241379310344,0.0,258176,0.0,13395
bht,32,2,24.5,98,4,3,0,0,0,4,4,1,1,0,0,0,1,10,73,2,2,5,0,1,0,2,2,5,1,2,5,0,1,37,13,3.108108108108108,2,10,0.136986301369863,2,0.0,0,4.59511985013459,9.899494936611665,49.0,0.0,196,0.0,1212
bicount,4,3,3.5,21,6,0,0,0,0,0,0,0,0,32,11,4,0,0,38,0,6,0,0,0,0,6,0,1,2,2,0,0,1,33,53,4.151515151515151,1,0,0.0,8,1.236842105263158,0,3.091042453358316,4.58257569495584,0.0,9.894736842105264,168,126.0,1139
bigalu,32,4,16.428571428571427,115,7,3,0,0,0,1,1,1,0,1,1,1,4,13,28,1,0,0,2,0,3,0,2,3,2,2,5,0,1,31,13,2.7096774193548385,3,3,0.10714285714285714,4,0.10714285714285714,5,4.7535901911063645,10.723805294763608,32.857142857142854,0.42857142857142855,460,32.857142857142854,722
bigalu23bit,5,4,4.833333333333333,29,6,0,0,0,0,1,3,1,1,1,1,0,4,10,69,1,0,1,2,0,0,0,3,27,2,2,3,0,1,38,15,2.973684210526316,2,6,0.08695652173913043,3,0.028985507246376812,2,3.4011973816621555,5.385164807134504,14.5,0.08695652173913043,87,4.833333333333333,1064
bigproduct,22,11,14.666666666666666,44,3,0,0,0,0,0,0,1,0,0,0,0,0,0,10,1,0,0,0,0,0,0,1,2,1,2,0,0,1,12,3,1.5,0,1,0.1,1,0.0,0,3.8066624897703196,6.6332495807108,14.666666666666666,0.0,44,0.0,190
bilbo_lfsr,2,2,2.0,2,1,0,0,0,0,0,6,0,0,3,1,2,1,36,99,1,2,9,0,0,30,5,9,4,2,2,39,0,1,61,37,2.3934426229508197,1,6,0.06060606060606061,13,0.06060606060606061,30,1.0986122886681098,1.4142135623730951,18.0,0.7878787878787878,26,10.0,1779
bin2bcd,16,4,5.769230769230769,150,26,0,1,0,0,5,0,0,0,0,0,0,0,9,40,1,0,4,0,1,0,0,7,1,4,2,4,0,1,23,20,3.391304347826087,1,5,0.125,7,0.0,0,5.017279836814924,12.24744871391589,40.38461538461539,0.0,1050,0.0,716
bin2seg,7,4,5.5,11,2,0,0,0,0,0,0,1,1,0,0,0,0,0,36,1,0,1,2,0,0,0,1,2,1,2,3,0,1,33,20,1.6666666666666667,1,2,0.05555555555555555,1,0.0,2,2.4849066497880004,3.3166247903554,5.5,0.0,11,0.0,718
binary,3,3,3.0,6,2,0,0,0,0,0,0,0,0,0,0,0,0,41,86,2,0,16,2,0,0,0,2,2,1,2,18,0,1,37,28,4.648648648648648,5,0,0.0,2,0.0,2,1.9459101490553132,2.449489742783178,6.0,0.0,12,0.0,1160
binary2bcd,8,4,5.6,28,5,0,0,2,0,0,0,0,2,0,0,0,0,0,20,1,0,0,0,0,0,0,4,1,3,2,0,0,1,14,7,2.142857142857143,0,2,0.1,4,0.0,0,3.367295829986474,5.291502622129181,22.4,0.0,112,0.0,302
binary2bcd1,6,4,5.0,20,4,0,0,0,0,0,0,0,1,0,0,0,0,0,16,1,0,0,0,0,0,0,3,1,2,2,0,0,1,13,4,1.7692307692307692,0,1,0.0625,3,0.0,0,3.044522437723423,4.47213595499958,15.0,0.0,60,0.0,232
binarycounter,1,1,1.0,1,0,0,0,0,1,1,1,0,0,0,0,0,0,3,21,1,0,2,0,0,0,0,1,1,1,2,2,0,1,21,4,1.4285714285714286,0,2,0.09523809523809523,1,0.0,0,0.6931471805599453,1.0,1.0,0.0,1,0.0,308
binarydecoder,20,4,7.555555555555555,68,9,0,0,4,0,0,0,1,1,0,0,0,0,0,60,1,1,0,0,0,0,7,3,2,3,2,0,0,1,30,7,2.066666666666667,0,2,0.03333333333333333,3,0.0,0,4.23410650459726,8.246211251235321,22.666666666666664,0.0,204,0.0,1093
binarytobcd,13,4,5.8,29,5,0,0,0,0,4,1,0,1,0,0,0,4,13,44,1,0,4,0,1,0,0,4,1,4,2,4,0,1,21,9,3.4761904761904763,0,6,0.13636363636363635,4,0.0,0,3.4011973816621555,5.385164807134504,23.2,0.0,116,0.0,981
binary_counter,1,1,1.0,1,0,0,0,0,1,0,0,0,0,0,0,0,0,3,21,1,1,2,0,0,0,0,1,5,5,4,2,0,1,29,11,3.0344827586206895,1,0,0.0,1,0.0,0,0.6931471805599453,1.0,1.0,0.0,1,0.0,494
binary_to_bcd,8,4,5.0,20,4,0,0,1,0,3,1,0,0,0,0,0,3,10,34,1,0,3,0,1,0,0,3,1,3,2,3,0,1,18,10,3.4444444444444446,0,4,0.11764705882352941,3,0.0,0,3.044522437723423,4.47213595499958,15.0,0.0,60,0.0,778
binary_to_bcd_10,10,3,3.588235294117647,61,17,0,0,0,0,0,0,0,0,0,0,0,0,0,61,0,16,0,0,0,0,2,0,1,1,2,0,0,1,50,16,3.14,2,0,0.0,0,0.0,0,4.127134385045092,7.810249675906654,0.0,0.0,0,0.0,1077
binary_up_counter,4,4,4.0,8,2,0,0,0,0,1,0,0,0,0,0,0,0,3,23,1,0,2,0,0,0,0,1,2,1,2,2,0,1,19,6,1.8421052631578947,0,1,0.043478260869565216,1,0.0,0,2.1972245773362196,2.8284271247461903,4.0,0.0,8,0.0,244
bindec3,4,4,4.0,12,3,0,0,0,0,0,0,0,1,0,0,0,0,0,79,1,0,0,2,0,0,0,1,1,1,2,2,0,1,27,14,1.8518518518518519,1,1,0.012658227848101266,1,0.0,2,2.5649493574615367,3.4641016151377544,4.0,0.0,12,0.0,534
bintobcd,32,4,18.0,36,2,1,0,0,0,8,1,0,0,0,0,0,8,29,100,1,0,12,0,1,0,0,1,2,5,2,12,0,1,33,13,5.96969696969697,10,9,0.09,1,0.0,0,3.6109179126442243,6.0,18.0,0.0,36,0.0,2013
bintobcd27,36,3,4.307086614173229,1094,254,0,1,0,0,0,0,0,1,0,0,0,0,22,398,1,0,1,0,0,0,108,12,2,9,2,1,0,1,249,108,4.473895582329317,9,1,0.002512562814070352,12,0.0,0,6.9985096422506015,33.075670817082454,51.68503937007874,0.0,13128,0.0,15348
bintodeccharh8,64,4,12.7,635,50,1,5,6,0,19,30,1,1,14,22,0,0,11,355,3,30,1,4,0,38,50,4,23,1,2,43,0,1,108,81,7.435185185185185,23,51,0.14366197183098592,4,0.10140845070422536,42,6.455198563340122,25.199206336708304,50.8,0.4056338028169014,2540,177.79999999999998,14335
bintodech8engine,27,4,5.411764705882353,276,51,0,1,0,0,0,1,0,1,0,8,0,0,29,323,3,11,3,0,0,8,32,3,4,19,2,11,0,1,89,32,4.213483146067416,6,2,0.006191950464396285,3,0.02476780185758514,8,5.6240175061873385,16.61324772583615,16.235294117647058,0.07430340557275542,828,0.0,5610
bin_7seg,7,4,6.0,18,3,0,0,0,0,0,0,0,0,0,0,0,0,0,37,1,0,0,2,0,0,0,1,1,1,2,2,0,1,43,19,1.4883720930232558,1,0,0.0,1,0.0,2,2.9444389791664403,4.242640687119285,6.0,0.0,18,0.0,823
bin_bcd,28,4,5.739130434782608,132,23,0,0,0,0,5,0,0,1,0,0,0,1,7,55,1,0,25,0,1,0,0,5,1,4,2,25,0,1,21,21,3.5714285714285716,1,6,0.10909090909090909,5,0.0,0,4.890349128221754,11.489125293076057,28.695652173913043,0.0,660,0.0,1159
bin_display,12,2,5.083333333333333,122,24,0,0,0,0,7,1,0,1,33,8,0,0,12,75,2,12,3,2,1,0,2,5,2,2,2,5,0,1,43,16,4.27906976744186,5,9,0.12,5,0.5466666666666666,2,4.812184355372417,11.045361017187261,25.416666666666664,2.7333333333333334,610,167.75,1752
bin_to_7seg,7,4,5.5,11,2,0,0,0,0,0,0,1,1,0,0,0,0,0,33,1,0,0,2,0,0,0,1,1,1,2,2,0,1,44,17,1.3863636363636365,1,2,0.06060606060606061,1,0.0,2,2.4849066497880004,3.3166247903554,5.5,0.0,11,0.0,750
bin_to_bcd,16,4,6.2,93,15,0,1,0,0,5,1,0,1,0,0,0,0,5,26,1,0,4,0,1,0,0,1,1,1,2,4,0,1,16,16,2.6875,1,7,0.2692307692307692,1,0.0,0,4.543294782270004,9.643650760992955,6.2,0.0,93,0.0,501
bin_to_dec,64,6,59.65986394557823,8770,147,2,0,0,0,0,1,1,0,0,0,0,0,0,252,0,1,0,0,0,0,146,0,1,1,2,0,0,1,269,146,2.8810408921933086,8,2,0.007936507936507936,0,0.0,0,9.079206103951382,93.64827814754524,0.0,0.0,0,0.0,18433
bissc,40,3,21.0,189,9,0,0,0,0,8,0,0,0,1,0,0,0,27,80,1,2,7,2,0,0,0,6,4,2,2,9,0,1,38,16,4.131578947368421,4,8,0.1,6,0.0125,2,5.247024072160486,13.74772708486752,126.0,0.07500000000000001,1134,21.0,1380
bitbang,32,4,17.6,88,5,2,1,0,0,0,6,0,0,5,0,0,0,18,97,4,0,6,0,0,0,0,9,4,3,2,6,0,1,34,9,3.6176470588235294,0,6,0.061855670103092786,9,0.05154639175257732,0,4.48863636973214,9.38083151964686,158.4,0.46391752577319584,792,88.0,1376
bitscan,1,1,1.0,1,0,0,0,0,1,0,3,0,0,1,0,0,0,0,32,0,1,0,0,0,0,0,0,1,1,2,0,0,1,10,4,1.7,0,3,0.09375,0,0.03125,0,0.6931471805599453,1.0,0.0,0.0,0,1.0,159
bitshift,16,2,11.314285714285715,396,35,0,23,0,0,0,0,0,0,0,0,0,0,1,187,0,1,9,0,0,1,43,0,26,11,22,10,0,1,70,309,16.057142857142857,13,0,0.0,0,0.0,1,5.983936280687191,19.8997487421324,0.0,0.0,0,0.0,6216
bitstream_buffer,128,2,14.947712418300654,2287,153,0,116,2,0,21,8,0,0,38,6,0,0,219,278,9,0,27,4,8,0,0,9,13,136,2,31,0,1,42,153,13.785714285714286,10,29,0.10431654676258993,9,0.15827338129496402,4,7.7354333524996886,47.82258880487337,134.52941176470588,1.424460431654676,20583,568.0130718954249,10985
bitstream_controller,64,3,10.5,189,18,0,1,0,0,4,2,0,0,16,0,0,0,59,242,4,3,19,2,47,6,1,13,25,13,2,27,0,1,78,25,4.653846153846154,7,6,0.024793388429752067,13,0.06611570247933884,8,5.247024072160486,13.74772708486752,136.5,0.859504132231405,2457,168.0,6242
bitstuffing,3,3,3.0,3,1,0,0,0,0,1,0,0,0,0,0,0,0,20,61,1,2,4,0,0,0,2,4,1,1,2,4,0,1,29,9,3.4827586206896552,0,1,0.01639344262295082,4,0.0,0,1.3862943611198906,1.7320508075688772,12.0,0.0,12,0.0,944
bitwise_and,8,8,8.0,24,3,0,0,3,0,0,0,0,0,1,0,0,0,0,20,1,2,1,0,0,0,0,1,3,2,2,1,0,1,20,3,1.7,0,0,0.0,1,0.05,0,3.2188758248682006,4.898979485566356,8.0,0.05,24,8.0,227
bitwise_or,8,8,8.0,24,3,0,0,3,0,0,0,0,0,0,1,0,0,0,20,1,2,1,0,0,0,0,1,3,2,2,1,0,1,20,3,1.7,0,0,0.0,1,0.05,0,3.2188758248682006,4.898979485566356,8.0,0.05,24,0.0,226
bit_7_lfsr,6,6,6.0,18,3,0,0,0,0,0,0,0,1,0,0,1,0,7,51,1,1,2,0,0,0,0,1,4,1,2,2,0,1,20,16,2.3,1,1,0.0196078431372549,3,0.0196078431372549,0,2.9444389791664403,4.242640687119285,6.0,0.058823529411764705,54,6.0,854
bit_counter,3,3,3.0,3,1,0,0,0,0,1,0,0,0,0,0,0,0,2,19,1,0,2,0,0,0,3,1,3,1,2,2,0,1,23,4,1.6956521739130435,0,1,0.05263157894736842,1,0.0,0,1.3862943611198906,1.7320508075688772,3.0,0.0,3,0.0,397
bit_destuff,3,3,3.0,3,1,0,0,0,0,1,0,0,1,2,0,0,0,1,47,1,0,2,0,0,0,0,3,2,1,2,2,0,1,18,5,2.2777777777777777,0,2,0.0425531914893617,3,0.0425531914893617,0,1.3862943611198906,1.7320508075688772,9.0,0.1276595744680851,9,6.0,537
biu,64,2,39.94117647058823,679,17,3,0,1,0,0,0,3,0,64,17,0,0,44,355,7,39,105,6,0,17,72,19,21,29,2,128,0,1,189,72,4.523809523809524,14,3,0.008450704225352112,19,0.22816901408450704,23,6.522092798170152,26.057628441590765,758.8823529411764,4.335211267605634,12901,2556.235294117647,13601
bi_direc,27,7,13.666666666666666,41,3,0,0,0,0,1,1,0,1,0,0,0,0,6,95,2,0,4,0,0,0,1,3,6,2,4,4,0,1,28,7,2.892857142857143,0,3,0.031578947368421054,3,0.0,0,3.7376696182833684,6.4031242374328485,41.0,0.0,123,0.0,806
blackjack,32,3,11.837209302325581,509,43,7,3,18,0,1,1,3,0,5,1,0,0,49,352,4,0,28,6,0,0,18,10,8,12,2,34,0,1,129,51,5.162790697674419,15,5,0.014204545454545454,10,0.017045454545454544,6,6.234410725718371,22.561028345356956,118.37209302325581,0.17045454545454544,5090,59.18604651162791,6092
bldc,6,2,3.375,27,8,0,0,0,0,0,0,0,1,12,0,0,0,1,52,1,6,0,2,0,6,9,1,6,3,2,8,0,1,47,9,2.404255319148936,0,1,0.019230769230769232,1,0.23076923076923078,8,3.332204510175204,5.196152422706632,3.375,0.23076923076923078,27,40.5,1185
blink,32,32,32.0,128,4,4,0,0,0,1,1,0,1,1,0,0,0,3,67,1,1,1,0,0,0,0,9,1,1,2,1,0,1,34,9,1.9705882352941178,0,3,0.04477611940298507,9,0.014925373134328358,0,4.859812404361672,11.313708498984761,288.0,0.13432835820895522,1152,32.0,652
blinky,25,25,25.0,25,1,0,0,0,0,1,0,0,0,0,0,0,0,1,39,1,8,0,0,0,0,0,1,1,8,2,0,0,1,21,11,3.0,1,1,0.02564102564102564,1,0.0,0,3.258096538021482,5.0,25.0,0.0,25,0.0,599
blinky_binary,1,1,1.0,1,0,0,0,0,1,0,0,0,1,1,1,0,0,4,60,1,3,2,0,0,0,3,1,4,1,2,2,0,1,26,5,2.0384615384615383,0,1,0.016666666666666666,1,0.03333333333333333,0,0.6931471805599453,1.0,1.0,0.03333333333333333,1,1.0,848
blinky_jtag_uart,8,6,7.0,14,2,0,0,1,0,0,3,0,5,16,4,0,0,50,589,8,25,210,0,5,4,41,21,24,21,10,214,0,1,83,41,8.228915662650602,22,8,0.013582342954159592,21,0.03395585738539898,4,2.70805020110221,3.7416573867739413,147.0,0.7130730050933787,294,112.0,11396
blinky_lcd,12,12,12.0,12,1,0,0,0,0,0,0,0,1,5,1,0,0,5,68,1,4,2,0,0,0,4,1,6,2,2,2,0,1,29,6,2.3793103448275863,0,1,0.014705882352941176,1,0.08823529411764706,0,2.5649493574615367,3.4641016151377544,12.0,0.08823529411764706,12,60.0,1112
blinky_lcd_16207_0,1,1,1.0,1,0,0,0,0,1,0,0,0,1,0,1,0,0,0,68,0,5,0,0,0,1,5,0,7,4,2,1,0,1,22,7,3.090909090909091,0,1,0.014705882352941176,0,0.014705882352941176,1,0.6931471805599453,1.0,0.0,0.0,0,0.0,1267
blinky_leds,2,2,2.0,2,1,0,0,0,0,0,0,0,1,5,1,0,0,5,68,1,4,2,0,0,0,4,1,6,2,2,2,0,1,29,6,2.3793103448275863,0,1,0.014705882352941176,1,0.08823529411764706,0,1.0986122886681098,1.4142135623730951,2.0,0.08823529411764706,2,10.0,1122
blinky_switches,1,1,1.0,1,0,0,0,0,1,0,0,0,1,1,1,0,0,4,60,1,3,2,0,0,0,3,1,4,1,2,2,0,1,26,5,2.0384615384615383,0,1,0.016666666666666666,1,0.03333333333333333,0,0.6931471805599453,1.0,1.0,0.03333333333333333,1,1.0,866
block,4,3,3.9130434782608696,90,23,0,0,0,0,19,20,8,1,0,0,0,0,16,294,6,0,14,0,5,0,0,31,6,2,2,14,0,1,64,32,7.765625,19,48,0.16326530612244897,31,0.0,0,4.51085950651685,9.486832980505138,121.30434782608695,0.0,2790,0.0,6292
block_add_sub,28,28,28.0,112,4,0,0,0,0,0,0,0,0,0,0,1,0,1,58,0,1,0,0,0,1,5,0,5,3,2,1,0,1,30,5,2.2,0,0,0.0,2,0.017241379310344827,1,4.727387818712341,10.583005244258363,0.0,0.034482758620689655,224,28.0,837
block_div,51,51,51.0,306,6,0,0,0,0,1,1,1,0,0,2,0,2,5,49,1,3,1,0,1,0,2,1,2,1,2,1,0,1,24,10,2.4166666666666665,0,3,0.061224489795918366,1,0.04081632653061224,0,5.726847747587197,17.4928556845359,51.0,0.04081632653061224,306,0.0,594
block_mul,48,24,32.0,96,3,0,0,0,0,0,0,1,0,0,0,0,0,0,13,0,1,0,0,0,0,0,0,2,1,2,0,0,1,9,2,1.4444444444444444,0,1,0.07692307692307693,0,0.0,0,4.574710978503383,9.797958971132712,0.0,0.0,0,0.0,167
block_norm,28,3,15.11111111111111,136,9,0,0,2,0,1,1,0,0,1,0,0,1,7,65,0,4,12,0,0,6,4,0,6,2,2,18,0,1,33,8,2.515151515151515,0,2,0.03076923076923077,0,0.015384615384615385,6,4.919980925828125,11.661903789690601,0.0,0.0,0,15.11111111111111,928
bmc,12,12,12.0,36,3,0,0,0,0,6,4,0,0,0,0,0,0,0,10,0,4,0,0,0,0,0,0,2,1,2,0,0,1,14,6,3.0714285714285716,0,10,1.0,0,0.0,0,3.6109179126442243,6.0,0.0,0.0,0,0.0,230
bmg,1,1,1.0,1,0,0,0,0,1,0,11,2,0,3,0,19,0,5,126,3,19,2,0,0,0,7,3,6,3,6,2,0,1,88,19,3.4204545454545454,5,13,0.10317460317460317,41,0.1746031746031746,0,0.6931471805599453,1.0,3.0,7.158730158730158,41,22.0,2668
bmr,4,4,4.0,44,11,0,0,0,0,1,1,0,1,0,0,0,1,2,58,0,5,2,0,0,0,1,0,5,5,10,2,0,1,36,5,2.7777777777777777,0,3,0.05172413793103448,0,0.0,0,3.8066624897703196,6.6332495807108,0.0,0.0,0,0.0,550
bmu,2,2,2.0,4,2,0,0,0,0,0,0,0,0,8,0,0,0,40,71,1,0,4,0,0,0,0,1,1,1,2,4,0,1,25,16,5.08,1,0,0.0,1,0.11267605633802817,0,1.6094379124341003,2.0,2.0,0.11267605633802817,4,16.0,1137
bonus,8,3,5.285714285714286,37,7,0,0,2,0,1,0,0,0,1,0,0,0,15,42,2,4,6,0,0,6,1,3,2,1,2,12,0,1,35,10,3.3142857142857145,0,1,0.023809523809523808,3,0.023809523809523808,6,3.6375861597263857,6.082762530298219,15.857142857142858,0.07142857142857142,111,5.285714285714286,952
boolean_9,16,6,13.5,54,4,0,3,0,0,13,12,8,0,0,0,0,0,1,40,1,0,0,2,1,0,0,1,3,1,2,2,0,1,25,12,2.64,1,33,0.825,1,0.0,2,4.007333185232471,7.3484692283495345,13.5,0.0,54,0.0,707
booth,64,2,28.235294117647058,480,17,4,0,0,0,7,0,2,0,1,0,0,0,16,116,3,2,4,6,0,0,1,23,5,3,2,10,0,1,56,14,4.392857142857143,5,9,0.07758620689655173,23,0.008620689655172414,6,6.175867270105761,21.908902300206645,649.4117647058823,0.19827586206896552,11040,28.235294117647058,3494
booth_enc,12,2,3.6285714285714286,127,35,0,0,1,0,0,0,0,1,0,32,0,0,24,32,0,16,0,0,0,0,1,0,1,1,2,0,0,1,18,33,5.611111111111111,3,1,0.03125,0,1.0,0,4.852030263919617,11.269427669584644,0.0,0.0,0,0.0,1066
booth_selector,33,31,32.25,258,8,2,0,0,0,0,0,0,1,16,5,0,0,0,49,0,5,0,0,0,0,4,0,4,2,2,0,0,1,20,7,3.35,0,1,0.02040816326530612,0,0.42857142857142855,0,5.556828061699537,16.06237840420901,0.0,0.0,0,516.0,822
bootrom,32,12,28.363636363636363,312,11,9,0,0,0,0,0,0,1,0,0,0,0,0,236,0,0,6,0,0,0,18,5,5,4,2,6,0,1,71,26,1.8873239436619718,1,1,0.00423728813559322,5,0.0,0,5.746203190540153,17.663521732655695,141.8181818181818,0.0,1560,0.0,2259
box_ave,1,1,1.0,1,0,0,0,0,1,3,6,0,0,4,0,0,1,12,92,4,3,4,0,0,0,2,6,3,2,2,4,0,1,30,6,3.5,0,9,0.09782608695652174,6,0.043478260869565216,0,0.6931471805599453,1.0,6.0,0.2608695652173913,6,4.0,1564
bp,32,2,22.0,66,3,2,0,0,0,16,26,4,0,34,5,0,0,56,252,9,3,25,0,5,3,19,24,15,3,4,28,0,1,93,40,6.741935483870968,13,46,0.18253968253968253,24,0.15476190476190477,3,4.204692619390966,8.12403840463596,528.0,3.7142857142857144,1584,748.0,9794
bram,1,1,1.0,1,0,0,0,0,1,0,5,4,0,0,0,0,0,2,35,1,0,2,0,0,0,0,2,7,3,2,2,0,1,25,5,1.96,0,9,0.2571428571428571,2,0.0,0,0.6931471805599453,1.0,2.0,0.0,2,0.0,673
bram1,8,8,8.0,24,3,0,0,3,0,0,5,2,0,0,0,0,0,2,29,1,0,2,0,0,0,0,2,6,1,2,2,0,1,27,6,1.9259259259259258,0,7,0.2413793103448276,2,0.0,0,3.2188758248682006,4.898979485566356,16.0,0.0,48,0.0,509
bram11,32,4,13.266666666666667,199,15,3,0,8,0,0,0,0,0,1,0,0,5,15,34,2,1,5,0,0,0,6,2,5,1,2,5,0,1,21,7,3.4285714285714284,0,0,0.0,2,0.029411764705882353,0,5.298317366548036,14.106735979665885,26.533333333333335,0.058823529411764705,398,13.266666666666667,696
bram12,32,4,14.5,232,16,4,0,8,0,0,0,0,0,1,0,0,5,15,41,2,1,5,0,0,0,6,3,5,1,2,5,0,1,22,7,3.3636363636363638,0,0,0.0,3,0.024390243902439025,0,5.4510384535657,15.231546211727817,43.5,0.07317073170731708,696,14.5,725
bram2,1,1,1.0,1,0,0,0,0,1,6,12,0,5,0,0,0,0,9,117,2,2,8,0,1,2,0,5,10,2,2,10,0,1,46,15,3.891304347826087,1,23,0.19658119658119658,5,0.0,2,0.6931471805599453,1.0,5.0,0.0,5,0.0,2457
bram3,8,8,8.0,24,3,0,0,3,0,0,5,2,0,0,0,0,0,2,29,1,0,2,0,0,0,0,2,6,1,2,2,0,1,27,6,1.9259259259259258,0,7,0.2413793103448276,2,0.0,0,3.2188758248682006,4.898979485566356,16.0,0.0,48,0.0,507
bram_collector_simp,8,8,8.0,16,2,0,0,2,0,1,8,1,5,0,0,0,0,13,78,1,4,2,0,0,0,0,5,4,4,2,2,0,1,38,8,3.0,0,15,0.19230769230769232,5,0.0,0,2.833213344056216,4.0,40.0,0.0,80,0.0,1636
branch,3,3,3.0,6,2,0,0,0,0,3,12,0,1,14,0,0,0,56,230,3,7,9,2,0,0,18,23,11,7,2,11,0,1,81,18,4.592592592592593,7,16,0.06956521739130435,23,0.06086956521739131,2,1.9459101490553132,2.449489742783178,69.0,1.4000000000000001,138,42.0,6949
branchalu,32,5,23.0,69,3,2,0,0,0,0,0,1,0,0,0,0,0,6,22,1,0,0,2,0,0,0,1,3,1,2,2,0,1,18,8,2.388888888888889,0,1,0.045454545454545456,1,0.0,2,4.248495242049359,8.306623862918075,23.0,0.0,69,0.0,611
branchcomp,32,32,32.0,64,2,2,0,0,0,0,0,0,0,0,0,0,0,2,30,1,0,3,0,0,0,0,2,3,2,2,3,0,1,17,5,2.6470588235294117,0,0,0.0,2,0.0,0,4.174387269895637,8.0,64.0,0.0,128,0.0,401
branchcontrolunit,3,3,3.0,3,1,0,0,0,0,0,0,1,1,0,0,0,0,2,31,1,0,1,2,0,0,0,1,6,1,2,3,0,1,22,8,2.1818181818181817,0,2,0.06451612903225806,1,0.0,2,1.3862943611198906,1.7320508075688772,3.0,0.0,3,0.0,644
branchctrl,32,2,9.75,39,4,1,0,0,0,0,0,1,0,12,0,0,0,15,30,1,0,3,2,0,6,0,1,4,1,2,11,0,1,25,11,2.64,1,1,0.03333333333333333,1,0.4,8,3.6888794541139363,6.244997998398398,9.75,0.4,39,117.0,640
branchcu,3,2,2.5,5,2,0,0,0,0,0,1,0,1,14,12,0,0,13,35,0,3,0,0,0,0,9,0,7,1,2,0,0,1,25,9,2.6,0,2,0.05714285714285714,0,0.7428571428571429,0,1.791759469228055,2.23606797749979,0.0,0.0,0,35.0,959
branchdecisionmaking,32,3,17.5,35,2,1,0,0,0,0,0,1,1,0,0,0,0,6,44,1,0,0,2,0,6,2,1,2,1,2,8,0,1,27,9,2.4074074074074074,0,2,0.045454545454545456,1,0.0,8,3.58351893845611,5.916079783099616,17.5,0.0,35,0.0,715
branchhandler,7,2,4.75,19,4,0,0,0,0,0,2,0,0,0,0,0,0,12,53,2,1,3,2,0,0,1,2,2,2,2,5,0,1,39,11,2.2051282051282053,1,2,0.03773584905660377,2,0.0,2,2.995732273553991,4.358898943540674,9.5,0.0,38,0.0,842
branchingunit,3,3,3.0,3,1,0,0,0,0,0,0,1,1,12,10,0,0,6,44,1,0,2,0,0,0,0,1,1,1,2,2,0,1,24,7,1.8333333333333333,0,2,0.045454545454545456,1,0.5,0,1.3862943611198906,1.7320508075688772,3.0,0.5,3,36.0,430
branchpredictor,16,3,9.636363636363637,106,11,0,4,4,0,1,0,0,0,0,0,0,0,69,213,4,0,25,0,1,0,0,7,3,3,2,25,0,1,35,34,9.542857142857143,14,1,0.004694835680751174,7,0.0,0,4.672828834461906,10.295630140987,67.45454545454545,0.0,742,0.0,3134
branchrs,2,2,2.0,4,2,0,0,0,0,3,12,1,0,2,1,0,0,57,248,3,4,6,0,1,4,46,24,38,15,4,10,0,1,114,46,5.166666666666667,11,16,0.06451612903225806,24,0.012096774193548387,4,1.6094379124341003,2.0,48.0,0.29032258064516125,96,4.0,7158
branch_comp,32,32,32.0,64,2,2,0,0,0,0,0,0,0,0,0,0,0,3,14,0,2,0,0,0,1,0,0,3,2,2,1,0,1,12,4,2.1666666666666665,0,0,0.0,0,0.0,1,4.174387269895637,8.0,0.0,0.0,0,0.0,237
branch_comparator,32,32,32.0,64,2,2,0,0,0,0,0,0,0,0,0,0,0,3,16,0,2,0,0,0,1,5,0,3,2,2,1,0,1,13,5,2.3846153846153846,0,0,0.0,0,0.0,1,4.174387269895637,8.0,0.0,0.0,0,0.0,394
branch_control,1,1,1.0,1,0,0,0,0,1,0,0,1,0,2,0,0,0,0,21,1,0,0,0,0,0,0,1,2,1,2,0,0,1,12,2,1.3333333333333333,0,1,0.047619047619047616,1,0.09523809523809523,0,0.6931471805599453,1.0,1.0,0.09523809523809523,1,2.0,147
branch_controller,16,2,5.4,27,5,0,1,0,0,0,0,1,0,30,10,0,0,113,233,1,0,16,0,0,0,0,3,4,3,2,16,0,1,41,37,9.073170731707316,13,1,0.004291845493562232,3,0.17167381974248927,0,3.332204510175204,5.196152422706632,16.200000000000003,0.5150214592274678,81,162.0,4345
branch_forward_unit,5,5,5.0,20,4,0,0,0,0,0,0,1,1,20,2,0,0,11,57,1,0,3,0,7,0,0,3,6,3,2,3,0,1,25,8,2.64,0,2,0.03508771929824561,3,0.38596491228070173,0,3.044522437723423,4.47213595499958,15.0,1.1578947368421053,60,100.0,1148
branch_halt,32,32,32.0,32,1,1,0,0,0,0,0,0,0,3,5,0,0,1,12,0,2,0,0,0,0,0,0,2,1,2,0,0,1,14,5,2.5714285714285716,0,0,0.0,0,0.6666666666666666,0,3.4965075614664802,5.656854249492381,0.0,0.0,0,96.0,258
branch_judge,33,32,32.333333333333336,97,3,2,0,0,0,0,1,0,1,0,0,0,0,1,19,0,2,3,0,0,1,4,6,2,1,2,4,0,1,15,4,1.8,0,2,0.10526315789473684,6,0.0,1,4.584967478670572,9.848857801796104,194.0,0.0,582,0.0,346
branch_load_controller,16,2,4.666666666666667,70,15,0,2,0,0,0,0,0,0,28,12,0,0,152,305,1,0,11,2,0,0,0,4,7,4,2,13,0,1,55,86,8.836363636363636,17,0,0.0,4,0.13114754098360656,2,4.2626798770413155,8.366600265340756,18.666666666666668,0.5245901639344263,280,130.66666666666669,5889
branch_logic,8,8,8.0,8,1,0,0,1,0,0,0,0,0,0,0,0,0,1,6,0,1,0,0,0,0,0,2,1,1,2,0,0,1,9,2,1.2222222222222223,0,0,0.0,2,0.0,0,2.1972245773362196,2.8284271247461903,16.0,0.0,16,0.0,107
branch_module,3,3,3.0,3,1,0,0,0,0,0,0,1,0,12,8,0,0,29,54,1,0,5,0,0,0,0,5,4,5,3,5,0,1,26,20,4.6923076923076925,1,1,0.018518518518518517,5,0.37037037037037035,0,1.3862943611198906,1.7320508075688772,15.0,1.8518518518518516,15,36.0,1233
branch_operator,64,3,41.81818181818182,460,11,0,0,0,0,3,0,1,0,0,2,3,0,10,37,2,0,0,4,3,0,3,2,3,1,2,4,0,1,34,22,2.8823529411764706,1,4,0.10810810810810811,8,0.13513513513513514,4,6.133398042996649,21.447610589527216,83.63636363636364,1.0810810810810811,3680,125.45454545454547,873
branch_prediction_unit,32,2,6.2727272727272725,69,11,1,0,0,0,1,1,0,0,0,0,3,0,5,107,3,3,4,2,1,0,5,3,2,1,2,6,0,1,49,10,2.6530612244897958,0,2,0.018691588785046728,9,0.028037383177570093,2,4.248495242049359,8.306623862918075,18.818181818181817,0.2523364485981308,621,18.818181818181817,2034
branch_predictor,32,2,24.5,98,4,3,0,0,0,1,0,0,0,7,4,0,0,3,56,2,2,1,0,0,0,0,6,6,2,2,1,0,1,26,13,2.923076923076923,1,1,0.017857142857142856,6,0.19642857142857142,0,4.59511985013459,9.899494936611665,147.0,1.1785714285714286,588,171.5,891
branch_unit,64,7,56.875,455,8,0,0,0,0,5,0,2,0,2,0,0,0,4,48,2,5,0,4,0,7,10,2,5,3,2,11,0,1,38,12,3.5789473684210527,1,7,0.14583333333333334,2,0.041666666666666664,11,6.1224928095143865,21.330729007701542,113.75,0.08333333333333333,910,113.75,1315
branch_update,2,2,2.0,4,2,0,0,0,0,0,0,1,0,8,8,0,0,48,70,1,0,14,0,0,0,0,4,4,4,2,14,0,1,24,19,6.208333333333333,3,1,0.014285714285714285,4,0.22857142857142856,0,1.6094379124341003,2.0,8.0,0.9142857142857143,16,16.0,1479
branch_verification,3,2,2.5,5,2,0,0,0,0,0,0,1,1,0,0,0,0,1,52,1,0,2,2,0,0,0,2,3,2,2,4,0,1,26,8,1.8846153846153846,0,2,0.038461538461538464,2,0.0,2,1.791759469228055,2.23606797749979,5.0,0.0,10,0.0,545
brancomp,32,3,22.333333333333332,67,3,2,0,0,0,0,0,1,1,0,0,0,0,13,37,1,1,0,2,0,6,4,1,3,1,2,8,0,1,28,10,2.107142857142857,0,2,0.05405405405405406,1,0.0,8,4.219507705176107,8.18535277187245,22.333333333333332,0.0,67,0.0,846
breakpointunit,39,2,27.066666666666666,406,15,0,0,0,0,0,0,0,0,16,3,2,1,6,53,0,6,4,0,0,2,24,0,13,6,2,6,0,1,52,24,3.230769230769231,2,0,0.0,4,0.39622641509433965,2,6.008813185442595,20.149441679609886,0.0,1.5849056603773586,1624,487.2,2235
brg,1,1,1.0,1,0,0,0,0,1,1,3,4,0,0,0,0,0,3,30,1,2,2,0,0,0,6,1,4,1,2,2,0,1,27,6,2.0,0,8,0.26666666666666666,1,0.0,0,0.6931471805599453,1.0,1.0,0.0,1,0.0,577
bridge,8,4,6.0,12,2,0,0,1,0,0,0,0,0,0,0,0,0,0,28,0,3,0,0,0,0,0,0,5,3,2,0,0,1,15,5,2.066666666666667,0,0,0.0,0,0.0,0,2.5649493574615367,3.4641016151377544,0.0,0.0,0,0.0,366
bridgetop,32,2,15.142857142857142,106,7,3,0,0,0,0,0,0,0,0,0,0,0,0,9,0,0,0,0,0,0,3,5,3,4,2,0,0,1,34,4,2.2058823529411766,0,0,0.0,5,0.0,0,4.672828834461906,10.295630140987,75.71428571428571,0.0,530,0.0,640
bridge_top,32,2,17.25,138,8,4,0,0,0,0,0,0,1,0,0,0,0,0,50,0,0,0,0,0,0,4,3,3,5,2,0,0,1,34,5,2.823529411764706,0,1,0.02,3,0.0,0,4.9344739331306915,11.74734012447073,51.75,0.0,414,0.0,838
bs,28,2,9.248502994011975,3089,334,0,0,1,0,69,68,41,0,64,142,0,5,578,1398,61,176,184,18,18,64,176,410,18,10,2,266,0,1,388,184,9.724226804123711,42,178,0.12732474964234622,410,0.1473533619456366,82,8.035926369891792,55.57877292636101,3791.8862275449096,60.414878397711014,1266490,591.9041916167664,39882
bss_verilog_top,36,2,11.833333333333334,213,18,0,2,7,0,0,0,0,0,0,0,0,0,0,216,0,0,0,0,0,0,5,0,7,5,2,0,0,1,89,59,2.7752808988764044,2,0,0.0,0,0.0,0,5.365976015021851,14.594519519326424,0.0,0.0,0,0.0,3705
bs_decoding,44,2,7.16403785488959,2271,317,7,1,198,0,3,1,0,0,90,252,0,0,813,867,11,5,652,26,3,267,6,67,24,5,4,945,0,1,187,180,14.20855614973262,88,4,0.00461361014994233,67,0.3944636678200692,293,7.7284157798410416,47.65501022977542,479.99053627760253,26.429065743944637,152157,644.7634069400631,41224
btb,512,1,13.930323846908735,14195,1019,198,6,29,33,5,2,2,0,70,187,4,3,513,2569,1,15,435,0,1,155,617,546,21,9,2,590,0,1,1107,617,6.073170731707317,32,9,0.0035033086804203972,554,0.10159595173219152,155,9.560715513766388,119.14277149705725,7605.956820412169,56.2841572596341,7864030,1030.8439646712463,97695
btb_plru,128,2,16.88888888888889,304,18,0,0,0,0,1,0,1,1,4,0,0,0,30,114,2,0,8,4,1,0,3,26,11,1,2,12,0,1,47,19,4.51063829787234,7,3,0.02631578947368421,26,0.03508771929824561,4,5.720311776607412,17.435595774162696,439.11111111111114,0.9122807017543859,7904,67.55555555555556,3314
btn_scan,20,4,6.125,49,8,0,0,0,0,2,4,2,1,0,0,0,0,16,67,2,0,4,2,0,0,3,3,3,2,2,6,0,1,37,10,2.972972972972973,0,9,0.13432835820895522,3,0.0,2,3.912023005428146,7.0,18.375,0.0,147,0.0,1658
bu,1,1,1.0,1,0,0,0,0,1,0,0,0,0,6,0,0,0,2,16,1,2,0,0,0,2,0,1,2,1,2,2,0,1,19,6,2.3157894736842106,0,0,0.0,1,0.375,2,0.6931471805599453,1.0,1.0,0.375,1,6.0,328
buffer,1,1,1.0,1,0,0,0,0,1,4,7,0,0,22,0,0,0,15,83,1,3,6,0,1,0,0,4,5,7,2,6,0,1,36,10,3.611111111111111,0,11,0.13253012048192772,4,0.26506024096385544,0,0.6931471805599453,1.0,4.0,1.0602409638554218,4,22.0,1811
buffer2,25,8,16.5,66,4,0,0,2,0,0,0,0,1,0,0,0,0,0,38,1,0,0,0,0,0,0,3,3,3,2,0,0,1,24,3,2.3333333333333335,0,1,0.02631578947368421,3,0.0,0,4.204692619390966,8.12403840463596,49.5,0.0,198,0.0,330
buffer3,640,30,260.0,2340,9,0,0,0,0,2,3,0,0,0,0,0,0,13,52,1,1,9,0,2,0,3,4,2,2,2,9,0,1,25,21,4.0,2,5,0.09615384615384616,4,0.0,0,7.75833346749091,48.373546489791295,1040.0,0.0,9360,0.0,891
buffer_2,1024,4,137.0,1096,8,0,0,0,0,2,0,0,1,0,0,0,0,6,43,1,0,0,0,0,2,0,4,3,1,2,2,0,1,18,5,2.0555555555555554,0,3,0.06976744186046512,4,0.0,2,7.00033446027523,33.1058907144937,548.0,0.0,4384,0.0,449
buf_2to3,48,3,19.642857142857142,275,14,1,7,1,0,0,1,0,0,5,0,0,0,25,110,1,1,9,0,0,0,2,2,4,3,2,9,0,1,32,18,4.375,4,1,0.00909090909090909,2,0.045454545454545456,0,5.62040086571715,16.583123951777,39.285714285714285,0.09090909090909091,550,98.21428571428571,1279
buf_3to2,48,3,23.0,299,13,2,2,1,0,0,1,0,0,5,0,0,0,22,105,1,1,8,0,0,0,2,2,4,3,2,8,0,1,31,16,4.193548387096774,4,1,0.009523809523809525,2,0.047619047619047616,0,5.703782474656201,17.291616465790582,46.0,0.09523809523809523,598,115.0,1192
bus,1,1,1.0,1,0,0,0,0,1,0,0,0,1,0,0,0,0,0,9,0,0,0,0,0,0,1,0,1,0,2,0,0,1,9,1,1.0,0,1,0.1111111111111111,0,0.0,0,0.6931471805599453,1.0,0.0,0.0,0,0.0,113
busy_tester,3,3,3.0,24,8,0,0,0,0,0,0,1,0,8,0,0,0,2,51,2,1,5,2,0,4,0,2,4,1,2,11,0,1,37,13,3.189189189189189,1,1,0.0196078431372549,2,0.1568627450980392,6,3.2188758248682006,4.898979485566356,6.0,0.3137254901960784,48,24.0,1237
bus_arbiter,32,3,18.77777777777778,338,18,8,3,2,0,0,0,3,0,32,18,0,0,3,141,6,5,12,0,0,0,2,4,25,2,2,12,0,1,67,25,3.746268656716418,7,3,0.02127659574468085,4,0.3546099290780142,0,5.82600010738045,18.384776310850235,75.11111111111111,1.4184397163120568,1352,600.8888888888889,3606
bus_design,8,6,7.333333333333333,22,3,0,0,2,0,0,0,0,0,5,4,0,0,0,29,0,12,0,0,0,0,2,0,3,1,2,0,0,1,16,12,4.0625,1,0,0.0,0,0.3103448275862069,0,3.1354942159291497,4.69041575982343,0.0,0.0,0,36.666666666666664,744
bus_if,1,1,1.0,1,0,0,0,0,1,0,0,1,0,4,0,0,0,39,175,2,4,15,4,0,0,16,10,12,11,2,19,0,1,65,28,4.723076923076923,6,1,0.005714285714285714,10,0.022857142857142857,4,0.6931471805599453,1.0,10.0,0.22857142857142856,10,4.0,5295
bus_master_mux,1,1,1.0,1,0,0,0,0,1,0,0,1,0,0,0,0,0,4,69,1,0,4,0,0,0,20,4,20,4,2,4,0,1,45,20,3.533333333333333,2,1,0.014492753623188406,4,0.0,0,0.6931471805599453,1.0,4.0,0.0,4,0.0,1883
bus_mux,1,1,1.0,1,0,0,0,0,1,0,3,0,0,0,0,0,0,0,31,0,1,0,0,0,1,4,0,3,1,2,1,0,1,13,4,2.230769230769231,0,3,0.0967741935483871,0,0.0,1,0.6931471805599453,1.0,0.0,0.0,0,0.0,261
bus_selection,8,3,6.333333333333333,19,3,0,0,2,0,0,0,1,0,0,0,0,0,0,21,1,0,0,2,0,0,0,1,2,1,2,2,0,1,29,10,1.9655172413793103,0,1,0.047619047619047616,1,0.0,2,2.995732273553991,4.358898943540674,6.333333333333333,0.0,19,0.0,401
bus_slave_mux,1,1,1.0,1,0,0,0,0,1,0,0,1,0,0,0,0,0,8,84,1,0,8,0,0,0,24,2,24,2,2,8,0,1,44,24,4.159090909090909,2,1,0.011904761904761904,2,0.0,0,0.6931471805599453,1.0,2.0,0.0,2,0.0,2225
butfly2,5,5,5.0,5,1,0,0,0,0,4,7,0,0,0,0,0,0,0,55,0,0,0,0,0,0,13,0,5,3,2,0,0,1,41,5,2.7560975609756095,0,11,0.2,0,0.0,0,1.791759469228055,2.23606797749979,0.0,0.0,0,0.0,1105
butterfly,3,3,3.0,3,1,0,0,0,0,131,140,47,4,47,10,0,1,213,1039,37,48,237,0,1,25,36,36,4,2,2,262,0,1,183,101,9.868852459016393,39,322,0.30991337824831566,36,0.0548604427333975,25,1.3862943611198906,1.7320508075688772,108.0,1.97497593840231,108,141.0,19690
button,16,3,9.5,19,2,0,1,0,0,1,0,0,1,0,0,0,0,13,63,2,0,0,4,0,6,2,3,4,4,6,10,0,1,45,17,3.2666666666666666,2,2,0.031746031746031744,3,0.0,10,2.995732273553991,4.358898943540674,28.5,0.0,57,0.0,1061
buttoncontroller,32,32,32.0,32,1,1,0,0,0,2,0,0,1,16,0,0,0,27,57,1,1,5,0,0,0,0,3,3,1,2,5,0,1,30,13,3.8666666666666667,1,3,0.05263157894736842,3,0.2807017543859649,0,3.4965075614664802,5.656854249492381,96.0,0.8421052631578947,96,512.0,1626
buttons,32,5,14.0,42,3,1,0,0,0,0,0,0,1,0,0,0,0,0,12,0,1,0,0,0,0,2,0,1,1,2,0,0,1,12,2,1.25,0,1,0.08333333333333333,0,0.0,0,3.7612001156935624,6.48074069840786,0.0,0.0,0,0.0,155
button_clk,23,23,23.0,23,1,0,0,0,0,1,0,0,1,0,0,0,0,3,32,1,0,0,0,0,1,0,2,1,1,2,1,0,1,15,4,1.5333333333333334,0,2,0.0625,2,0.0,1,3.1780538303479458,4.795831523312719,46.0,0.0,46,0.0,312
button_control,32,2,17.0,34,2,1,0,0,0,2,0,0,1,16,0,0,0,26,58,1,1,5,0,0,0,0,3,3,1,2,5,0,1,30,12,3.8333333333333335,1,3,0.05172413793103448,3,0.27586206896551724,0,3.5553480614894135,5.830951894845301,51.0,0.8275862068965517,102,272.0,1569
button_controller,32,32,32.0,32,1,1,0,0,0,2,0,0,1,16,0,0,0,27,54,1,1,5,0,0,0,0,3,3,1,2,5,0,1,30,13,3.8666666666666667,1,3,0.05555555555555555,3,0.2962962962962963,0,3.4965075614664802,5.656854249492381,96.0,0.8888888888888888,96,512.0,1595
buzzer_trans,75,2,15.666666666666666,94,6,0,0,0,0,13,0,0,1,0,0,0,0,45,130,2,0,7,4,0,0,0,5,6,2,2,11,0,1,55,29,4.2,4,14,0.1076923076923077,5,0.0,4,4.553876891600541,9.695359714832659,78.33333333333333,0.0,470,0.0,3866
bypass,1,1,1.0,1,0,0,0,0,1,0,3,0,0,0,0,0,0,2,18,1,0,0,0,0,0,0,2,2,1,2,0,0,1,16,4,1.625,0,3,0.16666666666666666,2,0.0,0,0.6931471805599453,1.0,2.0,0.0,2,0.0,264
bytestuffer,24,2,11.307692307692308,147,13,0,1,5,0,2,1,0,0,2,0,0,0,60,236,3,2,17,0,5,0,9,22,7,7,2,17,0,1,49,30,5.816326530612245,6,3,0.012711864406779662,22,0.00847457627118644,0,4.997212273764115,12.12435565298214,248.76923076923077,0.1864406779661017,3234,22.615384615384617,3227
byte_counter,1,1,1.0,1,0,0,0,0,1,0,2,1,0,0,0,0,1,7,37,2,3,3,0,0,1,1,2,5,2,2,4,0,1,29,7,2.586206896551724,0,3,0.08108108108108109,2,0.0,1,0.6931471805599453,1.0,2.0,0.0,2,0.0,765
cabac_binmix,32,2,10.559055118110237,1341,127,2,0,12,0,1,6,9,0,0,0,0,0,40,920,12,27,801,16,0,4,351,12,25,22,2,821,0,1,424,320,4.341981132075472,26,16,0.017391304347826087,12,0.0,20,7.201916317531627,36.61966684720111,126.70866141732284,0.0,16092,0.0,44161
cabac_binsort,50,3,8.819444444444445,635,72,0,0,6,0,29,2,7,0,0,2,0,0,102,1871,10,20,27,8,0,14,1407,101,24,9,2,49,0,1,128,1330,26.6953125,31,38,0.020309994655264563,101,0.0010689470871191875,22,6.455198563340122,25.199206336708304,890.7638888888889,0.10796365579903794,64135,0.0,72572
cabac_rlps4,44,3,24.214285714285715,678,28,8,0,4,0,0,0,0,0,0,0,0,0,48,205,1,0,39,0,0,0,32,16,16,16,2,39,0,1,63,16,3.9523809523809526,3,0,0.0,16,0.0,0,6.520621127558696,26.038433132583073,387.42857142857144,0.0,10848,0.0,4716
cabac_rlps4_1bin,44,2,7.5,330,44,2,0,12,0,0,0,5,0,0,0,0,0,0,507,5,6,83,10,0,0,6,80,1,2,2,93,0,1,172,96,3.8313953488372094,8,5,0.009861932938856016,80,0.0,10,5.802118375377063,18.16590212458495,600.0,0.0,26400,0.0,10446
cabac_ucontext,188,2,12.585714285714285,881,70,0,0,12,0,474,5,10,0,37,14,4,2,129,1048,14,15,38,0,13,15,45,30,15,9,2,53,0,1,149,540,13.89261744966443,28,489,0.4666030534351145,38,0.05248091603053435,15,6.782192056006791,29.68164415931166,377.57142857142856,1.9942748091603053,33478,516.0142857142857,38609
cabac_ucontext_t,7,6,6.285714285714286,44,7,0,0,0,0,0,0,1,0,2,0,1,0,1,385,1,6,0,2,0,2,6,2,2,1,2,4,0,1,88,67,5.795454545454546,4,1,0.0025974025974025974,4,0.007792207792207792,4,3.8066624897703196,6.6332495807108,12.571428571428571,0.03116883116883117,176,18.857142857142858,8775
cabac_ucontext_tt,7,6,6.222222222222222,56,9,0,0,0,0,1,0,1,0,4,2,2,0,4,459,1,8,0,2,0,6,8,3,3,1,2,8,0,1,92,67,7.217391304347826,6,2,0.004357298474945534,7,0.017429193899782137,8,4.04305126783455,7.483314773547883,18.666666666666668,0.12200435729847496,392,37.333333333333336,10890
cabac_ulow,9,3,6.294117647058823,214,34,0,0,0,0,0,0,1,0,4,0,0,0,89,370,4,0,75,2,0,1,54,19,26,16,2,78,0,1,100,26,5.05,6,1,0.002702702702702703,19,0.010810810810810811,3,5.3706380281276624,14.628738838327793,119.58823529411764,0.20540540540540542,4066,25.176470588235293,9198
cabac_ulow_1bin,16,3,9.578947368421053,182,19,0,1,0,0,1,0,0,0,0,0,0,0,0,70,0,9,21,0,16,6,32,0,5,3,2,27,0,1,23,10,3.9565217391304346,0,1,0.014285714285714285,0,0.0,6,5.209486152841421,13.490737563232042,0.0,0.0,0,0.0,1370
cabac_ulow_refine,35,2,5.828431372549019,1189,204,0,0,0,0,38,0,12,0,32,8,0,0,31,1188,13,11,50,38,0,10,164,16,20,4,2,98,0,1,146,250,10.301369863013699,35,50,0.04208754208754209,16,0.03367003367003367,48,7.081708586105575,34.48187929913333,93.25490196078431,0.5387205387205387,19024,186.50980392156862,29710
cabac_urange4,44,3,12.348837209302326,531,43,4,0,24,0,0,0,1,0,0,0,0,0,66,311,3,0,58,2,0,0,20,23,20,20,2,60,0,1,90,23,4.444444444444445,6,1,0.003215434083601286,23,0.0,2,6.2766434893416445,23.043437243605826,284.0232558139535,0.0,12213,0.0,7248
cabac_urange4_full,44,2,8.655172413793103,251,29,1,0,17,0,0,1,1,0,0,0,0,0,0,95,1,6,35,2,0,4,6,3,4,3,2,41,0,1,32,12,3.65625,1,2,0.021052631578947368,3,0.0,6,5.529429087511423,15.84297951775486,25.96551724137931,0.0,753,0.0,1723
cache,128,2,37.10769230769231,2412,65,15,0,0,0,0,0,5,0,75,15,0,0,116,401,6,9,11,6,0,81,4,18,7,5,2,98,0,1,123,59,7.902439024390244,23,5,0.012468827930174564,18,0.22443890274314215,87,7.7886260656250315,49.1121166312347,667.9384615384616,4.039900249376559,43416,2783.0769230769233,16352
cachefsm,256,2,92.0,552,6,1,0,0,0,1,0,2,1,7,2,0,0,72,244,5,2,22,2,0,1,1,10,3,8,2,25,0,1,60,22,5.333333333333333,7,4,0.01639344262295082,10,0.036885245901639344,3,6.315358001522335,23.49468024894146,920.0,0.3688524590163934,5520,644.0,4579
cache_control,32,2,8.285714285714286,116,14,2,0,0,0,1,0,3,0,7,0,0,0,23,101,5,6,7,4,1,2,3,5,2,4,2,13,0,1,58,11,3.9827586206896552,2,4,0.039603960396039604,5,0.06930693069306931,6,4.762173934797756,10.770329614269007,41.42857142857143,0.34653465346534656,580,58.00000000000001,2440
cal1,1,1,1.0,1,0,0,0,0,1,1,11,0,1,4,0,1,0,0,23,0,0,0,0,0,3,2,0,3,1,2,3,0,1,22,15,2.5454545454545454,1,13,0.5652173913043478,2,0.21739130434782608,3,0.6931471805599453,1.0,0.0,0.43478260869565216,2,5.0,550
cal2,1,1,1.0,1,0,0,0,0,1,1,11,0,1,4,0,1,0,0,26,0,1,0,0,0,3,2,0,3,1,2,3,0,1,22,15,2.5454545454545454,1,13,0.5,2,0.19230769230769232,3,0.6931471805599453,1.0,0.0,0.38461538461538464,2,5.0,520
calc,6,6,6.0,6,1,0,0,0,0,0,0,1,0,0,40,0,0,21,16,1,0,1,0,0,0,1,1,1,1,2,1,0,1,37,22,1.7297297297297298,1,1,0.0625,1,2.5,0,1.9459101490553132,2.449489742783178,6.0,2.5,6,0.0,498
calculatorwithcounter,9,2,5.6,28,5,0,0,0,0,2,1,1,1,0,0,0,0,10,42,1,0,1,2,0,0,4,3,4,2,2,3,0,1,26,8,2.923076923076923,0,5,0.11904761904761904,3,0.0,2,3.367295829986474,5.291502622129181,16.799999999999997,0.0,84,0.0,698
camera_delay,16,2,10.0,90,9,0,5,0,0,0,0,0,0,0,0,0,0,5,44,3,3,0,0,0,0,0,5,4,3,2,0,0,1,23,5,2.739130434782609,0,0,0.0,5,0.0,0,4.51085950651685,9.486832980505138,50.0,0.0,450,0.0,983
can_acf,29,8,9.909090909090908,109,11,0,0,10,0,0,0,0,0,123,158,0,0,137,371,1,5,7,0,0,0,5,1,24,1,2,7,0,1,49,104,11.755102040816327,12,0,0.0,1,0.7574123989218329,0,4.700480365792417,10.44030650891055,9.909090909090908,0.7574123989218329,109,1218.8181818181818,13631
can_btl,8,2,4.166666666666667,50,12,0,0,1,0,8,3,0,0,41,22,0,1,59,481,15,7,41,0,0,1,6,17,20,5,2,42,0,1,66,41,9.212121212121213,17,11,0.02286902286902287,17,0.13097713097713098,1,3.9318256327243257,7.0710678118654755,70.83333333333334,2.226611226611227,850,170.83333333333334,6231
can_crc,15,14,14.75,59,4,0,0,0,0,0,0,0,0,0,0,2,0,3,111,1,2,3,0,0,0,2,1,4,1,2,3,0,1,27,8,2.2222222222222223,0,0,0.0,5,0.018018018018018018,0,4.0943445622221,7.681145747868608,14.75,0.09009009009009009,295,29.5,628
can_fifo,64,4,20.65,413,20,0,0,3,0,10,6,0,0,56,22,1,0,39,719,16,10,146,0,0,0,6,16,11,5,2,146,0,1,147,47,6.789115646258503,30,16,0.022253129346314324,18,0.10987482614742698,0,6.025865973825314,20.322401432901575,330.4,1.9777468706536856,7434,1177.05,12394
can_id_hopping_table_ram,11,4,8.714285714285714,61,7,0,0,3,0,33,32,0,0,0,0,0,0,99,172,2,2,21,6,17,0,0,56,37,23,2,27,0,1,72,133,7.777777777777778,12,65,0.37790697674418605,56,0.0,6,4.127134385045092,7.810249675906654,487.99999999999994,0.0,3416,0.0,5657
can_register,1,1,1.0,1,0,0,0,0,1,0,3,0,0,0,0,0,0,1,104,1,0,1,0,0,0,0,2,3,1,2,1,0,1,18,4,1.7777777777777777,0,3,0.028846153846153848,2,0.0,0,0.6931471805599453,1.0,2.0,0.0,2,0.0,407
can_register_asyn,1,1,1.0,1,0,0,0,0,1,0,3,0,0,0,0,0,0,2,109,1,0,2,0,0,0,0,2,4,1,2,2,0,1,22,5,2.0454545454545454,0,3,0.027522935779816515,2,0.0,0,0.6931471805599453,1.0,2.0,0.0,2,0.0,558
can_register_asyn_syn,1,1,1.0,1,0,0,0,0,1,0,3,0,0,0,0,0,0,3,113,1,0,3,0,0,0,0,2,5,1,2,3,0,1,23,6,2.3043478260869565,0,3,0.02654867256637168,2,0.0,0,0.6931471805599453,1.0,2.0,0.0,2,0.0,642
can_register_syn,1,1,1.0,1,0,0,0,0,1,0,3,0,0,0,0,0,0,2,106,1,0,2,0,0,0,0,2,4,1,2,2,0,1,21,5,2.0,0,3,0.02830188679245283,2,0.0,0,0.6931471805599453,1.0,2.0,0.0,2,0.0,549
can_tx,8,3,6.0,30,5,0,0,3,0,4,3,0,0,0,0,0,0,36,147,1,2,5,2,0,0,0,7,3,3,2,7,0,1,42,15,4.023809523809524,4,7,0.047619047619047616,7,0.0,2,3.4339872044851463,5.477225575051661,42.0,0.0,210,0.0,3305
carrylookaheadadder16bit,16,4,5.714285714285714,80,14,0,2,0,0,0,0,0,0,0,0,0,0,0,11,0,0,0,0,0,0,0,0,2,1,2,0,0,1,18,5,2.111111111111111,0,0,0.0,0,0.0,0,4.394449154672439,8.94427190999916,0.0,0.0,0,0.0,501
carrylookaheadlogic32bit,32,2,21.666666666666668,130,6,3,2,0,0,0,0,0,0,0,0,0,0,0,59,0,0,0,0,0,0,4,0,2,1,2,0,0,1,54,274,8.666666666666666,5,0,0.0,0,0.0,0,4.875197323201151,11.40175425099138,0.0,0.0,0,0.0,3523
carrysaveadder,1,1,1.0,1,0,0,0,0,1,2,5,0,1,0,0,0,0,1,176,0,1,0,0,1,0,0,0,3,2,2,0,0,1,25,10,2.16,0,8,0.045454545454545456,0,0.0,0,0.6931471805599453,1.0,0.0,0.0,0,0.0,526
carry_and_speed_test,1,1,1.0,1,0,0,0,0,1,0,2,0,0,0,0,0,0,2,46,1,0,0,0,0,0,1,2,2,1,2,0,0,1,23,5,2.0434782608695654,0,2,0.043478260869565216,2,0.0,0,0.6931471805599453,1.0,2.0,0.0,2,0.0,383
carry_save_adder,1,1,1.0,1,0,0,0,0,1,1,6,0,0,0,0,0,1,3,27,0,1,0,0,1,0,6,0,3,2,2,0,0,1,23,10,2.739130434782609,0,7,0.25925925925925924,0,0.0,0,0.6931471805599453,1.0,0.0,0.0,0,0.0,479
cart,22,5,12.333333333333334,74,6,0,0,1,0,1,12,0,0,33,1,0,0,20,196,8,10,20,0,0,3,26,13,16,5,2,23,0,1,61,26,4.770491803278689,5,13,0.0663265306122449,13,0.17346938775510204,3,4.31748811353631,8.602325267042627,160.33333333333334,2.2551020408163267,962,407.0,3113
cathode_driver,12,2,4.857142857142857,34,7,0,0,0,0,0,0,1,1,0,0,0,0,2,53,1,0,2,2,0,0,0,1,3,1,2,4,0,1,24,7,1.7916666666666667,0,2,0.03773584905660377,1,0.0,2,3.5553480614894135,5.830951894845301,4.857142857142857,0.0,34,0.0,691
cavlc_consumed_bits_decoding,5,2,4.111111111111111,37,9,0,0,0,0,1,0,0,0,0,0,0,0,7,43,1,0,0,2,1,0,0,1,7,1,2,2,0,1,26,10,2.6153846153846154,0,1,0.023255813953488372,1,0.0,2,3.6375861597263857,6.082762530298219,4.111111111111111,0.0,37,0.0,1242
cavlc_read_run_befores,12,2,9.96923076923077,648,65,0,0,0,0,1,4,2,0,18,0,0,0,160,369,5,0,34,10,1,5,0,21,25,18,2,49,0,1,71,34,8.309859154929578,14,7,0.018970189701897018,21,0.04878048780487805,15,6.47543271670409,25.45584412271571,209.35384615384615,1.024390243902439,13608,179.44615384615383,7064
cbselect,4,4,4.0,8,2,0,0,0,0,0,2,1,0,0,0,0,0,0,90,1,0,0,2,0,0,1,2,1,1,2,2,0,1,68,13,2.3676470588235294,4,3,0.03333333333333333,2,0.0,2,2.1972245773362196,2.8284271247461903,8.0,0.0,16,0.0,1664
cbx_1__0_,12,1,3.575,286,80,0,0,0,22,0,0,0,1,0,0,0,0,0,350,0,24,0,0,0,0,28,0,6,12,2,0,0,1,79,50,6.113924050632911,12,1,0.002857142857142857,0,0.0,0,5.659482215759621,16.911534525287763,0.0,0.0,0,0.0,10490
cbx_1__2_,12,1,3.5454545454545454,312,88,0,0,0,24,0,0,0,1,0,0,0,0,0,371,0,24,0,0,0,0,31,0,6,13,2,0,0,1,85,54,6.176470588235294,12,1,0.0026954177897574125,0,0.0,0,5.746203190540153,17.663521732655695,0.0,0.0,0,0.0,11336
cby_0__1_,12,1,4.875,78,16,0,0,0,6,0,0,0,1,0,0,0,0,0,182,0,24,0,0,0,0,4,0,6,4,2,0,0,1,31,24,4.741935483870968,5,1,0.005494505494505495,0,0.0,0,4.3694478524670215,8.831760866327848,0.0,0.0,0,0.0,2704
cby_1__1_,12,1,2.9,232,80,0,0,0,22,0,0,0,1,0,0,0,0,0,350,0,24,0,0,0,0,28,0,6,12,2,0,0,1,79,41,5.886075949367089,12,1,0.002857142857142857,0,0.0,0,5.4510384535657,15.231546211727817,0.0,0.0,0,0.0,10078
cby_2__1_,12,1,2.9318181818181817,258,88,0,0,0,24,0,0,0,1,0,0,0,0,0,371,0,24,0,0,0,0,31,0,6,13,2,0,0,1,87,45,5.827586206896552,12,1,0.0026954177897574125,0,0.0,0,5.556828061699537,16.06237840420901,0.0,0.0,0,0.0,11055
cb_dct,32,3,14.139240506329115,3351,237,20,0,2,0,147,22,72,1,9,2,0,0,762,830,32,0,83,28,0,80,0,62,193,24,2,191,0,1,336,65,7.470238095238095,40,242,0.29156626506024097,62,0.01325301204819277,108,8.117312461601975,57.88782255362521,876.6329113924052,0.8216867469879517,207762,127.25316455696203,29161
cb_huff,251,4,18.56756756756757,1374,74,4,2,4,0,7,77,0,1,220,64,0,15,1928,2233,70,0,281,0,0,84,1,107,9,26,91,365,0,1,646,219,7.304953560371517,41,85,0.0380653828929691,107,0.12718316166592028,84,7.226209010100671,37.067505985701274,1986.7297297297298,13.60859829825347,147018,4084.864864864865,66535
cb_quantizer,23,11,13.696629213483146,4876,356,0,0,0,0,64,0,64,65,0,0,0,0,584,616,5,0,9,0,0,128,64,25,9,7,2,137,0,1,537,128,4.441340782122905,7,193,0.3133116883116883,25,0.0,128,8.492285555710053,69.82836100038436,342.4157303370786,0.0,121900,0.0,28325
ccd_capture,32,2,12.25,196,16,2,2,7,0,3,0,0,0,10,0,0,0,37,178,4,7,15,2,0,0,0,13,7,7,2,17,0,1,49,15,5.040816326530612,5,3,0.016853932584269662,13,0.056179775280898875,2,5.2832037287379885,14.0,159.25,0.7303370786516854,2548,122.5,2363
cclk_detector,9,9,9.0,9,1,0,0,0,0,1,0,0,0,0,0,0,0,6,36,2,1,3,0,0,0,0,2,3,1,2,3,0,1,24,7,2.9583333333333335,0,1,0.027777777777777776,2,0.0,0,2.302585092994046,3.0,18.0,0.0,18,0.0,610
cc_shift_ring,4,2,2.857142857142857,20,7,0,0,0,0,0,0,0,1,0,0,0,0,5,19,1,0,5,2,0,0,0,1,2,1,2,7,0,1,22,10,1.7727272727272727,0,1,0.05263157894736842,1,0.0,2,3.044522437723423,4.47213595499958,2.857142857142857,0.0,20,0.0,417
cd4017,10,4,7.0,14,2,0,0,0,0,1,0,2,0,0,0,0,0,2,47,3,1,4,2,0,0,4,3,3,14,2,6,0,1,47,12,2.0851063829787235,1,3,0.06382978723404255,3,0.0,2,2.70805020110221,3.7416573867739413,21.0,0.0,42,0.0,1056
cdc_event,1,1,1.0,1,0,0,0,0,1,0,0,0,0,4,2,0,0,12,53,2,1,4,0,0,0,0,7,5,2,2,4,0,1,28,7,3.142857142857143,0,0,0.0,7,0.11320754716981132,0,0.6931471805599453,1.0,7.0,0.7924528301886793,7,4.0,939
cd_baud_rate,16,14,15.428571428571429,108,7,0,4,0,0,2,1,0,0,4,0,0,0,14,61,1,2,7,0,0,1,1,3,6,2,2,8,0,1,31,9,3.161290322580645,0,3,0.04918032786885246,3,0.06557377049180328,1,4.6913478822291435,10.392304845413264,46.285714285714285,0.19672131147540983,324,61.714285714285715,1150
cd_crc,16,16,16.0,32,2,0,2,0,0,0,0,0,0,0,0,5,0,17,39,1,1,2,0,0,0,1,1,4,1,2,2,0,1,21,37,3.3333333333333335,1,0,0.0,11,0.1282051282051282,0,3.4965075614664802,5.656854249492381,16.0,1.4102564102564101,352,80.0,871
cd_sdpram,1,1,1.0,1,0,0,0,0,1,0,6,2,0,0,0,0,0,2,32,1,0,2,0,0,0,0,2,6,1,2,2,0,1,22,6,2.1363636363636362,0,8,0.25,2,0.0,0,0.6931471805599453,1.0,2.0,0.0,2,0.0,611
cd_spram,1,1,1.0,1,0,0,0,0,1,0,5,2,0,0,0,0,0,2,32,1,0,2,0,0,0,0,2,5,1,2,2,0,1,21,5,2.0952380952380953,0,7,0.21875,2,0.0,0,0.6931471805599453,1.0,2.0,0.0,2,0.0,570
cd_tx_bytes,16,8,9.0,81,9,0,1,7,0,3,0,0,0,2,4,0,0,16,70,2,3,8,0,0,0,0,6,8,7,2,8,0,1,31,8,3.5161290322580645,0,3,0.04285714285714286,6,0.08571428571428572,0,4.406719247264253,9.0,54.0,0.5142857142857142,486,18.0,1566
cd_tx_ram,8,2,5.2727272727272725,58,11,0,0,6,0,1,0,0,0,5,0,0,0,11,74,1,5,4,0,1,1,4,3,9,2,2,5,0,1,47,16,2.893617021276596,1,1,0.013513513513513514,3,0.06756756756756757,1,4.07753744390572,7.615773105863909,15.818181818181817,0.20270270270270271,174,26.363636363636363,1617
chain_delay_adjust,16,3,9.375,75,8,0,2,5,0,4,3,1,0,7,2,0,0,28,114,1,1,6,2,0,0,0,5,2,4,2,8,0,1,47,11,3.4468085106382977,2,8,0.07017543859649122,5,0.07894736842105263,2,4.330733340286331,8.660254037844387,46.875,0.39473684210526316,375,65.625,1768
chain_delay_race,2,2,2.0,2,1,0,0,0,0,2,6,0,0,7,2,0,1,24,139,5,2,4,2,0,0,6,7,3,1,2,6,0,1,48,13,4.0,2,8,0.05755395683453238,7,0.06474820143884892,2,1.0986122886681098,1.4142135623730951,14.0,0.45323741007194246,14,14.0,1949
chain_delay_rand,4,4,4.0,8,2,0,0,0,0,0,0,0,0,1,0,0,0,16,103,1,0,5,0,0,0,3,2,1,3,2,5,0,1,35,8,3.857142857142857,0,0,0.0,2,0.009708737864077669,0,2.1972245773362196,2.8284271247461903,8.0,0.019417475728155338,16,4.0,1260
change,8,8,8.0,16,2,0,0,2,0,0,0,0,0,6,0,0,0,10,23,1,0,4,0,0,0,0,1,1,1,2,4,0,1,22,7,2.409090909090909,0,0,0.0,1,0.2608695652173913,0,2.833213344056216,4.0,8.0,0.2608695652173913,16,48.0,529
channel,40,14,35.94736842105263,1366,38,0,4,0,0,0,1,0,0,2,1,0,0,76,182,2,2,3,4,0,0,1,6,5,1,2,7,0,1,52,21,6.884615384615385,19,1,0.005494505494505495,6,0.016483516483516484,4,7.220373836723949,36.959437225152655,215.68421052631578,0.09890109890109891,8196,71.89473684210526,3843
channelsimulation,40,2,19.714285714285715,138,7,0,0,0,0,0,1,0,0,2,0,0,0,11,45,1,1,2,0,0,0,0,4,5,1,2,2,0,1,30,8,2.6666666666666665,0,1,0.022222222222222223,4,0.044444444444444446,0,4.9344739331306915,11.74734012447073,78.85714285714286,0.17777777777777778,552,39.42857142857143,850
char_rom,8,6,7.0,14,2,0,0,1,0,0,0,0,0,0,0,0,0,63,80,0,1,0,0,0,64,0,0,2,1,2,64,0,1,89,65,2.3146067415730336,3,0,0.0,0,0.0,64,2.70805020110221,3.7416573867739413,0.0,0.0,0,0.0,3079
chebps10_fsm,32,3,20.77777777777778,935,45,15,28,0,0,0,0,1,1,0,0,0,0,43,495,12,0,54,2,0,0,12,27,12,14,2,56,0,1,136,42,5.882352941176471,24,2,0.00404040404040404,27,0.0,2,6.841615476477592,30.577769702841312,561.0,0.0,25245,0.0,8873
chebps11_fsm,32,3,20.77777777777778,935,45,15,28,0,0,0,0,1,1,0,0,0,0,44,505,12,0,55,2,0,0,12,27,12,14,2,57,0,1,137,43,5.897810218978102,23,2,0.0039603960396039604,27,0.0,2,6.841615476477592,30.577769702841312,561.0,0.0,25245,0.0,8957
cheb_poly_eva,6,6,6.0,6,1,0,0,0,0,0,16,1,0,0,0,0,1,69,495,3,0,3,4,0,4,1,6,2,2,2,11,0,1,121,73,4.966942148760331,12,17,0.03434343434343434,6,0.0,8,1.9459101490553132,2.449489742783178,36.0,0.0,36,0.0,6027
cheb_poly_eva_shared_mult,6,6,6.0,6,1,0,0,0,0,0,18,1,0,0,0,0,1,69,489,3,0,3,4,0,4,1,7,3,3,2,11,0,1,118,73,5.076271186440678,11,19,0.03885480572597137,7,0.0,8,1.9459101490553132,2.449489742783178,42.0,0.0,42,0.0,6017
checker_block,10,2,5.6,56,10,0,0,3,0,0,0,1,0,16,2,0,0,21,63,2,0,2,0,0,5,8,9,8,4,2,7,0,1,34,15,4.264705882352941,1,1,0.015873015873015872,9,0.2857142857142857,5,4.04305126783455,7.483314773547883,50.4,2.571428571428571,504,89.6,1483
checknode,10,10,10.0,10,1,0,0,0,0,14,27,17,0,0,0,1,0,9,70,1,11,1,0,6,4,30,6,3,1,2,5,0,1,48,46,5.041666666666667,5,58,0.8285714285714286,8,0.014285714285714285,4,2.3978952727983707,3.1622776601683795,60.0,0.11428571428571428,80,10.0,2428
check_branch,1,1,1.0,1,0,0,0,0,1,0,3,0,0,3,0,0,0,1,59,1,2,0,0,0,0,2,1,3,1,2,0,0,1,21,3,1.8571428571428572,0,3,0.05084745762711865,1,0.05084745762711865,0,0.6931471805599453,1.0,1.0,0.05084745762711865,1,3.0,427
check_fp_div_para,3,3,3.0,3,1,0,0,0,0,0,4,1,0,0,0,0,0,9,148,3,0,3,4,0,0,2,5,2,2,2,7,0,1,48,18,3.5,2,5,0.033783783783783786,5,0.0,4,1.3862943611198906,1.7320508075688772,15.0,0.0,15,0.0,1497
chien_search_p16_t16,8,8,8.0,64,8,0,0,8,0,0,0,0,0,0,0,240,0,64,313,1,32,2,0,0,0,3,3,3,1,2,2,0,1,457,34,3.5842450765864333,23,0,0.0,483,0.7667731629392971,0,4.174387269895637,8.0,24.0,370.3514376996805,30912,1920.0,11276
chien_search_p32_t8,13,13,13.0,91,7,0,0,0,0,0,0,0,0,2,0,128,0,18,144,1,8,2,0,0,0,4,1,3,1,2,2,0,1,178,22,3.898876404494382,7,0,0.0,257,0.9027777777777778,0,4.5217885770490405,9.539392014169456,13.0,232.01388888888889,23387,1690.0,4475
chip_pn_seq,1,1,1.0,1,0,0,0,0,1,0,0,0,0,0,0,3,0,14,39,1,1,1,0,0,0,1,2,2,1,2,1,0,1,21,26,3.0952380952380953,1,0,0.0,8,0.07692307692307693,0,0.6931471805599453,1.0,2.0,0.6153846153846154,8,3.0,560
chip_select,2,2,2.0,2,1,0,0,0,0,0,1,0,0,1,4,0,0,7,36,1,3,1,2,0,0,7,1,4,2,2,3,0,1,27,8,2.2222222222222223,0,1,0.027777777777777776,1,0.1388888888888889,2,1.0986122886681098,1.4142135623730951,2.0,0.1388888888888889,2,2.0,671
chip_top,16,8,12.0,48,4,0,2,2,0,0,0,0,0,0,0,0,0,0,86,0,0,0,0,0,0,3,0,3,2,10,0,0,1,77,86,7.220779220779221,13,0,0.0,0,0.0,0,3.8918202981106265,6.928203230275509,0.0,0.0,0,0.0,4135
choose_cathode,7,4,6.5,39,6,0,0,0,0,0,0,0,0,0,0,0,0,4,13,0,1,0,0,0,4,0,0,5,1,2,4,0,1,17,6,2.4705882352941178,0,0,0.0,0,0.0,4,3.6888794541139363,6.244997998398398,0.0,0.0,0,0.0,341
chsel_code_converter_sw_to_hw,5,5,5.0,15,3,0,0,0,0,0,0,0,1,4,12,0,0,52,210,1,0,3,6,76,0,0,1,1,1,2,9,0,1,78,44,3.6923076923076925,2,1,0.004761904761904762,1,0.0761904761904762,6,2.772588722239781,3.872983346207417,5.0,0.0761904761904762,15,20.0,8197
ch_avg,2,2,2.0,4,2,0,0,0,0,0,10,1,0,0,0,0,0,0,63,0,0,0,0,0,0,16,6,8,3,2,0,0,1,47,16,2.851063829787234,2,11,0.1746031746031746,6,0.0,0,1.6094379124341003,2.0,12.0,0.0,24,0.0,1817
ciab,8,2,6.907407407407407,373,54,0,0,43,0,0,0,2,0,51,9,0,0,27,251,9,20,21,0,0,16,11,17,12,4,2,37,0,1,98,21,4.775510204081633,13,2,0.00796812749003984,17,0.23904382470119523,16,5.924255797414532,19.313207915827967,117.42592592592592,4.063745019920319,6341,352.27777777777777,4229
cia_timera,16,2,9.0,234,26,0,5,15,0,0,1,0,0,24,6,0,0,13,113,6,10,17,0,3,0,6,6,9,4,2,17,0,1,44,17,4.7272727272727275,1,1,0.008849557522123894,6,0.26548672566371684,0,5.459585514144159,15.297058540778355,54.0,1.5929203539823011,1404,216.0,2124
cia_timerb,16,2,9.0,234,26,0,5,15,0,0,1,0,0,24,6,0,0,13,108,6,8,17,0,3,1,6,6,10,2,2,18,0,1,43,17,4.6976744186046515,1,1,0.009259259259259259,6,0.2777777777777778,1,5.459585514144159,15.297058540778355,54.0,1.6666666666666667,1404,216.0,2065
cia_timerd,24,8,12.444444444444445,448,36,0,0,26,0,1,0,1,0,15,0,0,0,22,143,8,1,34,0,0,1,0,8,10,2,2,35,0,1,38,34,6.394736842105263,4,2,0.013986013986013986,8,0.1048951048951049,1,6.1070228877422545,21.166010488516726,99.55555555555556,0.8391608391608392,3584,186.66666666666666,2511
cic1,37,2,22.166666666666668,798,36,0,9,0,0,4,0,3,0,12,4,0,1,44,211,4,19,9,0,0,8,16,8,4,10,2,17,0,1,66,28,5.090909090909091,8,7,0.03317535545023697,8,0.07582938388625593,8,6.683360945766275,28.24889378365107,177.33333333333334,0.6066350710900474,6384,266.0,4672
cic2,38,2,22.583333333333332,813,36,1,9,0,0,4,0,3,0,12,4,0,1,44,211,4,19,9,0,0,8,16,8,4,10,2,17,0,1,67,28,5.014925373134329,8,7,0.03317535545023697,8,0.07582938388625593,8,6.70196036600254,28.513154858766505,180.66666666666666,0.6066350710900474,6504,271.0,4677
cic3,35,2,18.818181818181817,414,22,0,6,0,0,3,0,2,0,7,2,0,1,29,171,3,11,7,0,0,5,9,7,4,10,2,12,0,1,52,16,4.346153846153846,5,5,0.029239766081871343,7,0.05263157894736842,5,6.028278520230698,20.346989949375804,131.72727272727272,0.3684210526315789,2898,131.72727272727272,3002
cic4,35,2,18.818181818181817,414,22,0,4,0,0,3,0,2,0,7,2,0,1,29,171,3,11,7,0,0,5,9,7,4,10,2,12,0,1,52,16,4.346153846153846,5,5,0.029239766081871343,7,0.05263157894736842,5,6.028278520230698,20.346989949375804,131.72727272727272,0.3684210526315789,2898,131.72727272727272,3003
cicdecimatorverilogblock,21,2,18.571428571428573,910,49,0,2,0,0,4,3,0,1,2,0,0,0,43,306,10,34,32,0,0,1,32,25,9,9,2,33,0,1,81,42,6.444444444444445,11,8,0.026143790849673203,25,0.006535947712418301,1,6.814542897259958,30.166206257996713,464.28571428571433,0.16339869281045752,22750,37.142857142857146,5962
cic_adpcm_wrapper,16,2,6.2,31,5,0,1,0,0,2,0,3,0,0,0,0,0,11,143,5,0,5,4,0,0,1,7,4,2,2,9,0,1,54,16,3.462962962962963,2,5,0.03496503496503497,7,0.0,4,3.4657359027997265,5.5677643628300215,43.4,0.0,217,0.0,2149
cic_down_s3,16,16,16.0,32,2,0,2,0,0,4,46,0,1,2,0,0,0,43,268,10,34,32,0,0,1,32,25,10,9,2,33,0,1,86,45,6.651162790697675,12,51,0.19029850746268656,25,0.007462686567164179,1,3.4965075614664802,5.656854249492381,400.0,0.18656716417910446,800,32.0,6479
cic_down_s4,16,16,16.0,32,2,0,2,0,0,3,34,0,1,2,0,0,0,35,213,8,24,24,0,0,1,22,23,10,9,2,25,0,1,72,33,6.111111111111111,10,38,0.1784037558685446,23,0.009389671361502348,1,3.4965075614664802,5.656854249492381,368.0,0.215962441314554,736,32.0,4994
cic_interp,111,7,54.71900826446281,6621,121,8,3,0,0,7,7,0,1,2,0,0,0,95,615,22,81,68,2,0,6,79,32,26,11,2,76,0,1,167,115,7.227544910179641,18,15,0.024390243902439025,32,0.0032520325203252032,8,8.798152718107191,81.36952746575342,1751.0082644628098,0.1040650406504065,211872,109.43801652892562,14521
cla,32,3,10.535714285714286,295,28,2,8,8,0,0,0,0,1,21,10,2,0,0,109,0,7,0,0,0,0,21,0,8,8,8,0,0,1,29,23,7.0,8,1,0.009174311926605505,4,0.30275229357798167,0,5.69035945432406,17.175564037317667,0.0,1.2110091743119267,1180,242.32142857142858,2003
cla_32bit,32,4,7.142857142857143,200,28,3,0,1,0,0,0,0,0,0,0,0,0,0,24,0,0,0,0,0,0,1,0,3,2,2,0,0,1,22,17,3.3636363636363638,1,0,0.0,0,0.0,0,5.303304908059076,14.142135623730951,0.0,0.0,0,0.0,735
cla_4bit,4,4,4.0,16,4,0,0,0,0,0,0,0,0,4,0,0,0,0,37,0,0,0,0,0,0,1,0,3,2,2,0,0,1,35,13,3.085714285714286,3,0,0.0,0,0.10810810810810811,0,2.833213344056216,4.0,0.0,0.0,0,16.0,830
cla_adder,5,4,4.25,34,8,0,0,0,0,0,0,0,1,21,10,2,0,0,54,0,9,0,0,0,0,2,0,5,3,4,0,0,1,18,25,5.277777777777778,2,1,0.018518518518518517,4,0.6111111111111112,0,3.5553480614894135,5.830951894845301,0.0,2.4444444444444446,136,97.75,688
cla_nbit,1,1,1.0,1,0,0,0,0,1,2,5,0,0,2,2,2,0,1,30,0,6,0,0,1,0,3,0,3,2,2,0,0,1,25,19,3.16,1,7,0.23333333333333334,4,0.2,0,0.6931471805599453,1.0,0.0,0.8,4,4.0,515
cla_subtract,5,4,4.142857142857143,29,7,0,0,0,0,0,0,0,1,1,0,2,0,0,47,0,4,0,0,0,0,3,0,3,2,2,0,0,1,22,4,2.1818181818181817,0,1,0.02127659574468085,4,0.06382978723404255,0,3.4011973816621555,5.385164807134504,0.0,0.2553191489361702,116,12.42857142857143,407
clint,64,1,17.095652173913045,1966,115,2,0,81,1,1,0,0,0,39,15,0,1,21,214,1,8,38,0,0,30,98,6,11,8,2,68,0,1,165,98,3.981818181818182,8,1,0.004672897196261682,6,0.2523364485981308,30,7.584264818389059,44.339598554790726,102.57391304347827,1.514018691588785,11796,666.7304347826088,9770
clipping,1,1,1.0,1,0,0,0,0,1,0,7,0,0,0,1,0,1,5,21,1,0,1,0,0,0,0,1,2,1,2,1,0,1,19,6,2.0,0,7,0.3333333333333333,1,0.047619047619047616,0,0.6931471805599453,1.0,1.0,0.047619047619047616,1,0.0,388
clk,5,1,2.0,10,5,0,0,0,3,0,0,0,1,0,0,0,0,0,303,0,0,1,0,0,0,17,0,2,1,2,1,0,1,111,55,1.7747747747747749,1,1,0.0033003300330033004,0,0.0,0,2.3978952727983707,3.1622776601683795,0.0,0.0,0,0.0,3288
clk500,9,9,9.0,9,1,0,0,0,0,1,0,0,0,0,0,0,0,5,29,1,0,1,0,0,0,0,2,1,1,2,1,0,1,19,6,2.0526315789473686,0,1,0.034482758620689655,2,0.0,0,2.302585092994046,3.0,18.0,0.0,18,0.0,330
clkdiv,8,4,7.086956521739131,163,23,0,0,17,0,1,0,0,0,0,0,0,0,9,65,3,4,5,2,0,1,3,10,3,1,2,8,0,1,46,11,2.5,1,1,0.015384615384615385,10,0.0,3,5.099866427824199,12.767145334803704,70.86956521739131,0.0,1630,0.0,1530
clkdivider,8,8,8.0,8,1,0,0,1,0,1,0,0,0,0,0,0,0,6,31,1,0,2,0,0,0,2,2,2,1,2,2,0,1,20,6,2.1,0,1,0.03225806451612903,2,0.0,0,2.1972245773362196,2.8284271247461903,16.0,0.0,16,0.0,393
clkdiv_16,1,1,1.0,1,0,0,0,0,1,0,4,0,0,0,0,0,1,7,43,1,0,2,0,0,0,0,2,3,1,2,2,0,1,22,6,2.4545454545454546,0,4,0.09302325581395349,2,0.0,0,0.6931471805599453,1.0,2.0,0.0,2,0.0,449
clkgen,1,1,1.0,1,0,0,0,0,1,0,0,1,4,0,0,0,0,1,60,4,2,0,0,0,1,0,4,1,4,2,1,0,1,29,5,2.2758620689655173,0,5,0.08333333333333333,4,0.0,1,0.6931471805599453,1.0,4.0,0.0,4,0.0,1085
clkgen97k656hz,9,9,9.0,9,1,0,0,0,0,0,0,0,0,0,0,0,0,20,91,10,0,10,0,0,0,0,2,2,1,2,10,0,1,18,37,11.222222222222221,5,0,0.0,2,0.0,0,2.302585092994046,3.0,18.0,0.0,18,0.0,1663
clkgen_200khz,8,8,8.0,8,1,0,0,1,0,1,0,0,1,0,0,0,0,4,44,1,1,1,0,0,0,0,6,1,1,2,1,0,1,20,5,1.65,0,2,0.045454545454545456,6,0.0,0,2.1972245773362196,2.8284271247461903,48.0,0.0,48,0.0,448
clk_10hz,28,28,28.0,28,1,0,0,0,0,1,0,0,1,0,0,0,0,6,17,1,0,2,0,0,0,0,2,2,1,2,2,0,1,17,6,2.1176470588235294,0,2,0.11764705882352941,2,0.0,0,3.367295829986474,5.291502622129181,56.0,0.0,56,0.0,311
clk_16_tick,1,1,1.0,1,0,0,0,0,1,1,1,0,0,0,0,0,0,5,32,1,0,1,0,0,0,0,2,1,1,2,1,0,1,21,6,2.0,0,2,0.0625,2,0.0,0,0.6931471805599453,1.0,2.0,0.0,2,0.0,386
clk_1hz,28,28,28.0,28,1,0,0,0,0,1,0,0,1,0,0,0,0,6,17,1,0,2,0,0,0,0,2,2,1,2,2,0,1,17,6,2.1176470588235294,0,2,0.11764705882352941,2,0.0,0,3.367295829986474,5.291502622129181,56.0,0.0,56,0.0,307
clk_1mhz,7,7,7.0,7,1,0,0,0,0,1,0,0,1,0,0,0,0,6,17,1,0,2,0,0,0,0,2,2,1,2,2,0,1,17,6,2.1176470588235294,0,2,0.11764705882352941,2,0.0,0,2.0794415416798357,2.6457513110645907,14.0,0.0,14,0.0,305
clk_cal_m,32,32,32.0,64,2,2,0,0,0,0,1,1,2,0,0,0,0,0,29,0,1,0,0,0,0,0,0,1,1,2,0,0,1,9,2,1.2222222222222223,0,4,0.13793103448275862,0,0.0,0,4.174387269895637,8.0,0.0,0.0,0,0.0,154
clk_ctl,1,1,1.0,1,0,0,0,0,1,2,2,0,0,0,0,0,0,13,148,1,1,3,0,0,0,0,3,3,1,2,3,0,1,28,7,2.892857142857143,0,4,0.02702702702702703,3,0.0,0,0.6931471805599453,1.0,3.0,0.0,3,0.0,1203
clk_div,1,1,1.0,1,0,0,0,0,1,1,2,0,2,0,0,0,0,4,36,1,0,1,0,0,0,1,2,1,1,2,1,0,1,22,5,1.5454545454545454,0,5,0.1388888888888889,2,0.0,0,0.6931471805599453,1.0,2.0,0.0,2,0.0,405
clk_divider,1,1,1.0,1,0,0,0,0,1,0,0,0,0,0,0,0,0,0,1,0,0,0,0,0,0,0,0,0,0,0,0,0,1,0,0,0.0,0,0,0.0,0,0.0,0,0.6931471805599453,1.0,0.0,0.0,0,0.0,0
clk_div_8_counter,3,3,3.0,3,1,0,0,0,0,1,0,0,0,0,0,0,0,6,23,2,0,3,0,0,0,0,2,2,1,2,3,0,1,21,5,2.1904761904761907,0,1,0.043478260869565216,2,0.0,0,1.3862943611198906,1.7320508075688772,6.0,0.0,6,0.0,369
clk_div_fsm_8,3,3,3.0,3,1,0,0,0,0,0,0,2,0,0,0,0,0,2,55,3,0,1,4,0,0,0,2,1,1,2,5,0,1,42,11,2.7857142857142856,1,2,0.03636363636363636,2,0.0,4,1.3862943611198906,1.7320508075688772,6.0,0.0,6,0.0,845
clk_div_n,1,1,1.0,1,0,0,0,0,1,2,5,0,0,0,1,0,2,14,28,2,1,4,0,0,0,1,1,3,1,2,4,0,1,22,7,2.6818181818181817,0,7,0.25,1,0.03571428571428571,0,0.6931471805599453,1.0,1.0,0.03571428571428571,1,0.0,566
clk_gen,32,3,9.285714285714286,130,14,3,0,0,0,1,4,0,0,0,0,0,0,19,126,3,6,6,0,0,5,12,4,8,5,2,11,0,1,41,12,4.512195121951219,1,5,0.03968253968253968,4,0.0,5,4.875197323201151,11.40175425099138,37.142857142857146,0.0,520,0.0,2293
clk_generator,8,8,8.0,16,2,0,0,2,0,0,0,0,1,0,0,0,0,14,61,3,0,6,2,0,0,0,4,2,3,2,8,0,1,45,12,3.0444444444444443,1,1,0.01639344262295082,4,0.0,2,2.833213344056216,4.0,32.0,0.0,64,0.0,1106
clk_make,10,10,10.0,10,1,0,0,0,0,1,1,0,1,0,0,0,0,8,51,1,0,2,0,0,0,0,2,2,1,2,2,0,1,22,6,2.1363636363636362,0,3,0.058823529411764705,2,0.0,0,2.3978952727983707,3.1622776601683795,20.0,0.0,20,0.0,591
clk_manager,32,32,32.0,32,1,1,0,0,0,1,0,0,1,0,0,0,0,6,47,1,0,2,0,0,0,0,2,2,1,2,2,0,1,22,6,2.1818181818181817,0,2,0.0425531914893617,2,0.0,0,3.4965075614664802,5.656854249492381,64.0,0.0,64,0.0,427
clk_rst,1,1,1.0,1,0,0,0,0,1,0,0,0,0,2,0,0,0,0,80,0,1,0,0,0,0,0,0,5,7,2,0,0,1,36,7,1.6388888888888888,0,0,0.0,0,0.025,0,0.6931471805599453,1.0,0.0,0.0,0,2.0,1062
clk_sample,32,32,32.0,64,2,2,0,0,0,1,0,0,0,0,0,0,0,2,46,1,1,1,0,0,0,0,1,3,1,2,1,0,1,19,5,1.736842105263158,0,1,0.021739130434782608,1,0.0,0,4.174387269895637,8.0,32.0,0.0,64,0.0,345
clk_skew_adjust,4,4,4.0,4,1,0,0,0,0,0,0,0,0,0,0,0,0,0,2899,0,0,0,0,0,0,0,0,4,1,2,0,0,1,809,1400,9.011124845488258,22,0,0.0,0,0.0,0,1.6094379124341003,2.0,0.0,0.0,0,0.0,78533
clock,1,1,1.0,1,0,0,0,0,1,0,0,0,3,0,0,0,0,0,17,2,0,0,0,0,0,0,2,0,2,2,0,0,1,12,4,1.75,0,3,0.17647058823529413,2,0.0,0,0.6931471805599453,1.0,2.0,0.0,2,0.0,244
clockcrossingreg_w15,32,15,18.4,92,5,1,0,0,0,0,0,0,0,0,0,0,0,1,63,1,1,31,0,0,0,0,6,3,1,2,31,0,1,39,15,2.641025641025641,2,0,0.0,6,0.0,0,4.532599493153256,9.591663046625438,110.39999999999999,0.0,552,0.0,1120
clockcrossingreg_w43,64,43,47.2,236,5,0,0,0,0,0,0,0,0,0,0,0,0,1,63,1,1,31,0,0,0,0,6,3,1,2,31,0,1,39,15,2.641025641025641,2,0,0.0,6,0.0,0,5.4680601411351315,15.362291495737216,283.20000000000005,0.0,1416,0.0,1120
clockcrossingreg_w55,64,55,56.8,284,5,0,0,0,0,0,0,0,0,0,0,0,0,1,63,1,1,31,0,0,0,0,6,3,1,2,31,0,1,39,15,2.641025641025641,2,0,0.0,6,0.0,0,5.652489180268651,16.852299546352718,340.79999999999995,0.0,1704,0.0,1120
clockdivider,32,32,32.0,64,2,2,0,0,0,1,1,0,2,0,2,0,0,6,32,1,1,2,0,0,0,0,2,3,1,2,2,0,1,22,6,2.3181818181818183,0,4,0.125,2,0.0625,0,4.174387269895637,8.0,64.0,0.125,128,0.0,634
clockdivider2k,15,15,15.0,15,1,0,0,0,0,1,1,0,1,0,0,0,0,4,15,1,1,1,0,0,1,0,1,1,1,2,2,0,1,22,6,1.4545454545454546,0,3,0.2,1,0.0,1,2.772588722239781,3.872983346207417,15.0,0.0,15,0.0,285
clockdivider500k,19,19,19.0,19,1,0,0,0,0,1,1,0,1,0,0,0,0,4,16,1,1,1,0,0,1,0,1,1,1,2,2,0,1,22,6,1.4545454545454546,0,3,0.1875,1,0.0,1,2.995732273553991,4.358898943540674,19.0,0.0,19,0.0,285
clockdivider5hz,26,26,26.0,26,1,0,0,0,0,1,1,0,1,0,0,0,0,4,16,1,1,1,0,0,1,0,1,1,1,2,2,0,1,22,6,1.4545454545454546,0,3,0.1875,1,0.0,1,3.295836866004329,5.0990195135927845,26.0,0.0,26,0.0,291
clockdivider_moter,7,7,7.0,7,1,0,0,0,0,1,0,0,1,0,0,0,0,6,29,1,1,2,0,0,0,0,2,2,1,2,2,0,1,21,6,2.238095238095238,0,2,0.06896551724137931,2,0.0,0,2.0794415416798357,2.6457513110645907,14.0,0.0,14,0.0,585
clockenable,32,32,32.0,32,1,1,0,0,0,1,0,0,0,0,0,0,0,7,26,1,1,2,0,0,0,3,2,2,1,2,2,0,1,23,6,2.3043478260869565,0,1,0.038461538461538464,2,0.0,0,3.4965075614664802,5.656854249492381,64.0,0.0,64,0.0,447
clockgen,1,1,1.0,1,0,0,0,0,1,0,0,0,0,4,4,0,0,7,105,0,0,7,0,1,0,1,1,0,1,4,7,0,1,38,6,2.4210526315789473,0,0,0.0,1,0.0761904761904762,0,0.6931471805599453,1.0,1.0,0.0761904761904762,1,4.0,1379
clockmem,32,32,32.0,64,2,2,0,0,0,1,0,0,1,0,0,0,0,4,23,1,0,1,0,0,0,0,2,2,1,2,1,0,1,16,5,1.75,0,2,0.08695652173913043,2,0.0,0,4.174387269895637,8.0,64.0,0.0,128,0.0,302
clocks,1,1,1.0,1,0,0,0,0,1,0,0,0,0,0,0,0,0,0,110,0,2,0,0,0,0,4,0,1,4,2,0,0,1,72,12,2.375,1,0,0.0,0,0.0,0,0.6931471805599453,1.0,0.0,0.0,0,0.0,3540
clock_500,24,5,12.3,123,10,0,2,0,0,3,1,0,0,2,0,0,0,3,124,4,1,2,0,0,1,5,5,3,4,2,3,0,1,42,11,2.9761904761904763,1,4,0.03225806451612903,5,0.016129032258064516,1,4.820281565605037,11.090536506409418,61.5,0.08064516129032258,615,24.6,1395
clock_counter,10,10,10.0,20,2,0,0,0,0,1,0,0,1,0,0,0,0,4,43,1,1,2,0,0,0,0,1,1,1,2,2,0,1,19,7,2.0,0,2,0.046511627906976744,1,0.0,0,3.044522437723423,4.47213595499958,10.0,0.0,20,0.0,489
clock_div,1,1,1.0,1,0,0,0,0,1,1,17,0,0,8,3,1,0,40,214,6,7,16,0,0,0,8,11,12,3,6,16,0,1,51,27,7.03921568627451,11,18,0.08411214953271028,13,0.056074766355140186,0,0.6931471805599453,1.0,11.0,0.7289719626168224,13,9.0,3522
clock_divider,28,28,28.0,56,2,0,0,0,0,1,0,2,1,0,0,0,0,0,27,1,1,0,0,0,0,2,1,1,1,2,0,0,1,22,5,1.5909090909090908,0,4,0.14814814814814814,1,0.0,0,4.04305126783455,7.483314773547883,28.0,0.0,56,0.0,346
clock_divider_100mhz_to_1hz,26,26,26.0,26,1,0,0,0,0,1,0,0,1,0,0,0,0,6,50,1,0,3,0,0,0,0,2,1,1,2,3,0,1,19,6,1.9473684210526316,0,2,0.04,2,0.0,0,3.295836866004329,5.0990195135927845,52.0,0.0,52,0.0,662
clock_divider_fnd,16,16,16.0,16,1,0,1,0,0,1,0,0,1,0,0,0,0,6,47,1,1,2,0,0,0,0,2,1,1,2,2,0,1,21,6,2.0952380952380953,0,2,0.0425531914893617,2,0.0,0,2.833213344056216,4.0,32.0,0.0,32,0.0,562
clock_divider_module,2,2,2.0,2,1,0,0,0,0,0,0,1,1,0,0,0,0,0,25,1,0,0,2,0,0,4,1,2,1,2,2,0,1,32,9,2.125,0,2,0.08,1,0.0,2,1.0986122886681098,1.4142135623730951,2.0,0.0,2,0.0,684
clock_divide_module,8,3,4.666666666666667,14,3,0,0,1,0,7,0,0,1,0,0,0,0,24,125,8,1,8,0,0,0,0,6,1,1,3,8,0,1,34,14,4.5588235294117645,2,8,0.064,6,0.0,0,2.70805020110221,3.7416573867739413,28.0,0.0,84,0.0,1986
clock_freq_divider,32,32,32.0,64,2,2,0,0,0,2,2,0,2,0,0,0,0,10,33,1,0,3,0,0,0,0,2,3,1,2,3,0,1,20,9,2.7,0,6,0.18181818181818182,2,0.0,0,4.174387269895637,8.0,64.0,0.0,128,0.0,587
clock_gen,1,1,1.0,1,0,0,0,0,1,0,0,0,1,0,0,0,0,0,9,1,0,0,0,0,0,0,1,0,1,2,0,0,1,9,5,1.4444444444444444,0,1,0.1111111111111111,1,0.0,0,0.6931471805599453,1.0,1.0,0.0,1,0.0,132
clock_generate,19,19,19.0,19,1,0,0,0,0,1,0,0,1,0,0,0,0,2,36,1,0,0,0,0,1,0,2,1,1,2,1,0,1,14,4,1.5714285714285714,0,2,0.05555555555555555,2,0.0,1,2.995732273553991,4.358898943540674,38.0,0.0,38,0.0,258
clock_generator,32,32,32.0,64,2,2,0,0,0,1,1,1,0,0,0,0,0,8,39,2,1,3,0,0,1,6,3,5,1,2,4,0,1,29,7,2.7586206896551726,0,3,0.07692307692307693,3,0.0,1,4.174387269895637,8.0,96.0,0.0,192,0.0,685
clock_generator_1k,15,15,15.0,15,1,0,0,0,0,1,0,0,1,0,0,0,0,2,35,1,0,0,0,0,1,0,2,1,1,2,1,0,1,14,4,1.5714285714285714,0,2,0.05714285714285714,2,0.0,1,2.772588722239781,3.872983346207417,30.0,0.0,30,0.0,274
clock_generator_20,32,32,32.0,64,2,2,0,0,0,1,0,0,1,0,0,0,0,4,40,1,0,0,0,0,2,0,2,2,1,2,2,0,1,15,5,1.7333333333333334,0,2,0.05,2,0.0,2,4.174387269895637,8.0,64.0,0.0,128,0.0,331
clock_mux,1,1,1.0,1,0,0,0,0,1,1,8,0,0,4,2,1,1,6,87,2,5,4,0,1,0,4,3,2,1,2,4,0,1,40,22,3.1,2,9,0.10344827586206896,5,0.08045977011494253,0,0.6931471805599453,1.0,3.0,0.40229885057471265,5,5.0,1128
clock_scaler,16,16,16.0,16,1,0,1,0,0,1,1,0,2,0,0,0,0,5,41,1,0,1,0,0,1,0,2,1,1,2,2,0,1,22,6,1.4545454545454546,0,4,0.0975609756097561,2,0.0,1,2.833213344056216,4.0,32.0,0.0,32,0.0,356
clr_selection,12,2,5.2,52,10,0,0,0,0,23,0,10,1,86,0,0,0,65,141,1,0,0,8,0,36,7,6,4,6,2,44,0,1,42,36,7.380952380952381,9,34,0.24113475177304963,6,0.6099290780141844,44,3.970291913552122,7.211102550927978,31.200000000000003,3.6595744680851063,312,447.2,6561
clz,32,2,10.148148148148149,274,27,2,6,5,0,0,0,5,0,0,8,0,0,0,143,5,14,0,5,0,0,8,0,1,1,2,5,0,1,37,20,5.45945945945946,5,5,0.03496503496503497,0,0.055944055944055944,5,5.616771097666572,16.55294535724685,0.0,0.0,0,0.0,2779
cmp,64,3,43.666666666666664,131,3,0,0,0,0,0,3,0,0,0,1,0,0,16,70,1,4,4,0,0,4,4,4,17,4,2,8,0,1,38,9,3.3684210526315788,0,3,0.04285714285714286,4,0.014285714285714285,4,4.882801922586371,11.445523142259598,174.66666666666666,0.05714285714285714,524,0.0,1493
cmp_unit,32,3,23.0,138,6,4,0,0,0,0,0,1,0,0,0,0,0,7,64,1,0,1,2,0,6,0,3,4,3,2,9,0,1,30,15,3.8333333333333335,2,1,0.015625,3,0.0,8,4.9344739331306915,11.74734012447073,69.0,0.0,414,0.0,1969
cmsdk_ahb_master_mux,32,2,8.322033898305085,491,59,11,0,0,0,0,10,0,0,110,42,0,0,138,877,19,76,38,0,0,37,113,184,47,20,2,75,0,1,219,113,7.310502283105023,33,10,0.011402508551881414,184,0.1733181299885975,37,6.198478716492308,22.15851980616034,1531.2542372881355,31.89053591790194,90344,915.4237288135594,25719
cmsdk_ahb_slave_mux,10,10,10.0,20,2,0,0,0,0,0,11,0,0,72,47,0,0,53,227,1,14,4,0,0,0,48,47,43,3,2,4,0,1,94,48,4.48936170212766,7,11,0.048458149779735685,47,0.5242290748898678,0,3.044522437723423,4.47213595499958,470.0,24.638766519823786,940,720.0,6177
cmsdk_ahb_to_apb,32,2,10.818181818181818,238,22,6,0,0,0,0,13,0,0,51,14,0,0,40,437,10,20,31,4,0,4,34,94,14,11,2,39,0,1,119,34,6.117647058823529,19,13,0.029748283752860413,94,0.14874141876430205,8,5.476463551931511,15.427248620541512,1016.9090909090909,13.981693363844393,22372,551.7272727272727,10047
cmsdk_ahb_to_iop,32,2,15.727272727272727,173,11,4,0,0,0,0,0,0,0,1,0,0,0,10,114,5,4,5,0,0,0,14,5,10,9,2,5,0,1,37,14,4.0,2,0,0.0,5,0.008771929824561403,0,5.159055299214529,13.152946437965905,78.63636363636363,0.043859649122807015,865,15.727272727272727,1735
cmsdk_apb_slave_mux,32,4,29.0,580,20,17,2,0,0,0,0,0,0,80,62,0,0,32,227,0,19,0,0,0,0,71,0,50,19,2,0,0,1,111,71,4.441441441441442,9,0,0.0,0,0.6255506607929515,0,6.364750756851911,24.08318915758459,0.0,0.0,0,2320.0,6954
cmsdk_apb_timer,32,2,11.705882352941176,796,68,10,0,19,0,0,1,0,0,43,8,0,0,82,624,14,19,25,6,0,3,33,87,10,4,2,34,0,1,174,42,5.545977011494253,26,1,0.0016025641025641025,87,0.08173076923076923,9,6.680854678790215,28.21347195933177,1018.4117647058823,7.110576923076923,69252,503.35294117647055,14924
cmsdk_apb_uart,32,2,9.0,783,87,5,8,13,0,6,2,0,0,104,54,0,0,198,1130,30,62,88,8,0,17,69,234,10,11,2,113,0,1,249,89,7.6546184738955825,40,8,0.007079646017699115,234,0.13982300884955753,25,6.664409020350408,27.982137159266443,2106.0,32.71858407079646,183222,936.0,27840
cnt25,6,6,6.0,6,1,0,0,0,0,1,0,0,0,0,0,0,0,4,12,1,1,3,0,0,0,0,1,1,1,2,3,0,1,18,6,2.0555555555555554,0,1,0.08333333333333333,1,0.0,0,1.9459101490553132,2.449489742783178,6.0,0.0,6,0.0,294
cntr,1,1,1.0,1,0,0,0,0,1,1,3,0,0,0,0,0,0,4,49,1,0,4,0,0,0,0,1,2,1,2,4,0,1,23,8,2.4782608695652173,0,4,0.08163265306122448,1,0.0,0,0.6931471805599453,1.0,1.0,0.0,1,0.0,391
cntr_modulus,1,1,1.0,1,0,0,0,0,1,1,4,0,0,0,0,0,0,5,51,1,0,4,0,0,2,1,1,2,1,2,6,0,1,26,9,2.5,0,5,0.09803921568627451,1,0.0,2,0.6931471805599453,1.0,1.0,0.0,1,0.0,486
cntr_modulus_la,1,1,1.0,1,0,0,0,0,1,1,5,0,0,6,2,0,0,8,69,2,0,6,0,0,2,0,2,2,1,2,8,0,1,26,9,3.3846153846153846,0,6,0.08695652173913043,2,0.11594202898550725,2,0.6931471805599453,1.0,2.0,0.2318840579710145,2,6.0,693
cntr_updn,1,1,1.0,1,0,0,0,0,1,1,3,0,0,0,0,0,0,4,49,1,0,4,0,0,1,0,1,2,1,2,5,0,1,24,8,2.5833333333333335,0,4,0.08163265306122448,1,0.0,1,0.6931471805599453,1.0,1.0,0.0,1,0.0,452
cnu_6,32,6,30.96,774,25,24,0,0,0,12,0,0,0,180,0,24,0,132,110,1,18,30,0,0,18,13,12,7,6,2,48,0,1,48,47,13.0,15,12,0.10909090909090909,60,1.8545454545454545,18,6.652863029353347,27.820855486487112,371.52,111.27272727272727,46440,6315.84,5331
cnu_7,32,7,31.137931034482758,903,29,28,0,0,0,14,0,0,0,336,0,35,0,224,131,1,21,42,0,0,21,15,14,8,7,2,63,0,1,53,68,17.132075471698112,16,14,0.10687022900763359,84,2.83206106870229,21,6.806829360392176,30.04995840263344,435.9310344827586,237.89312977099237,75852,11552.172413793103,7777
cnu_nms,27,5,19.666666666666668,59,3,0,0,0,0,160,30,51,0,0,0,2,0,33,190,7,3,18,0,6,0,5,8,12,2,2,18,0,1,69,88,7.594202898550725,9,241,1.268421052631579,12,0.010526315789473684,0,4.0943445622221,7.681145747868608,157.33333333333334,0.12631578947368421,708,39.333333333333336,4598
cnvfhc,8,4,6.166666666666667,37,6,0,0,1,0,0,0,1,1,0,0,0,0,0,106,1,1,0,2,0,0,1,1,1,1,2,2,0,1,65,20,1.8461538461538463,2,2,0.018867924528301886,1,0.0,2,3.6375861597263857,6.082762530298219,6.166666666666667,0.0,37,0.0,1297
cnvthc,8,4,6.666666666666667,20,3,0,0,2,0,0,0,1,1,0,0,0,0,0,104,1,0,0,2,0,0,0,1,1,1,2,2,0,1,62,20,1.8548387096774193,2,2,0.019230769230769232,1,0.0,2,3.044522437723423,4.47213595499958,6.666666666666667,0.0,20,0.0,1229
codec,32,2,10.733333333333333,322,30,4,0,6,0,0,0,0,1,0,0,0,0,0,168,0,0,0,0,0,0,31,14,2,4,2,0,0,1,71,31,3.9577464788732395,3,1,0.005952380952380952,14,0.0,0,5.777652323222656,17.944358444926362,150.26666666666665,0.0,4508,0.0,3518
codec_fsm,31,31,31.0,124,4,0,0,0,0,0,8,2,2,4,0,0,0,62,152,1,8,9,2,0,1,13,12,5,8,2,12,0,1,59,17,4.898305084745763,6,12,0.07894736842105263,12,0.02631578947368421,3,4.8283137373023015,11.135528725660043,372.0,0.3157894736842105,1488,124.0,3516
codedblockpattern_decoding,6,2,3.1875,51,16,0,0,0,0,0,0,0,0,0,2,0,0,74,157,4,0,11,16,0,4,0,15,6,19,2,31,0,1,54,47,4.944444444444445,5,0,0.0,15,0.012738853503184714,20,3.9512437185814275,7.14142842854285,47.8125,0.1910828025477707,765,0.0,5136
coder,16,16,16.0,48,3,0,3,0,0,0,1,0,1,0,0,0,0,0,29,0,2,0,0,0,0,2,1,4,1,2,0,0,1,19,4,2.0526315789473686,0,2,0.06896551724137931,1,0.0,0,3.8918202981106265,6.928203230275509,16.0,0.0,48,0.0,344
code_stream,64,4,20.761904761904763,436,21,5,0,0,0,1,2,0,1,0,3,0,3,15,156,1,10,2,0,0,5,12,15,8,4,2,7,0,1,62,12,3.193548387096774,1,4,0.02564102564102564,15,0.019230769230769232,5,6.07993319509559,20.8806130178211,311.42857142857144,0.2884615384615385,6540,0.0,2559
codificador,32,5,18.5,37,2,1,0,0,0,1,0,0,0,0,0,0,0,2,14,0,1,1,0,1,1,0,0,2,1,2,2,0,1,16,7,1.8125,0,1,0.07142857142857142,0,0.0,1,3.6375861597263857,6.082762530298219,0.0,0.0,0,0.0,266
coeff_memory,512,9,113.8,569,5,0,3,0,0,0,0,0,0,0,0,0,0,1,40,1,1,1,0,0,1,4,1,3,1,2,2,0,1,24,5,1.75,0,0,0.0,1,0.0,1,6.345636360828596,23.853720883753127,113.8,0.0,569,0.0,511
coloriser,3,3,3.0,6,2,0,0,0,0,3,3,0,0,1,0,0,0,15,88,2,0,20,0,0,0,0,3,2,4,2,20,0,1,34,17,4.911764705882353,3,6,0.06818181818181818,3,0.011363636363636364,0,1.9459101490553132,2.449489742783178,9.0,0.03409090909090909,18,3.0,1406
colparity_controller,4,4,4.0,4,1,0,0,0,0,0,0,0,0,0,0,0,0,8,87,3,0,1,4,4,7,0,26,2,7,2,12,0,1,78,16,3.641025641025641,1,0,0.0,26,0.0,11,1.6094379124341003,2.0,104.0,0.0,104,0.0,3656
col_parity_curr_depth,5,5,5.0,15,3,0,0,0,0,5,6,0,1,0,0,1,0,0,26,0,8,0,0,0,0,3,0,2,1,2,0,0,1,20,8,2.95,0,12,0.46153846153846156,2,0.038461538461538464,0,2.772588722239781,3.872983346207417,0.0,0.07692307692307693,30,5.0,637
col_parity_pre_depth,5,5,5.0,15,3,0,0,0,0,5,6,0,1,0,0,1,0,0,26,0,8,0,0,0,0,3,0,2,1,2,0,0,1,20,8,2.95,0,12,0.46153846153846156,2,0.038461538461538464,0,2.772588722239781,3.872983346207417,0.0,0.07692307692307693,30,5.0,633
command,12,2,5.0,55,11,0,0,1,0,3,9,0,0,22,22,0,6,223,483,5,3,72,0,0,0,3,31,13,10,2,72,0,1,81,44,7.493827160493828,17,12,0.024844720496894408,31,0.09109730848861283,0,4.02535169073515,7.416198487095663,155.0,2.824016563146998,1705,110.0,13177
comp,37,8,17.666666666666668,106,6,0,0,4,0,0,0,0,0,0,0,0,0,2,32,1,0,2,0,0,0,2,2,1,2,2,2,0,1,22,6,2.6363636363636362,0,0,0.0,2,0.0,0,4.672828834461906,10.295630140987,35.333333333333336,0.0,212,0.0,510
comp2in2out,1,1,1.0,1,0,0,0,0,1,0,4,1,0,0,0,0,0,1,24,1,0,1,0,0,0,0,2,2,2,2,1,0,1,17,5,2.235294117647059,0,5,0.20833333333333334,2,0.0,0,0.6931471805599453,1.0,2.0,0.0,2,0.0,449
comp3in1out,1,1,1.0,1,0,0,0,0,1,0,4,1,0,0,0,0,0,3,59,1,0,0,2,0,0,3,1,3,1,2,2,0,1,29,8,2.5517241379310347,0,5,0.0847457627118644,1,0.0,2,0.6931471805599453,1.0,1.0,0.0,1,0.0,1001
comp3in2out,1,1,1.0,1,0,0,0,0,1,0,5,1,0,0,0,0,0,3,65,1,0,0,2,0,0,3,2,3,2,2,2,0,1,30,8,3.1,0,6,0.09230769230769231,2,0.0,2,0.6931471805599453,1.0,2.0,0.0,2,0.0,1277
comp4,26,26,26.0,52,2,0,0,0,0,0,0,0,1,0,0,0,0,0,109,0,0,0,0,0,0,5,0,2,1,2,0,0,1,28,4,1.6428571428571428,0,1,0.009174311926605505,0,0.0,0,3.970291913552122,7.211102550927978,0.0,0.0,0,0.0,611
comp8,8,4,4.8,24,5,0,0,1,0,0,0,0,0,3,2,0,0,0,13,0,3,0,0,0,0,1,0,1,1,2,0,0,1,21,5,2.142857142857143,0,0,0.0,0,0.38461538461538464,0,3.2188758248682006,4.898979485566356,0.0,0.0,0,14.399999999999999,337
comparador,10,10,10.0,20,2,0,0,0,0,0,0,0,1,0,0,0,0,1,34,0,1,0,0,0,1,0,0,2,1,2,1,0,1,12,2,1.3333333333333333,0,1,0.029411764705882353,0,0.0,1,3.044522437723423,4.47213595499958,0.0,0.0,0,0.0,298
comparator,1,1,1.0,1,0,0,0,0,1,0,3,0,0,0,0,0,0,6,38,1,0,3,0,0,0,0,2,2,1,2,3,0,1,22,6,2.409090909090909,0,3,0.07894736842105263,2,0.0,0,0.6931471805599453,1.0,2.0,0.0,2,0.0,496
comparator_4,4,2,2.25,18,8,0,0,0,0,0,0,0,1,0,0,0,0,0,57,0,0,0,0,0,0,2,0,2,2,4,0,0,1,26,10,3.3076923076923075,0,1,0.017543859649122806,0,0.0,0,2.9444389791664403,4.242640687119285,0.0,0.0,0,0.0,707
comparator_8,8,2,4.333333333333333,26,6,0,0,1,0,0,0,0,1,0,0,0,0,0,38,0,0,0,0,0,0,1,0,1,1,2,0,0,1,23,5,2.3043478260869565,0,1,0.02631578947368421,0,0.0,0,3.295836866004329,5.0990195135927845,0.0,0.0,0,0.0,412
comparator_module,8,8,8.0,16,2,0,0,2,0,0,0,1,1,0,0,0,0,1,30,1,0,1,0,0,0,0,1,1,1,3,1,0,1,15,3,1.4,0,2,0.06666666666666667,1,0.0,0,2.833213344056216,4.0,8.0,0.0,16,0.0,237
comparator_motor,10,10,10.0,10,1,0,0,0,0,0,0,0,1,0,0,0,0,3,11,0,3,0,0,0,3,0,0,1,1,2,3,0,1,13,4,1.9230769230769231,0,1,0.09090909090909091,0,0.0,3,2.3978952727983707,3.1622776601683795,0.0,0.0,0,0.0,290
compare,1,1,1.0,1,0,0,0,0,1,0,0,0,0,0,0,0,0,3,12,0,3,0,0,0,3,0,0,2,3,2,3,0,1,16,4,2.25,0,0,0.0,0,0.0,3,0.6931471805599453,1.0,0.0,0.0,0,0.0,277
comparerecfn,65,2,28.157894736842106,535,19,0,0,0,0,0,0,0,0,21,7,0,0,9,50,0,3,0,0,0,0,37,0,3,3,2,0,0,1,54,37,3.425925925925926,1,0,0.0,0,0.56,0,6.284134161070802,23.130067012440755,0.0,0.0,0,591.3157894736843,2441
compare_auto_9,16,4,10.142857142857142,71,7,0,3,1,0,0,4,1,0,54,0,0,0,86,455,2,0,57,2,0,0,3,7,4,5,2,59,0,1,143,117,7.160839160839161,19,5,0.01098901098901099,7,0.11868131868131868,2,4.276666119016055,8.426149773176359,71.0,0.8307692307692307,497,547.7142857142857,12151
complement_2,32,32,32.0,96,3,3,0,0,0,0,0,0,0,0,0,0,0,0,9,0,0,0,0,0,0,2,0,1,1,2,0,0,1,19,5,1.631578947368421,0,0,0.0,0,0.0,0,4.574710978503383,9.797958971132712,0.0,0.0,0,0.0,204
compressed_decoder,32,2,4.445945945945946,329,74,2,0,1,0,0,0,1,0,0,0,0,0,12,281,1,2,11,12,0,0,3,3,2,3,2,23,0,1,56,112,8.660714285714286,9,1,0.0035587188612099642,3,0.0,12,5.799092654460526,18.138357147217054,13.337837837837837,0.0,987,0.0,7704
compress_32,1,1,1.0,1,0,0,0,0,1,1,2,0,0,3,2,2,0,1,36,0,2,0,0,1,0,0,0,1,1,2,0,0,1,21,16,2.6666666666666665,1,3,0.08333333333333333,4,0.19444444444444445,0,0.6931471805599453,1.0,0.0,0.7777777777777778,4,5.0,337
compute_alpha_s,17,15,15.583333333333334,561,36,0,19,0,0,0,7,0,8,28,0,0,0,57,129,1,8,3,0,0,0,1,73,3,1,2,3,0,1,61,14,4.672131147540983,1,15,0.11627906976744186,73,0.21705426356589147,0,6.331501849893691,23.68543856465402,1137.5833333333335,15.844961240310077,40953,436.33333333333337,3289
compute_alpha_termination,17,15,15.666666666666666,329,21,0,12,0,0,0,0,0,1,20,0,0,0,37,117,1,8,3,0,0,0,2,49,4,1,2,3,0,1,61,10,3.639344262295082,0,1,0.008547008547008548,49,0.17094017094017094,0,5.799092654460526,18.138357147217054,767.6666666666666,8.376068376068377,16121,313.3333333333333,2387
compute_beta_s,17,15,15.594594594594595,577,37,0,20,0,0,0,0,0,1,28,0,0,0,57,133,1,8,3,0,0,0,2,73,4,1,2,3,0,1,66,14,4.621212121212121,3,1,0.007518796992481203,73,0.21052631578947367,0,6.359573868672378,24.020824298928627,1138.4054054054054,15.368421052631579,42121,436.64864864864865,3260
compute_beta_termination,17,15,15.83673469387755,776,49,0,25,0,0,1,7,1,8,29,0,0,0,59,157,2,11,3,0,0,3,3,66,5,2,4,6,0,1,66,14,4.5606060606060606,5,17,0.10828025477707007,66,0.18471337579617833,3,6.655440350367647,27.85677655436824,1045.2244897959183,12.19108280254777,51216,459.265306122449,3427
compute_ext_s,16,16,16.0,240,15,0,15,0,0,17,1,1,1,4,0,0,0,18,141,2,3,2,2,0,2,5,2,7,2,4,6,0,1,99,24,3.3636363636363638,4,20,0.14184397163120568,2,0.028368794326241134,4,5.484796933490655,15.491933384829668,32.0,0.05673758865248227,480,64.0,2428
compute_gamma_s,17,16,16.142857142857142,113,7,0,6,0,0,3,3,0,1,2,0,0,0,0,48,0,8,0,0,0,2,1,0,1,1,2,2,0,1,18,8,3.1666666666666665,0,7,0.14583333333333334,0,0.041666666666666664,2,4.736198448394496,10.63014581273465,0.0,0.0,0,32.285714285714285,586
comp_16bits,4,4,4.0,4,1,0,0,0,0,0,0,0,1,0,0,0,0,1,31,1,0,2,0,0,0,2,1,2,1,2,2,0,1,19,5,2.0,0,1,0.03225806451612903,1,0.0,0,1.6094379124341003,2.0,4.0,0.0,4,0.0,257
comp_cell,7,3,3.3076923076923075,43,13,0,0,0,0,24,110,15,0,0,0,29,0,69,320,4,76,29,0,0,78,83,17,6,2,2,107,0,1,138,132,7.442028985507246,19,149,0.465625,75,0.090625,78,3.784189633918261,6.557438524302,56.230769230769226,6.796875,3225,95.92307692307692,11879
comp_exp,37,5,17.533333333333335,263,15,0,0,6,0,1,2,0,0,5,1,0,0,10,76,0,10,5,0,0,10,6,0,3,7,2,15,0,1,28,10,3.7142857142857144,0,3,0.039473684210526314,0,0.07894736842105263,10,5.575949103146316,16.217274740226856,0.0,0.0,0,87.66666666666667,1477
comp_shift,11,2,6.5,195,30,0,0,2,0,2,0,0,1,0,0,0,0,6,88,2,7,4,4,0,0,3,3,6,5,2,8,0,1,34,112,10.911764705882353,7,3,0.03409090909090909,3,0.0,4,5.278114659230517,13.96424004376894,19.5,0.0,585,0.0,2812
cond_decode,4,4,4.0,4,1,0,0,0,0,0,0,1,1,4,4,0,0,0,51,1,0,0,2,0,14,0,1,2,1,2,16,0,1,39,18,2.6923076923076925,3,2,0.0392156862745098,1,0.1568627450980392,16,1.6094379124341003,2.0,4.0,0.1568627450980392,4,16.0,892
conff,32,2,8.8,44,5,1,0,0,0,0,0,0,0,4,4,0,0,1,39,2,6,0,2,0,0,2,2,4,2,4,2,0,1,38,6,2.236842105263158,0,0,0.0,2,0.20512820512820512,2,3.8066624897703196,6.6332495807108,17.6,0.41025641025641024,88,35.2,770
config,1,1,1.0,1,0,0,0,0,1,0,8,0,0,0,0,0,0,0,86,0,0,6,0,0,0,0,0,0,0,0,6,0,1,35,26,2.3142857142857145,2,8,0.09302325581395349,0,0.0,0,0.6931471805599453,1.0,0.0,0.0,0,0.0,1437
configfsm,32,2,13.0,39,3,1,0,0,0,0,3,1,0,2,2,0,0,22,98,3,0,15,2,0,0,0,8,4,3,2,17,0,1,36,17,4.138888888888889,2,4,0.04081632653061224,8,0.04081632653061224,2,3.6888794541139363,6.244997998398398,104.0,0.32653061224489793,312,26.0,1735
config_register,4,4,4.0,16,4,0,0,0,0,0,0,0,1,0,2,0,0,4,70,1,4,4,0,0,0,0,3,7,4,2,4,0,1,33,7,2.3333333333333335,0,1,0.014285714285714285,3,0.02857142857142857,0,2.833213344056216,4.0,12.0,0.08571428571428572,48,0.0,1337
config_uart,32,2,10.323529411764707,351,34,2,2,14,0,4,4,0,1,48,12,0,0,165,434,9,4,48,10,0,2,2,26,3,5,2,60,0,1,141,93,6.127659574468085,15,9,0.020737327188940093,26,0.1382488479262673,12,5.863631175598097,18.734993995195193,268.4117647058824,3.5944700460829497,9126,495.5294117647059,8907
contador,1,1,1.0,1,0,0,0,0,1,1,6,0,0,0,0,0,0,10,70,1,1,5,0,0,3,0,1,1,2,2,8,0,1,28,13,2.6785714285714284,1,7,0.1,1,0.0,3,0.6931471805599453,1.0,1.0,0.0,1,0.0,1028
contador_0_15,4,4,4.0,4,1,0,0,0,0,1,1,0,1,8,0,0,0,13,28,1,0,6,0,0,0,0,1,5,1,2,6,0,1,22,12,3.272727272727273,1,3,0.10714285714285714,1,0.2857142857142857,0,1.6094379124341003,2.0,4.0,0.2857142857142857,4,32.0,474
contador_0_7,3,3,3.0,3,1,0,0,0,0,1,1,0,1,2,0,0,0,5,23,1,0,4,0,0,0,0,1,5,1,2,4,0,1,21,6,2.4285714285714284,0,3,0.13043478260869565,1,0.08695652173913043,0,1.3862943611198906,1.7320508075688772,3.0,0.08695652173913043,3,6.0,344
contador_3b_pr,3,3,3.0,6,2,0,0,0,0,1,1,0,1,0,0,0,0,4,61,1,1,6,0,0,0,0,3,5,1,2,6,0,1,25,7,3.04,0,3,0.04918032786885246,3,0.0,0,1.9459101490553132,2.449489742783178,9.0,0.0,18,0.0,761
contador_ad_frecuencia,1,1,1.0,1,0,0,0,0,1,1,3,0,1,0,0,0,0,4,72,1,1,5,0,0,0,5,2,4,1,2,5,0,1,26,7,2.8076923076923075,0,5,0.06944444444444445,2,0.0,0,0.6931471805599453,1.0,2.0,0.0,2,0.0,664
contador_ascendente_descendente,1,1,1.0,1,0,0,0,0,1,1,3,0,1,0,0,0,0,4,72,1,1,5,0,0,0,5,2,4,1,2,5,0,1,26,7,2.8076923076923075,0,5,0.06944444444444445,2,0.0,0,0.6931471805599453,1.0,2.0,0.0,2,0.0,673
conta_10b,10,10,10.0,20,2,0,0,0,0,1,0,0,1,0,0,0,0,2,39,1,1,2,0,0,0,0,1,3,1,2,2,0,1,21,5,1.7142857142857142,0,2,0.05128205128205128,1,0.0,0,3.044522437723423,4.47213595499958,10.0,0.0,20,0.0,342
conta_15b,15,15,15.0,30,2,0,0,0,0,1,0,0,1,0,0,0,0,2,40,1,0,2,0,0,0,0,1,3,1,2,2,0,1,19,5,1.736842105263158,0,2,0.05,1,0.0,0,3.4339872044851463,5.477225575051661,15.0,0.0,30,0.0,294
context_cal,13,4,8.666666666666666,286,33,0,0,6,0,0,0,0,1,0,0,0,0,35,202,3,7,6,0,0,5,22,10,7,3,2,11,0,1,83,22,4.397590361445783,3,1,0.0049504950495049506,10,0.0,5,5.659482215759621,16.911534525287763,86.66666666666666,0.0,2860,0.0,3560
context_pixel,9,8,8.166666666666666,147,18,0,0,15,0,3,0,2,1,6,0,0,0,57,190,10,0,21,2,0,0,1,22,4,7,2,23,0,1,47,21,6.319148936170213,9,6,0.031578947368421054,22,0.031578947368421054,2,4.997212273764115,12.12435565298214,179.66666666666666,0.6947368421052632,3234,49.0,2499
context_q,9,4,6.0,114,19,0,0,0,0,31,10,0,1,12,0,0,8,49,114,2,9,11,0,0,5,10,3,6,3,2,16,0,1,41,16,5.146341463414634,4,42,0.3684210526315789,3,0.10526315789473684,5,4.74493212836325,10.677078252031311,18.0,0.3157894736842105,342,72.0,1867
context_q_decoding,9,5,8.2,123,15,0,0,0,0,0,0,0,1,0,0,0,0,15,96,2,0,6,0,0,0,5,5,8,5,2,6,0,1,40,10,4.0,0,1,0.010416666666666666,5,0.0,0,4.820281565605037,11.090536506409418,41.0,0.0,615,0.0,1392
context_update,13,2,8.08695652173913,186,23,0,0,4,0,10,5,0,1,0,0,0,3,24,90,0,22,0,0,0,17,8,0,5,5,2,17,0,1,43,22,4.232558139534884,2,16,0.17777777777777778,0,0.0,17,5.231108616854587,13.638181696985855,0.0,0.0,0,0.0,1937
control,1,1,1.0,1,0,0,0,0,1,0,0,0,1,0,0,0,0,0,9,0,0,0,0,0,0,1,0,1,0,2,0,0,1,9,1,1.0,0,1,0.1111111111111111,0,0.0,0,0.6931471805599453,1.0,0.0,0.0,0,0.0,117
controle2,6,5,5.5,11,2,0,0,0,0,0,0,1,0,0,0,0,0,0,59,1,0,1,2,0,0,0,1,2,1,2,3,0,1,104,39,1.9711538461538463,1,1,0.01694915254237288,1,0.0,2,2.4849066497880004,3.3166247903554,5.5,0.0,11,0.0,1915
controler,8,3,5.777777777777778,52,9,0,0,4,0,0,0,0,0,2,0,0,0,0,88,0,2,0,0,0,0,6,0,3,2,2,0,0,1,60,12,2.6333333333333333,2,0,0.0,0,0.022727272727272728,0,3.970291913552122,7.211102550927978,0.0,0.0,0,11.555555555555555,1976
controller,12,5,8.5,17,2,0,0,0,0,0,0,1,0,0,0,0,0,21,40,1,0,0,2,0,0,0,1,1,1,2,2,0,1,55,23,1.4363636363636363,1,1,0.025,1,0.0,2,2.8903717578961645,4.123105625617661,8.5,0.0,17,0.0,1248
controlunit,7,2,3.4,17,5,0,0,0,0,0,0,0,0,1,0,0,0,0,45,0,1,0,0,0,0,2,4,4,7,2,0,0,1,26,7,2.8846153846153846,0,0,0.0,4,0.022222222222222223,0,2.8903717578961645,4.123105625617661,13.6,0.08888888888888889,68,3.4,1029
controlword,7,3,5.0,10,2,0,0,0,0,0,0,1,0,0,0,0,0,7,25,1,0,7,0,0,0,0,1,1,1,2,7,0,1,20,10,2.5,0,1,0.04,1,0.0,0,2.3978952727983707,3.1622776601683795,5.0,0.0,10,0.0,356
control_buffer,32,1,14.333333333333334,86,6,2,0,0,2,0,0,0,0,0,0,0,0,15,54,1,0,2,0,0,0,8,5,8,5,2,2,0,1,32,8,3.28125,0,0,0.0,5,0.0,0,4.465908118654584,9.273618495495704,71.66666666666667,0.0,430,0.0,1246
control_decode,4,4,4.0,4,1,0,0,0,0,0,0,1,0,0,0,0,0,2,88,2,0,9,2,0,0,0,7,7,6,2,11,0,1,43,13,3.3255813953488373,3,1,0.011363636363636364,7,0.0,2,1.6094379124341003,2.0,28.0,0.0,28,0.0,1305
control_decoder,4,2,3.0,12,4,0,0,0,0,0,0,1,0,19,16,0,0,47,177,1,0,37,0,0,0,12,24,12,12,2,37,0,1,58,38,7.551724137931035,12,1,0.005649717514124294,24,0.1977401129943503,0,2.5649493574615367,3.4641016151377544,72.0,4.745762711864407,288,57.0,4439
control_double,16,4,7.882352941176471,134,17,0,2,0,0,10,10,6,0,6,0,0,0,114,298,8,5,27,14,0,0,11,16,4,8,2,41,0,1,81,53,7.271604938271605,12,26,0.087248322147651,16,0.020134228187919462,14,4.90527477843843,11.575836902790225,126.11764705882354,0.3221476510067114,2144,47.294117647058826,7325
control_e,32,2,17.375,139,8,4,0,0,0,0,0,4,0,0,112,0,0,16,135,4,0,22,0,0,0,0,15,4,10,8,22,0,1,74,22,3.608108108108108,3,4,0.02962962962962963,15,0.8296296296296296,0,4.941642422609304,11.789826122551595,260.625,12.444444444444445,2085,0.0,3435
control_encode,2,2,2.0,2,1,0,0,0,0,0,0,1,0,0,0,0,0,2,103,2,0,5,2,0,0,0,9,6,8,2,7,0,1,40,10,3.425,0,1,0.009708737864077669,9,0.0,2,1.0986122886681098,1.4142135623730951,18.0,0.0,18,0.0,1444
control_fsm,1,1,1.0,1,0,0,0,0,1,0,1,0,1,2,0,2,0,3,79,2,0,3,2,0,0,0,7,3,2,2,5,0,1,29,7,3.1379310344827585,0,2,0.02531645569620253,11,0.05063291139240506,2,0.6931471805599453,1.0,7.0,0.5569620253164557,11,4.0,1135
control_interface,16,3,11.666666666666666,35,3,0,2,0,0,13,4,0,0,1,14,0,0,57,199,4,0,16,0,0,0,0,12,7,10,2,16,0,1,41,16,6.0,7,17,0.08542713567839195,12,0.07537688442211055,0,3.58351893845611,5.916079783099616,140.0,0.9045226130653266,420,11.666666666666666,4115
control_logic,7,3,5.666666666666667,34,6,0,0,0,0,0,2,2,0,0,0,0,0,0,283,2,3,0,10,0,7,3,19,5,10,2,17,0,1,95,40,4.010526315789473,5,4,0.014134275618374558,19,0.0,17,3.5553480614894135,5.830951894845301,107.66666666666667,0.0,646,0.0,5815
control_module,8,8,8.0,24,3,0,0,3,0,0,0,0,0,0,0,0,0,4,52,1,2,2,0,0,0,0,2,4,2,3,2,0,1,26,4,2.0384615384615383,0,0,0.0,2,0.0,0,3.2188758248682006,4.898979485566356,16.0,0.0,48,0.0,550
control_nms,4,4,4.0,4,1,0,0,0,0,0,0,1,0,0,0,0,0,2,152,2,0,10,2,0,0,0,10,11,9,2,12,0,1,60,23,4.033333333333333,4,1,0.006578947368421052,10,0.0,2,1.6094379124341003,2.0,40.0,0.0,40,0.0,2097
control_path,7,2,3.7,37,10,0,0,0,0,0,0,0,0,3,3,0,0,0,32,0,3,0,0,0,0,2,6,5,9,2,0,0,1,36,9,2.4444444444444446,0,0,0.0,6,0.1875,0,3.6375861597263857,6.082762530298219,22.200000000000003,1.125,222,11.100000000000001,964
control_registers,32,2,19.15909090909091,843,44,22,0,0,0,0,0,0,1,24,0,0,0,73,238,2,18,15,2,0,2,2,17,8,19,2,19,0,1,85,20,4.435294117647059,12,1,0.004201680672268907,17,0.10084033613445378,4,6.738152494595957,29.03446228191595,325.7045454545455,1.7142857142857144,14331,459.81818181818187,5329
control_rom,18,2,11.5,46,4,0,1,0,0,0,0,0,0,0,0,0,0,0,167,0,0,0,0,0,0,0,0,2,1,2,0,0,1,163,73,1.9631901840490797,2,0,0.0,0,0.0,0,3.8501476017100584,6.782329983125268,0.0,0.0,0,0.0,7871
control_signals,7,2,3.6666666666666665,11,3,0,0,0,0,0,0,1,1,0,0,0,0,49,93,1,0,1,2,0,0,0,7,2,7,2,3,0,1,36,9,4.0,0,2,0.021505376344086023,7,0.0,2,2.4849066497880004,3.3166247903554,25.666666666666664,0.0,77,0.0,2104
control_timer,16,8,12.0,24,2,0,1,1,0,4,0,0,0,0,0,0,0,16,47,2,0,6,0,0,0,0,4,2,2,2,6,0,1,25,9,3.48,0,4,0.0851063829787234,4,0.0,0,3.2188758248682006,4.898979485566356,48.0,0.0,96,0.0,684
control_top,16,2,7.208333333333333,173,24,0,2,0,0,2,0,0,0,0,0,0,0,44,163,1,0,13,4,0,0,10,10,9,6,2,17,0,1,96,29,3.3333333333333335,5,2,0.012269938650306749,10,0.0,4,5.159055299214529,13.152946437965905,72.08333333333333,0.0,1730,0.0,4207
control_unit,1,1,1.0,1,0,0,0,0,1,1,13,0,0,0,0,0,0,6,306,2,2,4,26,0,10,3,8,5,7,2,40,0,1,98,31,6.0,14,14,0.0457516339869281,8,0.0,36,0.6931471805599453,1.0,8.0,0.0,8,0.0,8287
control_unit_2,7,2,4.0,12,3,0,0,0,0,0,0,0,1,0,0,0,0,1,168,1,0,13,6,0,0,0,2,3,2,2,19,0,1,41,24,5.073170731707317,12,1,0.005952380952380952,2,0.0,6,2.5649493574615367,3.4641016151377544,8.0,0.0,24,0.0,2640
control_unit_top,7,2,3.4,17,5,0,0,0,0,0,0,0,0,0,0,0,0,0,48,0,0,0,0,0,0,1,0,2,3,2,0,0,1,21,5,2.9523809523809526,0,0,0.0,0,0.0,0,2.8903717578961645,4.123105625617661,0.0,0.0,0,0.0,892
control_visualizador_numerico,8,3,4.6,23,5,0,0,1,0,0,0,0,1,0,0,0,0,0,52,0,0,0,0,0,0,8,0,5,2,2,0,0,1,28,8,1.75,0,1,0.019230769230769232,0,0.0,0,3.1780538303479458,4.795831523312719,0.0,0.0,0,0.0,628
cont_bck,8,4,6.0,24,4,0,0,2,0,1,1,0,1,0,0,0,0,25,121,1,0,4,2,0,0,0,3,3,2,2,6,0,1,50,15,2.98,3,3,0.024793388429752067,3,0.0,2,3.2188758248682006,4.898979485566356,18.0,0.0,72,0.0,2884
cont_fwd,8,4,6.0,24,4,0,0,2,0,2,0,0,1,0,0,0,0,25,120,1,0,4,2,0,0,0,3,3,2,2,6,0,1,50,15,2.98,3,3,0.025,3,0.0,2,3.2188758248682006,4.898979485566356,18.0,0.0,72,0.0,2839
conv,14,4,9.0,18,2,0,0,0,0,0,6,6,4,0,0,0,0,0,32,0,4,0,0,0,0,1,0,1,1,2,0,0,1,13,5,2.3076923076923075,0,16,0.5,0,0.0,0,2.9444389791664403,4.242640687119285,0.0,0.0,0,0.0,260
conversorunsigned,16,8,10.666666666666666,64,6,0,2,4,0,4,0,0,0,3,0,0,0,8,13,0,3,0,0,0,5,0,0,3,3,2,5,0,1,14,7,2.9285714285714284,0,4,0.3076923076923077,0,0.23076923076923078,5,4.174387269895637,8.0,0.0,0.0,0,32.0,511
conversor_bcd_7seg,8,4,6.0,12,2,0,0,1,0,0,0,1,1,0,0,0,0,0,52,1,0,0,2,0,0,1,1,1,1,2,2,0,1,37,12,1.3243243243243243,1,2,0.038461538461538464,1,0.0,2,2.5649493574615367,3.4641016151377544,6.0,0.0,12,0.0,556
convert,64,3,46.5625,745,16,3,0,0,0,0,0,1,1,0,22,0,0,49,98,1,0,4,0,0,8,18,5,5,5,2,12,0,1,66,26,4.287878787878788,3,2,0.02040816326530612,5,0.22448979591836735,8,6.61472560020376,27.294688127912362,232.8125,1.1224489795918366,3725,0.0,3950
converter,62,2,24.347826086956523,560,23,0,0,0,0,1,1,162,0,8,0,0,0,31,445,24,30,0,98,0,0,30,90,7,21,2,98,0,1,51,90,16.215686274509803,29,164,0.3685393258426966,90,0.017977528089887642,98,6.329720905522696,23.664319132398465,2191.304347826087,1.6179775280898878,50400,194.7826086956522,11465
converter_fifo,127,6,21.35,1281,60,0,0,17,0,4,2,292,0,13,2,0,0,13,624,34,65,40,22,0,3,62,36,18,17,6,65,0,1,80,132,15.9875,27,298,0.4775641025641026,36,0.02403846153846154,25,7.156176637480615,35.79106033634656,768.6,0.8653846153846154,46116,277.55,16597
convolve_pipe,32,12,24.5,588,24,14,5,0,0,0,0,4,1,0,0,0,0,0,149,4,0,5,8,0,0,1,4,22,7,2,13,0,1,78,22,2.8333333333333335,1,5,0.03355704697986577,4,0.0,8,6.3784261836515865,24.24871130596428,98.0,0.0,2352,0.0,2431
conv_2d_cl_array_array_ap_fixed_8u_config2_s,377,1,17.84641638225256,5229,293,15,216,0,18,30,0,36,1,167,3,1,0,570,1869,82,134,245,2,0,10,161,808,15,22,2,257,0,1,414,333,9.93719806763285,49,67,0.03584804708400214,810,0.09149277688603531,12,8.56216655705897,72.3118247591637,14419.904436860068,74.1091492776886,4235490,2998.19795221843,70336
conv_2d_cl_array_array_ap_fixed_8u_config2_s_w2_v,1,1,1.0,1,0,0,0,0,1,0,6,0,2,0,0,0,0,1,65,1,0,1,0,0,0,0,2,7,2,4,1,0,1,35,7,2.5714285714285716,0,8,0.12307692307692308,2,0.0,0,0.6931471805599453,1.0,2.0,0.0,2,0.0,974
copy,32,3,17.6875,283,16,4,5,0,0,0,0,1,1,0,0,0,0,9,135,3,0,8,2,0,0,0,9,6,6,2,10,0,1,46,10,4.130434782608695,0,2,0.014814814814814815,9,0.0,2,5.648974238161206,16.822603841260722,159.1875,0.0,2547,0.0,1859
cordic,5,2,3.5,7,2,0,0,0,0,35,92,8,1,2,0,0,42,164,256,10,8,12,8,5,0,1,11,12,4,3,20,0,1,136,58,5.507352941176471,16,136,0.53125,11,0.0078125,8,2.0794415416798357,2.6457513110645907,38.5,0.0859375,77,7.0,7187
core,32,3,23.0,552,24,16,0,0,0,0,0,0,0,2,2,0,0,2,157,1,1,2,0,0,0,34,1,3,5,2,2,0,1,90,34,3.911111111111111,3,0,0.0,1,0.025477707006369428,0,6.315358001522335,23.49468024894146,23.0,0.025477707006369428,552,46.0,4071
coresight_bram_collector,8,8,8.0,16,2,0,0,2,0,3,10,2,6,4,0,0,0,19,112,1,5,6,2,0,0,0,7,4,5,2,8,0,1,46,10,3.6956521739130435,0,21,0.1875,7,0.03571428571428571,2,2.833213344056216,4.0,56.0,0.25,112,32.0,2473
coresight_l0_decoder,128,2,25.40277777777778,1829,72,24,41,2,0,4,0,0,1,2,4,0,0,75,180,1,3,16,8,0,0,2,8,2,3,2,24,0,1,53,40,6.415094339622642,9,5,0.027777777777777776,8,0.03333333333333333,8,7.512071245835466,42.76680956068619,203.22222222222223,0.26666666666666666,14632,50.80555555555556,5908
coresight_l0_decoder_simp,128,2,34.72093023255814,1493,43,32,4,2,0,2,0,0,1,0,10,0,0,68,152,1,4,20,6,0,0,2,8,2,4,2,26,0,1,53,27,5.962264150943396,10,3,0.019736842105263157,8,0.06578947368421052,6,7.309212365692763,38.63935817272331,277.7674418604651,0.5263157894736842,11944,0.0,4793
core_mem_stage,5,2,3.3333333333333335,20,6,0,0,0,0,0,10,1,1,6,1,0,0,12,117,3,6,7,2,0,0,20,30,14,11,2,9,0,1,59,20,4.084745762711864,4,12,0.10256410256410256,30,0.05982905982905983,2,3.044522437723423,4.47213595499958,100.0,1.794871794871795,600,20.0,3554
correct_module,13,2,10.4375,334,32,0,0,2,0,9,1,0,0,41,7,16,0,143,411,5,13,28,0,0,0,16,15,2,4,3,28,0,1,119,110,7.2521008403361344,24,10,0.024330900243309004,47,0.15571776155717762,0,5.814130531825066,18.275666882497067,156.5625,7.318734793187348,15698,594.9375,9394
cortexm3ds_logic,240,2,16.484944532488115,10402,631,85,15,50,0,29,18,1,0,43959,5127,1266,4,9101,94614,5662,64589,3602,0,0,5110,6393,567,44,78,2,8712,0,1,65260,64589,5.882960465828992,1498,48,0.0005073244974316697,3099,0.5321833978058216,5110,9.249849505070895,101.99019560722492,9346.963549920762,1649.236349800241,32235798,745531.616481775,3434190
cossine_accurate,4,4,4.0,8,2,0,0,0,0,1,12,1,0,0,0,0,0,61,376,3,0,5,6,0,2,3,8,2,2,2,13,0,1,121,52,4.231404958677686,7,14,0.03723404255319149,8,0.0,8,2.1972245773362196,2.8284271247461903,32.0,0.0,64,0.0,4710
counter,1,1,1.0,1,0,0,0,0,1,2,7,0,1,12,0,0,0,28,144,1,5,8,4,0,0,9,4,4,3,2,12,0,1,57,12,3.912280701754386,4,10,0.06944444444444445,4,0.08333333333333333,4,0.6931471805599453,1.0,4.0,0.3333333333333333,4,12.0,3598
counter10,4,4,4.0,8,2,0,0,0,0,1,0,0,0,0,0,0,0,5,13,1,0,3,0,0,0,0,1,1,1,2,3,0,1,21,10,2.0,0,1,0.07692307692307693,1,0.0,0,2.1972245773362196,2.8284271247461903,4.0,0.0,8,0.0,328
counter25,5,5,5.0,5,1,0,0,0,0,1,0,0,0,0,0,0,0,5,25,1,1,2,0,0,1,0,2,3,2,2,3,0,1,20,6,2.25,0,1,0.04,2,0.0,1,1.791759469228055,2.23606797749979,10.0,0.0,10,0.0,437
counter4bit,4,4,4.0,8,2,0,0,0,0,0,0,0,0,2,0,0,0,21,52,2,0,4,2,0,0,0,2,1,2,2,6,0,1,37,20,3.189189189189189,1,0,0.0,2,0.038461538461538464,2,2.1972245773362196,2.8284271247461903,8.0,0.07692307692307693,16,8.0,1438
counter64,6,6,6.0,24,4,0,0,0,0,0,0,0,1,0,0,0,0,0,120,0,0,0,0,0,0,5,0,3,1,2,0,0,1,33,6,1.878787878787879,0,1,0.008333333333333333,0,0.0,0,3.2188758248682006,4.898979485566356,0.0,0.0,0,0.0,775
counters,32,3,22.333333333333332,67,3,2,0,0,0,0,0,0,0,1,0,0,0,0,42,0,1,0,0,0,0,11,0,6,2,2,0,0,1,28,11,2.7857142857142856,1,0,0.0,0,0.023809523809523808,0,4.219507705176107,8.18535277187245,0.0,0.0,0,22.333333333333332,791
counter_10bit,4,4,4.0,4,1,0,0,0,0,1,0,0,1,0,0,0,0,4,39,1,0,2,0,0,0,0,2,1,1,2,2,0,1,17,6,2.1176470588235294,0,2,0.05128205128205128,2,0.0,0,1.6094379124341003,2.0,8.0,0.0,8,0.0,378
counter_10clk,8,8,8.0,8,1,0,0,1,0,1,1,0,0,2,0,0,0,8,48,2,2,6,0,0,0,1,2,2,1,2,6,0,1,27,6,2.8518518518518516,0,2,0.041666666666666664,2,0.041666666666666664,0,2.1972245773362196,2.8284271247461903,16.0,0.08333333333333333,16,16.0,752
counter_13,1,1,1.0,1,0,0,0,0,1,1,2,0,0,0,0,0,0,3,37,1,0,1,2,0,0,0,1,2,1,2,3,0,1,20,7,1.85,0,3,0.08108108108108109,1,0.0,2,0.6931471805599453,1.0,1.0,0.0,1,0.0,369
counter_16,1,1,1.0,1,0,0,0,0,1,1,2,0,1,0,0,0,0,3,38,1,0,1,2,0,0,0,1,2,1,2,3,0,1,21,7,1.8095238095238095,0,4,0.10526315789473684,1,0.0,2,0.6931471805599453,1.0,1.0,0.0,1,0.0,393
counter_4,6,3,4.333333333333333,26,6,0,0,0,0,0,0,0,0,1,1,0,0,0,77,1,2,2,0,0,0,36,1,13,9,10,2,0,1,45,34,4.955555555555556,6,0,0.0,1,0.025974025974025976,0,3.295836866004329,5.0990195135927845,4.333333333333333,0.025974025974025976,26,4.333333333333333,1978
counter_4bit_upxdown,4,4,4.0,4,1,0,0,0,0,1,1,0,1,0,0,0,0,9,40,1,0,4,0,0,0,0,1,1,1,2,4,0,1,18,11,2.3333333333333335,1,3,0.075,1,0.0,0,1.6094379124341003,2.0,4.0,0.0,4,0.0,587
counter_8,1,1,1.0,1,0,0,0,0,1,1,2,0,1,0,0,0,0,2,33,1,0,1,0,0,0,0,1,2,1,2,1,0,1,17,6,1.7647058823529411,0,4,0.12121212121212122,1,0.0,0,0.6931471805599453,1.0,1.0,0.0,1,0.0,325
counter_99,8,8,8.0,8,1,0,0,1,0,1,0,0,0,0,0,0,0,5,31,1,0,2,0,0,0,0,1,2,1,2,2,0,1,19,8,2.4210526315789473,0,1,0.03225806451612903,1,0.0,0,2.1972245773362196,2.8284271247461903,8.0,0.0,8,0.0,568
counter_block,13,13,13.0,52,4,0,0,0,0,0,0,0,1,0,0,0,0,0,120,0,0,0,0,0,0,5,0,3,1,2,0,0,1,33,6,1.878787878787879,0,1,0.008333333333333333,0,0.0,0,3.970291913552122,7.211102550927978,0.0,0.0,0,0.0,785
counter_d,3,3,3.0,3,1,0,0,0,0,0,0,0,0,21,8,0,0,0,9,0,1,0,0,0,0,1,0,3,1,2,0,0,1,21,11,3.761904761904762,2,0,0.0,0,3.2222222222222223,0,1.3862943611198906,1.7320508075688772,0.0,0.0,0,63.0,549
counter_disable_a,10,10,10.0,10,1,0,0,0,0,1,0,0,1,0,0,0,0,1,49,1,0,3,0,0,0,0,1,2,1,2,3,0,1,20,9,2.35,0,2,0.04081632653061224,1,0.0,0,2.3978952727983707,3.1622776601683795,10.0,0.0,10,0.0,353
counter_disable_b,10,10,10.0,10,1,0,0,0,0,1,0,0,1,0,0,0,0,2,50,1,0,4,0,0,0,0,1,3,1,2,4,0,1,21,8,2.4761904761904763,0,2,0.04,1,0.0,0,2.3978952727983707,3.1622776601683795,10.0,0.0,10,0.0,393
counter_even,10,10,10.0,10,1,0,0,0,0,1,0,0,1,0,0,0,0,0,45,1,0,2,0,0,0,0,1,2,1,2,2,0,1,19,7,2.210526315789474,0,2,0.044444444444444446,1,0.0,0,2.3978952727983707,3.1622776601683795,10.0,0.0,10,0.0,304
counter_fnd,3,3,3.0,6,2,0,0,0,0,1,0,0,1,0,0,0,0,2,22,1,1,1,0,0,0,0,1,2,1,2,1,0,1,19,5,1.736842105263158,0,2,0.09090909090909091,1,0.0,0,1.9459101490553132,2.449489742783178,3.0,0.0,6,0.0,401
counter_jk,3,3,3.0,3,1,0,0,0,0,0,0,0,0,16,8,0,0,0,30,0,1,0,0,0,0,1,0,3,1,2,0,0,1,22,11,3.6363636363636362,2,0,0.0,0,0.8,0,1.3862943611198906,1.7320508075688772,0.0,0.0,0,48.0,697
counter_main,8,8,8.0,8,1,0,0,1,0,1,0,0,1,0,0,0,0,3,38,1,0,2,0,0,0,0,1,1,1,2,2,0,1,17,7,1.8235294117647058,0,2,0.05263157894736842,1,0.0,0,2.1972245773362196,2.8284271247461903,8.0,0.0,8,0.0,371
counter_moter,10,10,10.0,20,2,0,0,0,0,1,0,0,1,0,0,0,0,4,26,1,1,2,0,0,0,0,1,2,1,2,2,0,1,19,7,2.1578947368421053,0,2,0.07692307692307693,1,0.0,0,3.044522437723423,4.47213595499958,10.0,0.0,20,0.0,514
counter_odd,10,10,10.0,10,1,0,0,0,0,1,0,0,1,0,0,0,0,1,49,1,0,3,0,0,0,0,1,2,1,2,3,0,1,20,9,2.35,0,2,0.04081632653061224,1,0.0,0,2.3978952727983707,3.1622776601683795,10.0,0.0,10,0.0,335
counter_press_controller,16,10,13.0,26,2,0,1,0,0,2,0,0,0,1,0,0,0,3,54,1,1,4,0,0,1,5,3,4,1,2,5,0,1,28,9,3.2857142857142856,0,2,0.037037037037037035,3,0.018518518518518517,1,3.295836866004329,5.0990195135927845,39.0,0.05555555555555555,78,13.0,772
counter_pwm,10,10,10.0,20,2,0,0,0,0,1,0,0,1,0,0,0,0,4,25,1,1,2,0,0,0,0,1,1,1,2,2,0,1,18,7,2.1666666666666665,0,2,0.08,1,0.0,0,3.044522437723423,4.47213595499958,10.0,0.0,20,0.0,507
counter_timer,32,4,16.363636363636363,360,22,8,0,12,0,1,1,0,0,0,0,0,0,42,108,3,3,19,0,0,0,0,41,8,4,2,19,0,1,37,21,6.216216216216216,5,2,0.018518518518518517,41,0.0,0,5.8888779583328805,18.973665961010276,670.9090909090909,0.0,14760,0.0,2316
cp0_reg,32,2,6.916666666666667,83,12,1,0,0,0,1,5,1,0,2,0,0,0,72,218,2,0,13,6,0,0,10,10,10,9,2,19,0,1,66,42,5.333333333333333,7,7,0.03211009174311927,10,0.009174311926605505,6,4.430816798843313,9.1104335791443,69.16666666666667,0.09174311926605505,830,13.833333333333334,4448
cpen391_computer_hex0_1,8,8,8.0,8,1,0,0,1,0,0,0,0,1,5,1,0,0,5,67,1,4,2,0,0,0,4,1,6,2,2,2,0,1,29,6,2.3793103448275863,0,1,0.014925373134328358,1,0.08955223880597014,0,2.1972245773362196,2.8284271247461903,8.0,0.08955223880597014,8,40.0,1275
cpen391_computer_io_bridge,1,1,1.0,1,0,0,0,0,1,1,0,0,0,6,4,0,0,20,177,3,2,6,0,0,0,0,7,11,8,2,6,0,1,44,12,4.25,3,1,0.005649717514124294,7,0.05649717514124294,0,0.6931471805599453,1.0,7.0,0.3954802259887006,7,6.0,2070
cpen391_computer_jtag_uart_for_arm_0,8,6,7.0,14,2,0,0,1,0,0,3,0,5,16,4,0,0,50,584,8,25,210,0,18,4,41,21,24,21,10,214,0,1,83,41,8.228915662650602,22,8,0.0136986301369863,21,0.03424657534246575,4,2.70805020110221,3.7416573867739413,147.0,0.7191780821917808,294,112.0,12975
cpen391_computer_lcd_0,16,16,16.0,32,2,0,2,0,0,0,0,0,1,10,2,0,0,13,104,3,19,6,0,0,16,4,3,6,1,2,22,0,1,33,20,5.636363636363637,5,1,0.009615384615384616,3,0.11538461538461539,16,3.4965075614664802,5.656854249492381,48.0,0.34615384615384615,96,160.0,2681
cpen391_computer_leds,10,10,10.0,10,1,0,0,0,0,0,0,0,1,5,1,0,0,5,67,1,4,2,0,0,0,4,1,6,2,2,2,0,1,29,6,2.3793103448275863,0,1,0.014925373134328358,1,0.08955223880597014,0,2.3978952727983707,3.1622776601683795,10.0,0.08955223880597014,10,50.0,1252
cpen391_computer_pushbuttons,4,4,4.0,4,1,0,0,0,0,0,4,0,1,21,4,0,0,32,152,7,6,22,0,0,0,6,5,7,2,2,22,0,1,36,22,6.25,4,5,0.03289473684210526,5,0.16447368421052633,0,1.6094379124341003,2.0,20.0,0.8223684210526316,20,84.0,3484
cpen391_computer_sdram,13,3,9.285714285714286,65,7,0,0,0,0,6,5,0,2,23,5,0,1,205,708,12,30,44,10,0,24,41,35,16,16,7,78,0,1,152,63,7.394736842105263,24,13,0.018361581920903956,35,0.03954802259887006,34,4.189654742026425,8.06225774829855,325.0,1.384180790960452,2275,213.57142857142858,19910
cpen391_computer_slider_switches,1,1,1.0,1,0,0,0,0,1,0,0,0,1,1,1,0,0,4,59,1,3,2,0,0,0,3,1,4,1,2,2,0,1,26,5,2.0384615384615383,0,1,0.01694915254237288,1,0.03389830508474576,0,0.6931471805599453,1.0,1.0,0.03389830508474576,1,1.0,1027
cpen_computer_v1_hex0_1,8,8,8.0,8,1,0,0,1,0,0,0,0,1,5,1,0,0,5,67,1,4,2,0,0,0,4,1,6,2,2,2,0,1,29,6,2.3793103448275863,0,1,0.014925373134328358,1,0.08955223880597014,0,2.1972245773362196,2.8284271247461903,8.0,0.08955223880597014,8,40.0,1275
cpen_computer_v1_hex2_3,10,10,10.0,10,1,0,0,0,0,0,0,0,1,5,1,0,0,5,67,1,4,2,0,0,0,4,1,6,2,2,2,0,1,29,6,2.3793103448275863,0,1,0.014925373134328358,1,0.08955223880597014,0,2.3978952727983707,3.1622776601683795,10.0,0.08955223880597014,10,50.0,1276
cpen_computer_v1_jtag_uart_for_arm_0,8,6,7.0,14,2,0,0,1,0,0,3,0,5,16,4,0,0,50,584,8,25,210,0,18,4,41,21,24,21,10,214,0,1,83,41,8.228915662650602,22,8,0.0136986301369863,21,0.03424657534246575,4,2.70805020110221,3.7416573867739413,147.0,0.7191780821917808,294,112.0,12975
cpen_computer_v1_pushbuttons,4,4,4.0,4,1,0,0,0,0,0,4,0,1,21,4,0,0,32,152,7,6,22,0,0,0,6,5,7,2,2,22,0,1,36,22,6.25,4,5,0.03289473684210526,5,0.16447368421052633,0,1.6094379124341003,2.0,20.0,0.8223684210526316,20,84.0,3484
cpen_computer_v1_sdram,13,3,9.285714285714286,65,7,0,0,0,0,6,5,0,2,23,5,0,1,205,708,12,30,44,10,0,24,41,35,16,16,7,78,0,1,152,63,7.394736842105263,24,13,0.018361581920903956,35,0.03954802259887006,34,4.189654742026425,8.06225774829855,325.0,1.384180790960452,2275,213.57142857142858,19910
cpen_computer_v1_slider_switches,1,1,1.0,1,0,0,0,0,1,0,0,0,1,1,1,0,0,4,59,1,3,2,0,0,0,3,1,4,1,2,2,0,1,26,5,2.0384615384615383,0,1,0.01694915254237288,1,0.03389830508474576,0,0.6931471805599453,1.0,1.0,0.03389830508474576,1,1.0,1027
cpen_computer_v1_to_external_bus_bridge_0,1,1,1.0,1,0,0,0,0,1,1,0,0,0,6,4,0,0,20,177,3,2,6,0,0,0,0,7,11,8,2,6,0,1,44,12,4.25,3,1,0.005649717514124294,7,0.05649717514124294,0,0.6931471805599453,1.0,7.0,0.3954802259887006,7,6.0,2085
cps_v3,390,3,11.813740458015268,7738,655,0,0,0,0,5,0,0,0,4,0,0,0,187,369,3,132,18,0,0,128,9,11,7,9,2,146,0,1,52,524,25.423076923076923,11,5,0.013550135501355014,11,0.01084010840108401,128,8.95402775927046,87.96590248499699,129.95114503816794,0.11924119241192412,85118,47.25496183206107,20954
cpu,16,2,6.095238095238095,768,126,0,11,49,0,3,0,1,1,37,10,0,0,143,642,10,49,32,8,0,75,93,49,6,9,2,115,0,1,194,93,6.474226804123711,21,5,0.00778816199376947,49,0.07320872274143302,83,6.645090969505644,27.712812921102035,298.66666666666663,3.5872274143302176,37632,225.52380952380952,17941
cputest,32,2,20.40909090909091,449,22,13,0,0,0,0,0,0,1,0,0,0,0,0,237,1,0,0,0,0,0,29,9,0,1,2,0,0,1,85,29,2.929411764705882,2,1,0.004219409282700422,9,0.0,0,6.1092475827643655,21.18962010041709,183.6818181818182,0.0,4041,0.0,3382
cpu_addr_gen,1,1,1.0,1,0,0,0,0,1,24,24,0,0,0,0,0,0,72,241,24,0,24,0,0,0,0,24,2,24,2,24,0,1,41,48,11.341463414634147,12,48,0.1991701244813278,24,0.0,0,0.6931471805599453,1.0,24.0,0.0,24,0.0,4338
cpu_display7seg,32,32,32.0,32,1,1,0,0,0,0,0,0,1,5,1,0,0,5,67,1,4,2,0,0,0,4,1,6,2,2,2,0,1,29,6,2.3793103448275863,0,1,0.014925373134328358,1,0.08955223880597014,0,3.4965075614664802,5.656854249492381,32.0,0.08955223880597014,32,160.0,1181
cpu_jtag_uart,8,6,7.0,14,2,0,0,1,0,0,3,0,5,16,4,0,0,50,584,8,25,210,0,5,4,41,21,24,21,10,214,0,1,83,41,8.228915662650602,22,8,0.0136986301369863,21,0.03424657534246575,4,2.70805020110221,3.7416573867739413,147.0,0.7191780821917808,294,112.0,11296
cpu_led,10,10,10.0,10,1,0,0,0,0,0,0,0,1,5,1,0,0,5,67,1,4,2,0,0,0,4,1,6,2,2,2,0,1,29,6,2.3793103448275863,0,1,0.014925373134328358,1,0.08955223880597014,0,2.3978952727983707,3.1622776601683795,10.0,0.08955223880597014,10,50.0,1084
cpu_sdram,12,3,8.285714285714286,58,7,0,0,2,0,6,5,0,2,23,5,0,1,205,721,12,30,44,10,0,24,41,35,16,16,7,78,0,1,154,64,7.383116883116883,24,13,0.018030513176144243,35,0.038834951456310676,34,4.07753744390572,7.615773105863909,290.0,1.3592233009708736,2030,190.57142857142858,19546
cpu_spw_config,3,3,3.0,3,1,0,0,0,0,0,0,0,1,5,1,0,0,5,67,1,4,2,0,0,0,4,1,6,2,2,2,0,1,29,6,2.3793103448275863,0,1,0.014925373134328358,1,0.08955223880597014,0,1.3862943611198906,1.7320508075688772,3.0,0.08955223880597014,3,15.0,1167
cpu_spw_data_i,1,1,1.0,1,0,0,0,0,1,0,0,0,1,1,1,0,0,4,59,1,3,2,0,0,0,3,1,4,1,2,2,0,1,26,5,2.0384615384615383,0,1,0.01694915254237288,1,0.03389830508474576,0,0.6931471805599453,1.0,1.0,0.03389830508474576,1,1.0,864
cpu_spw_data_o,9,9,9.0,9,1,0,0,0,0,0,0,0,1,5,1,0,0,5,67,1,4,2,0,0,0,4,1,6,2,2,2,0,1,29,6,2.3793103448275863,0,1,0.014925373134328358,1,0.08955223880597014,0,2.302585092994046,3.0,9.0,0.08955223880597014,9,45.0,1167
cpu_spw_state,1,1,1.0,1,0,0,0,0,1,0,0,0,1,1,1,0,0,4,59,1,3,2,0,0,0,3,1,4,1,2,2,0,1,26,5,2.0384615384615383,0,1,0.01694915254237288,1,0.03389830508474576,0,0.6931471805599453,1.0,1.0,0.03389830508474576,1,1.0,855
cpu_spw_tick_in,1,1,1.0,1,0,0,0,0,1,0,0,0,1,5,1,0,0,5,67,1,4,2,0,0,0,4,1,6,2,2,2,0,1,29,6,2.3793103448275863,0,1,0.014925373134328358,1,0.08955223880597014,0,0.6931471805599453,1.0,1.0,0.08955223880597014,1,5.0,1172
cpu_spw_time_in,8,8,8.0,8,1,0,0,1,0,0,0,0,1,5,1,0,0,5,67,1,4,2,0,0,0,4,1,6,2,2,2,0,1,29,6,2.3793103448275863,0,1,0.014925373134328358,1,0.08955223880597014,0,2.1972245773362196,2.8284271247461903,8.0,0.08955223880597014,8,40.0,1179
cpu_spw_time_o,1,1,1.0,1,0,0,0,0,1,0,0,0,1,1,1,0,0,4,59,1,3,2,0,0,0,3,1,4,1,2,2,0,1,26,5,2.0384615384615383,0,1,0.01694915254237288,1,0.03389830508474576,0,0.6931471805599453,1.0,1.0,0.03389830508474576,1,1.0,864
cpu_spw_tx_div,7,7,7.0,7,1,0,0,0,0,0,0,0,1,5,1,0,0,5,67,1,4,2,0,0,0,4,1,6,2,2,2,0,1,29,6,2.3793103448275863,0,1,0.014925373134328358,1,0.08955223880597014,0,2.0794415416798357,2.6457513110645907,7.0,0.08955223880597014,7,35.0,1167
cpu_top,1,1,1.0,1,0,0,0,0,1,0,0,0,1,0,0,0,0,0,30,0,0,0,0,0,0,0,0,1,0,2,0,0,1,6,2,1.1666666666666667,0,1,0.03333333333333333,0,0.0,0,0.6931471805599453,1.0,0.0,0.0,0,0.0,96
crc,32,8,22.4,112,5,3,0,2,0,0,0,0,1,0,0,220,0,2,68,1,33,2,0,0,0,1,1,4,2,2,2,0,1,25,143,14.88,4,1,0.014705882352941176,441,3.235294117647059,0,4.727387818712341,10.583005244258363,22.4,1426.764705882353,49392,4928.0,3653
crc24_dat64_only_flat,64,24,37.333333333333336,112,3,0,0,0,0,0,0,0,0,0,0,764,0,0,248,0,24,0,0,0,0,1,0,1,1,2,0,0,1,9,790,94.11111111111111,3,0,0.0,1528,3.0806451612903225,0,4.727387818712341,10.583005244258363,0.0,4707.225806451613,171136,28522.666666666668,7451
crc24_zer64x2_flat,24,24,24.0,72,3,0,0,0,0,0,0,0,0,0,0,272,0,0,181,0,24,0,0,0,0,1,0,1,1,2,0,0,1,9,298,39.44444444444444,3,0,0.0,544,1.5027624309392265,0,4.290459441148391,8.48528137423857,0.0,817.5027624309392,39168,6528.0,3175
crc24_zer64x3_flat,24,24,24.0,72,3,0,0,0,0,0,0,0,0,0,0,254,0,0,174,0,24,0,0,0,0,1,0,1,1,2,0,0,1,9,280,37.44444444444444,3,0,0.0,508,1.4597701149425288,0,4.290459441148391,8.48528137423857,0.0,741.5632183908046,36576,6096.0,3022
crc24_zer64_flat,24,24,24.0,72,3,0,0,0,0,0,0,0,0,0,0,278,0,0,177,0,24,0,0,0,0,1,0,1,1,2,0,0,1,9,304,40.111111111111114,3,0,0.0,556,1.5706214689265536,0,4.290459441148391,8.48528137423857,0.0,873.2655367231638,40032,6672.0,3211
crc32,32,4,23.333333333333332,140,6,4,0,1,0,1,0,0,0,2,1,2,1,9,48,2,5,7,0,0,0,10,2,5,2,2,7,0,1,39,10,3.0256410256410255,0,1,0.020833333333333332,6,0.10416666666666667,0,4.948759890378168,11.832159566199232,46.666666666666664,0.625,840,93.33333333333333,1076
crc32_d104,104,32,50.0,200,4,3,0,0,0,0,0,1,1,0,0,2063,0,2,95,2,1,1,0,0,1,0,1,5,1,2,2,0,1,23,1573,94.34782608695652,3,2,0.021052631578947368,4127,21.71578947368421,1,5.303304908059076,14.142135623730951,50.0,89621.06315789474,825400,103150.0,29532
crc32_d112,112,32,52.0,208,4,3,0,0,0,0,0,1,1,0,0,2217,0,2,95,2,1,1,0,0,1,0,1,5,1,2,2,0,1,23,1710,101.04347826086956,3,2,0.021052631578947368,4435,23.33684210526316,1,5.342334251964811,14.422205101855956,52.0,103498.8947368421,922480,115284.0,31796
crc32_d120,120,32,54.0,216,4,3,0,0,0,0,0,1,1,0,0,2363,0,2,95,2,1,1,0,0,1,0,1,5,1,2,2,0,1,23,1851,107.3913043478261,3,2,0.021052631578947368,4727,24.873684210526317,1,5.37989735354046,14.696938456699069,54.0,117577.9052631579,1021032,127602.0,33981
crc32_d128,128,32,56.0,224,4,3,0,0,0,0,0,1,1,0,0,2518,0,2,95,2,1,1,0,0,1,0,1,5,1,2,2,0,1,23,1996,114.1304347826087,3,2,0.021052631578947368,5037,26.50526315789474,1,5.41610040220442,14.966629547095765,56.0,133507.0105263158,1128288,141008.0,36279
crc32_d136,136,32,58.0,232,4,3,0,0,0,0,0,1,1,0,0,2648,0,2,95,2,1,1,0,0,1,0,1,5,1,2,2,0,1,23,2127,119.78260869565217,3,2,0.021052631578947368,5297,27.873684210526317,1,5.4510384535657,15.231546211727817,58.0,147646.9052631579,1228904,153584.0,38224
crc32_d144,144,32,60.0,240,4,3,0,0,0,0,0,1,1,0,0,2751,0,2,95,2,1,1,0,0,1,0,1,5,1,2,2,0,1,23,2247,124.26086956521739,3,2,0.021052631578947368,5503,28.957894736842107,1,5.484796933490655,15.491933384829668,60.0,159355.2947368421,1320720,165060.0,39796
crc32_d152,152,32,62.0,248,4,3,0,0,0,0,0,1,1,0,0,2818,0,2,95,2,1,1,0,0,1,0,1,5,1,2,2,0,1,23,2351,127.17391304347827,3,2,0.021052631578947368,5637,29.66315789473684,1,5.517452896464707,15.748015748023622,62.0,167211.22105263156,1397976,174716.0,40881
crc32_d16,32,16,28.0,112,4,3,1,0,0,0,0,1,1,0,0,414,0,2,95,2,1,1,0,0,1,0,1,5,1,2,2,0,1,23,232,22.652173913043477,3,2,0.021052631578947368,829,4.3578947368421055,1,4.727387818712341,10.583005244258363,28.0,3612.6947368421056,92848,11592.0,6813
crc32_d160,160,32,64.0,256,4,3,0,0,0,0,0,1,1,0,0,2935,0,2,95,2,1,1,0,0,1,0,1,5,1,2,2,0,1,23,2482,132.2608695652174,3,2,0.021052631578947368,5871,30.894736842105264,1,5.54907608489522,16.0,64.0,181383.0,1502976,187840.0,42680
crc32_d168,168,32,66.0,264,4,3,0,0,0,0,0,1,1,0,0,3060,0,2,95,2,1,1,0,0,1,0,1,5,1,2,2,0,1,23,2610,137.69565217391303,3,2,0.021052631578947368,6121,32.21052631578947,1,5.579729825986222,16.24807680927192,66.0,197160.63157894736,1615944,201960.0,44580
crc32_d176,176,32,68.0,272,4,3,0,0,0,0,0,1,1,0,0,3160,0,2,95,2,1,1,0,0,1,0,1,5,1,2,2,0,1,23,2720,142.04347826086956,3,2,0.021052631578947368,6321,33.26315789473684,1,5.60947179518496,16.492422502470642,68.0,210256.42105263157,1719312,214880.0,46112
crc32_d184,184,32,70.0,280,4,3,0,0,0,0,0,1,1,0,0,3266,0,2,95,2,1,1,0,0,1,0,1,5,1,2,2,0,1,23,2825,146.65217391304347,3,2,0.021052631578947368,6533,34.37894736842105,1,5.638354669333745,16.73320053068151,70.0,224597.66315789474,1829240,228620.0,47666
crc32_d192,192,32,72.0,288,4,3,0,0,0,0,0,1,1,0,0,3437,0,2,95,2,1,1,0,0,1,0,1,5,1,2,2,0,1,23,2976,154.08695652173913,3,2,0.021052631578947368,6875,36.17894736842105,1,5.666426688112432,16.97056274847714,72.0,248730.26315789472,1980000,247464.0,50194
crc32_d200,200,32,74.0,296,4,3,0,0,0,0,0,1,1,0,0,3579,0,2,95,2,1,1,0,0,1,0,1,5,1,2,2,0,1,23,3111,160.2608695652174,3,2,0.021052631578947368,7159,37.67368421052632,1,5.6937321388027,17.204650534085253,74.0,269705.9052631579,2119064,264846.0,52341
crc32_d208,208,32,76.0,304,4,3,0,0,0,0,0,1,1,0,0,3727,0,2,95,2,1,1,0,0,1,0,1,5,1,2,2,0,1,23,3240,166.69565217391303,3,2,0.021052631578947368,7455,39.23157894736842,1,5.720311776607412,17.435595774162696,76.0,292471.4210526316,2266320,283252.0,54512
crc32_d216,216,32,78.0,312,4,3,0,0,0,0,0,1,1,0,0,3864,0,2,95,2,1,1,0,0,1,0,1,5,1,2,2,0,1,23,3361,172.65217391304347,3,2,0.021052631578947368,7729,40.67368421052632,1,5.746203190540153,17.663521732655695,78.0,314366.9052631579,2411448,301392.0,56490
crc32_d224,224,32,80.0,320,4,3,0,0,0,0,0,1,1,0,0,3985,0,2,95,2,1,1,0,0,1,0,1,5,1,2,2,0,1,23,3497,177.91304347826087,3,2,0.021052631578947368,7971,41.94736842105263,1,5.771441123130016,17.88854381999832,80.0,334362.4736842105,2550720,318800.0,58358
crc32_d232,232,32,82.0,328,4,3,0,0,0,0,0,1,1,0,0,4108,0,2,95,2,1,1,0,0,1,0,1,5,1,2,2,0,1,23,3626,183.2608695652174,3,2,0.021052631578947368,8217,43.242105263157896,1,5.796057750765372,18.110770276274835,82.0,355320.3789473684,2695176,336856.0,60220
crc32_d24,32,24,30.0,120,4,3,0,0,0,0,0,1,1,0,0,614,0,2,95,2,1,1,0,0,1,0,1,5,1,2,2,0,1,23,328,31.347826086956523,3,2,0.021052631578947368,1229,6.463157894736842,1,4.795790545596741,10.954451150103322,30.0,7943.2210526315785,147480,18420.0,9491
crc32_d240,240,32,84.0,336,4,3,0,0,0,0,0,1,1,0,0,4185,0,2,95,2,1,1,0,0,1,0,1,5,1,2,2,0,1,23,3729,186.6086956521739,3,2,0.021052631578947368,8371,44.05263157894737,1,5.820082930352362,18.33030277982336,84.0,368764.5789473684,2812656,351540.0,61432
crc32_d248,248,32,86.0,344,4,3,0,0,0,0,0,1,1,0,0,4306,0,2,95,2,1,1,0,0,1,0,1,5,1,2,2,0,1,23,3850,191.8695652173913,3,2,0.021052631578947368,8613,45.32631578947368,1,5.84354441703136,18.547236990991408,86.0,390395.5578947368,2962872,370316.0,63226
crc32_d256,256,32,88.0,352,4,3,0,0,0,0,0,1,1,0,0,4424,0,2,95,2,1,1,0,0,1,0,1,5,1,2,2,0,1,23,3977,197.0,3,2,0.021052631578947368,8849,46.56842105263158,1,5.8664680569332965,18.76166303929372,88.0,412083.95789473684,3114848,389312.0,65033
crc32_d32,32,32,32.0,128,4,4,0,0,0,0,0,1,1,0,0,872,0,2,95,2,1,1,0,0,1,0,1,5,1,2,2,0,1,23,453,42.56521739130435,3,2,0.021052631578947368,1745,9.178947368421053,1,4.859812404361672,11.313708498984761,32.0,16017.263157894737,223360,27904.0,12869
crc32_d40,40,32,34.0,136,4,3,0,0,0,0,0,1,1,0,0,968,0,2,95,2,1,1,0,0,1,0,1,5,1,2,2,0,1,23,558,46.73913043478261,3,2,0.021052631578947368,1937,10.189473684210526,1,4.919980925828125,11.661903789690601,34.0,19737.01052631579,263432,32912.0,14240
crc32_d48,48,32,36.0,144,4,3,0,0,0,0,0,1,1,0,0,1091,0,2,95,2,1,1,0,0,1,0,1,5,1,2,2,0,1,23,670,52.08695652173913,3,2,0.021052631578947368,2183,11.48421052631579,1,4.976733742420574,12.0,36.0,25070.031578947368,314352,39276.0,15939
crc32_d56,56,32,38.0,152,4,3,0,0,0,0,0,1,1,0,0,1263,0,2,95,2,1,1,0,0,1,0,1,5,1,2,2,0,1,23,808,59.56521739130435,3,2,0.021052631578947368,2527,13.294736842105262,1,5.030437921392435,12.328828005937952,38.0,33595.799999999996,384104,47994.0,18289
crc32_d64,64,32,40.0,160,4,3,0,0,0,0,0,1,1,0,0,1390,0,2,95,2,1,1,0,0,1,0,1,5,1,2,2,0,1,23,938,65.08695652173913,3,2,0.021052631578947368,2781,14.631578947368421,1,5.081404364984463,12.649110640673518,40.0,40690.42105263158,444960,55600.0,20102
crc32_d72,72,32,42.0,168,4,3,0,0,0,0,0,1,1,0,0,1509,0,2,95,2,1,1,0,0,1,0,1,5,1,2,2,0,1,23,1050,70.26086956521739,3,2,0.021052631578947368,3019,15.884210526315789,1,5.1298987149230735,12.96148139681572,42.0,47954.43157894737,507192,63378.0,21756
crc32_d8,32,8,26.0,104,4,3,0,1,0,0,0,1,1,0,0,220,0,2,95,2,1,1,0,0,1,0,1,5,1,2,2,0,1,23,139,14.217391304347826,3,2,0.021052631578947368,441,2.3157894736842106,1,4.653960350157523,10.198039027185569,26.0,1021.2631578947369,45864,5720.0,4219
crc32_d80,80,32,44.0,176,4,3,0,0,0,0,0,1,1,0,0,1637,0,2,95,2,1,1,0,0,1,0,1,5,1,2,2,0,1,23,1170,75.82608695652173,3,2,0.021052631578947368,3275,17.231578947368423,1,5.176149732573829,13.2664991614216,44.0,56433.42105263159,576400,72028.0,23510
crc32_d88,88,32,46.0,184,4,3,0,0,0,0,0,1,1,0,0,1771,0,2,95,2,1,1,0,0,1,0,1,5,1,2,2,0,1,23,1306,81.65217391304348,3,2,0.021052631578947368,3543,18.642105263157895,1,5.220355825078324,13.564659966250536,46.0,66048.97894736842,651912,81466.0,25403
crc32_d96,96,32,48.0,192,4,3,0,0,0,0,0,1,1,0,0,1911,0,2,95,2,1,1,0,0,1,0,1,5,1,2,2,0,1,23,1441,87.73913043478261,3,2,0.021052631578947368,3823,20.11578947368421,1,5.262690188904886,13.856406460551018,48.0,76902.66315789473,734016,91728.0,27378
crc_checker,15,15,15.0,30,2,0,0,0,0,0,0,0,1,0,0,7,0,0,56,1,1,1,0,0,0,1,1,3,1,2,1,0,1,21,34,3.619047619047619,1,1,0.017857142857142856,15,0.125,0,3.4339872044851463,5.477225575051661,15.0,1.875,450,105.0,1054
crc_decoder,16,4,6.0,42,7,0,1,0,0,2,16,0,1,0,0,3,0,19,92,1,1,8,0,0,0,1,5,3,3,2,8,0,1,29,14,4.275862068965517,3,19,0.20652173913043478,11,0.03260869565217391,0,3.7612001156935624,6.48074069840786,30.0,0.358695652173913,462,18.0,2122
create_pwm,16,16,16.0,16,1,0,1,0,0,1,0,0,1,2,0,0,0,5,17,1,1,1,0,0,1,0,1,1,1,2,2,0,1,17,7,1.4705882352941178,0,2,0.11764705882352941,1,0.11764705882352941,1,2.833213344056216,4.0,16.0,0.11764705882352941,16,32.0,260
credit_producer,16,16,16.0,64,4,0,4,0,0,4,0,3,1,4,2,0,0,12,147,7,0,12,0,0,0,0,7,5,2,2,12,0,1,34,12,4.617647058823529,1,8,0.05442176870748299,7,0.04081632653061224,0,4.174387269895637,8.0,112.0,0.2857142857142857,448,64.0,2359
crypt,8,2,5.241379310344827,152,29,0,0,11,0,0,0,0,0,0,0,0,0,3,65,1,0,1,0,0,0,17,2,4,2,2,1,0,1,57,17,2.2982456140350878,1,0,0.0,2,0.0,0,5.030437921392435,12.328828005937952,10.482758620689655,0.0,304,0.0,1294
cr_ahbl_if,32,2,12.117647058823529,618,51,16,0,0,0,0,8,0,0,28,12,0,0,17,437,3,29,106,2,0,0,43,3,15,17,2,108,0,1,78,43,5.884615384615385,9,8,0.018306636155606407,3,0.09153318077803203,2,6.428105272684596,24.859605789312106,36.35294117647059,0.2745995423340961,1854,339.2941176470588,7552
cr_ahbl_req_arb,32,2,16.029411764705884,1090,68,31,0,0,0,0,0,0,0,70,20,0,0,9,329,3,37,5,2,8,4,63,3,27,20,2,11,0,1,91,63,5.615384615384615,6,0,0.0,3,0.2735562310030395,6,6.994849985833071,33.015148038438355,48.08823529411765,0.8206686930091185,3270,1122.058823529412,11764
cr_bmu_dbus_if,32,2,16.79381443298969,1629,97,42,5,0,0,0,0,0,0,47,40,2,0,17,576,6,72,80,8,4,1,105,6,33,33,2,89,0,1,155,105,6.212903225806452,12,0,0.0,10,0.1545138888888889,9,7.396335293800808,40.36087214122113,100.76288659793815,1.5451388888888888,16290,822.8969072164949,19008
cr_bmu_ibus_if,32,2,20.150943396226417,1068,53,29,0,0,0,0,0,0,0,29,25,2,0,11,330,3,43,102,0,8,0,69,3,26,26,2,102,0,1,94,69,5.851063829787234,6,0,0.0,7,0.1696969696969697,0,6.974478911025045,32.68026927673638,60.45283018867925,1.187878787878788,7476,624.6792452830189,11550
cr_bmu_top,32,2,20.58823529411765,1400,68,40,0,0,0,0,0,0,0,0,2,0,0,0,555,0,1,139,0,4,0,118,0,57,57,3,139,0,1,138,118,6.094202898550725,3,0,0.0,0,0.0036036036036036037,0,7.244941546337007,37.416573867739416,0.0,0.0,0,0.0,22842
cr_clic_arb,320,3,49.5625,793,16,0,0,3,0,4,12,2,0,4,5,1,0,3,144,1,11,2,0,1,0,19,1,6,5,2,2,0,1,62,19,3.274193548387097,2,18,0.125,3,0.06944444444444445,0,6.677083461247136,28.160255680657446,49.5625,0.20833333333333334,2379,247.8125,3585
cr_clic_kid,32,2,8.261904761904763,347,42,5,0,18,0,1,6,0,0,35,12,2,0,22,319,6,34,48,0,0,0,49,19,15,9,2,48,0,1,84,49,5.785714285714286,7,7,0.0219435736677116,23,0.1536050156739812,0,5.8522024797744745,18.627936010197157,156.97619047619048,3.5329153605015673,7981,305.6904761904762,8654
cr_clic_top,2560,2,103.51162790697674,4451,43,8,3,3,0,9,2,4,0,0,0,0,0,1,416,0,2,108,2,11,0,63,9,15,6,9,110,0,1,113,63,5.115044247787611,5,15,0.036057692307692304,9,0.0,2,8.401108712395436,66.71581521648372,931.6046511627907,0.0,40059,0.0,13489
cr_cp0_iui,32,2,28.832142857142856,8073,280,243,0,0,0,0,0,0,0,71,45,0,0,6,625,2,59,0,4,12,1,113,66,63,26,2,5,0,1,238,113,5.315126050420168,10,0,0.0,66,0.1856,5,8.996404301412886,89.84987479123163,1902.9214285714284,12.2496,532818,2047.0821428571428,21991
cr_cp0_lpmd,2,2,2.0,56,28,0,0,0,0,0,0,0,0,8,18,0,0,12,248,3,17,20,2,8,0,33,3,15,9,3,22,0,1,74,33,4.527027027027027,4,0,0.0,3,0.10483870967741936,2,4.04305126783455,7.483314773547883,6.0,0.31451612903225806,168,16.0,5813
cr_cp0_oreg,64,2,22.695652173913043,8352,368,138,0,17,0,3,0,0,0,86,46,1,0,69,1022,12,126,35,4,12,15,152,160,50,44,2,54,0,1,271,152,5.760147601476015,23,3,0.0029354207436399216,162,0.13013698630136986,19,9.030376034755907,91.3892772703669,3631.304347826087,21.082191780821915,1353024,1974.5217391304348,26671
cr_cp0_status,32,2,9.563318777292576,2190,229,37,0,42,0,0,0,0,0,81,8,0,0,129,651,18,53,85,0,4,10,82,157,33,37,2,95,0,1,134,85,9.850746268656716,33,0,0.0,157,0.13671274961597543,10,7.692113339595466,46.79743582719036,1501.4410480349345,21.46390168970814,343830,774.6288209606986,20689
cr_cp0_top,32,2,20.132231404958677,2436,121,57,0,8,0,0,0,0,0,0,8,0,0,0,780,0,4,40,0,38,0,188,149,74,55,3,40,0,1,216,188,6.152777777777778,6,0,0.0,149,0.010256410256410256,0,7.798523053625206,49.35585071701227,2999.7024793388427,1.528205128205128,362964,0.0,35720
cr_dct,32,3,14.139240506329115,3351,237,20,0,2,0,147,22,72,1,9,2,0,0,762,830,32,0,83,28,0,80,0,62,193,24,2,191,0,1,336,65,7.470238095238095,40,242,0.29156626506024097,62,0.01325301204819277,108,8.117312461601975,57.88782255362521,876.6329113924052,0.8216867469879517,207762,127.25316455696203,29161
cr_huff,251,4,18.56756756756757,1374,74,4,2,4,0,7,77,0,1,220,64,0,15,1928,2234,70,0,281,0,0,84,1,107,9,26,91,365,0,1,646,219,7.304953560371517,41,85,0.03804834377797672,107,0.12712623097582812,84,7.226209010100671,37.067505985701274,1986.7297297297298,13.60250671441361,147018,4084.864864864865,66536
cr_iahbl_top,32,2,18.95,758,40,22,0,0,0,0,0,0,0,5,2,0,0,0,534,0,5,42,0,10,0,70,0,27,19,3,42,0,1,130,70,3.6769230769230767,3,0,0.0,0,0.013108614232209739,0,6.63200177739563,27.53179979587241,0.0,0.0,0,94.75,13528
cr_ifu_ibuf,32,2,12.85593220338983,1517,118,7,62,0,0,5,54,0,0,145,63,0,0,30,1118,8,68,288,8,17,3,142,13,38,11,4,299,0,1,233,142,6.896995708154506,35,59,0.052772808586762074,13,0.18604651162790697,11,7.325148957955575,38.948684188300895,167.1271186440678,2.4186046511627906,19721,1864.1101694915253,36463
cr_ifu_ibuf_entry,32,16,19.153846153846153,498,26,4,4,0,0,0,0,0,0,0,6,0,0,16,199,3,5,32,0,4,0,24,3,18,3,3,32,0,1,53,24,4.830188679245283,5,0,0.0,3,0.03015075376884422,0,6.212606095751519,22.315913604421397,57.46153846153846,0.09045226130653267,1494,0.0,4811
cr_ifu_ibusif,32,2,21.454545454545453,1416,66,20,3,0,0,1,0,0,0,56,58,1,0,46,679,8,55,223,4,20,3,89,16,31,22,5,230,0,1,143,89,6.7272727272727275,18,1,0.0014727540500736377,18,0.16936671575846834,7,7.256297239690681,37.62977544445356,343.27272727272725,3.0486008836524303,25488,1222.9090909090908,18026
cr_ifu_ifctrl,1,1,1.0,1,0,0,0,0,1,0,0,0,0,36,18,0,0,3,265,1,23,144,0,9,0,44,1,21,7,2,144,0,1,62,44,4.758064516129032,3,0,0.0,1,0.2037735849056604,0,0.6931471805599453,1.0,1.0,0.2037735849056604,1,36.0,7153
cr_ifu_top,32,4,27.22222222222222,490,18,13,0,0,0,0,0,0,0,0,2,0,0,0,508,0,1,475,0,23,0,105,0,51,32,4,475,0,1,134,105,5.798507462686567,4,0,0.0,0,0.003937007874015748,0,6.19644412779452,22.135943621178654,0.0,0.0,0,0.0,23379
cr_iu_alu,32,2,25.735408560311285,6614,257,168,2,2,0,2,0,0,0,45,47,2,0,0,579,1,64,226,2,0,13,96,9,31,11,2,241,0,1,146,96,5.589041095890411,9,2,0.0034542314335060447,13,0.16234887737478412,15,8.797095076549056,81.32650244538985,231.61867704280155,2.1105354058721937,85982,1209.5642023346304,21677
cr_iu_branch,32,31,31.71153846153846,1649,52,37,0,0,0,1,0,0,0,50,77,0,0,0,349,0,56,0,0,12,4,85,22,30,20,2,4,0,1,94,85,6.085106382978723,5,1,0.0028653295128939827,22,0.3638968481375358,4,7.408530566894626,40.607881008493905,697.6538461538461,8.005730659025788,36278,1585.576923076923,13722
cr_iu_ctrl,5,2,3.6153846153846154,47,13,0,0,0,0,0,0,0,0,71,52,0,0,3,358,1,36,70,0,0,0,65,1,49,30,2,70,0,1,90,65,5.9,6,0,0.0,1,0.3435754189944134,0,3.871201010907891,6.855654600401044,3.6153846153846154,0.3435754189944134,47,256.6923076923077,11694
cr_iu_decd,32,2,11.090439276485789,4292,387,85,1,3,0,0,86,0,0,176,172,0,0,133,1264,6,175,49,12,0,321,187,32,12,69,2,382,0,1,289,187,8.363321799307958,28,86,0.0680379746835443,32,0.27531645569620256,333,8.36474106822456,65.5133574166368,354.89405684754524,8.810126582278482,137344,1951.9173126614987,44562
cr_iu_gated_clk_reg,32,32,32.0,352,11,11,0,0,0,0,0,0,0,0,0,0,0,2,86,1,3,1,0,4,0,10,19,6,1,3,1,0,1,34,10,2.4411764705882355,0,0,0.0,19,0.0,0,5.8664680569332965,18.76166303929372,608.0,0.0,6688,0.0,1657
cr_iu_gated_clk_reg_timing,32,32,32.0,352,11,11,0,0,0,0,0,0,0,0,0,0,0,2,86,1,3,1,0,4,0,10,19,6,1,3,1,0,1,34,10,2.4411764705882355,0,0,0.0,19,0.0,0,5.8664680569332965,18.76166303929372,608.0,0.0,6688,0.0,1664
cr_iu_mad,32,2,19.34567901234568,3134,162,83,0,1,0,6,2,0,0,143,85,4,0,39,850,7,96,107,10,6,517,124,7,36,18,5,634,0,1,240,124,5.929166666666666,23,8,0.009411764705882352,15,0.27294117647058824,527,8.050384453067021,55.98214000911362,135.41975308641977,4.094117647058823,47010,2843.8148148148152,24168
cr_iu_oper,32,5,27.103703703703705,3659,135,107,0,0,0,0,0,0,0,12,2,0,0,4,389,0,34,12,0,31,5,57,62,21,16,2,17,0,1,74,57,5.121621621621622,4,0,0.0,62,0.03598971722365039,5,8.205218426395412,60.489668539346454,1680.4296296296297,2.231362467866324,226858,325.24444444444447,9873
cr_iu_oper_gpr,32,2,30.569444444444443,8804,288,270,0,0,0,0,0,0,0,11,16,0,0,0,867,5,60,32,6,39,0,84,322,11,2,2,38,0,1,144,84,7.909722222222222,23,0,0.0,322,0.031141868512110725,6,9.083075020930307,93.8296328459192,9843.361111111111,10.027681660899653,2834888,336.26388888888886,24488
cr_iu_pcgen,32,11,28.986666666666668,2174,75,4,0,0,0,0,0,0,0,49,81,1,0,19,616,6,53,52,4,49,2,97,13,42,12,4,58,0,1,139,97,5.76978417266187,10,0,0.0,15,0.21266233766233766,6,7.684783943522785,46.62617290749907,376.8266666666667,3.189935064935065,32610,1449.3333333333335,20214
cr_iu_rbus,32,5,18.5,1110,60,30,0,0,0,0,0,0,0,64,53,0,0,0,349,0,42,8,0,0,3,82,11,40,11,2,11,0,1,91,82,5.7032967032967035,4,0,0.0,11,0.335243553008596,3,7.01301578963963,33.31666249791537,203.5,3.687679083094556,12210,1184.0,12603
cr_iu_retire,32,2,15.369565217391305,1414,92,9,0,17,0,0,0,0,0,221,131,4,0,46,1202,14,126,75,6,44,8,197,22,69,57,4,89,0,1,260,197,6.9423076923076925,17,0,0.0,30,0.2961730449251248,14,7.254884810077338,37.603191353926334,338.1304347826087,8.885191347753745,42420,3458.1521739130435,41797
cr_iu_vector,31,4,22.88888888888889,412,18,0,0,0,0,0,0,0,0,18,14,0,0,23,283,2,22,31,2,0,2,34,10,13,16,2,35,0,1,76,34,5.855263157894737,10,0,0.0,10,0.11307420494699646,4,6.023447592961033,20.29778313018444,228.88888888888889,1.1307420494699647,4120,412.0,8586
cr_iu_wb,32,2,20.284313725490197,2069,102,48,0,2,0,0,1,0,0,71,65,3,0,45,762,8,82,41,2,13,6,125,36,42,35,5,49,0,1,176,125,6.2897727272727275,13,1,0.0013123359580052493,42,0.18241469816272965,8,7.635303886259415,45.48626166217664,730.2352941176471,7.661417322834645,86898,1501.0392156862745,25934
cr_lsu_ctrl,5,5,5.0,15,3,0,0,0,0,0,0,0,0,94,35,1,0,21,394,2,35,7,2,0,0,55,2,24,25,2,9,0,1,89,55,6.044943820224719,10,0,0.0,4,0.3299492385786802,2,2.772588722239781,3.872983346207417,10.0,1.3197969543147208,60,475.0,11451
cr_lsu_dp,32,2,11.006818181818181,4843,440,73,9,241,0,0,0,0,0,15,6,0,0,3,811,14,46,3,22,5,266,105,8,60,16,4,291,0,1,164,120,9.920731707317072,28,0,0.0,8,0.025893958076448828,288,8.485496104672983,69.59166616772443,88.05454545454545,0.20715166461159062,38744,165.10227272727272,30901
cr_lsu_top,32,2,27.0,918,34,28,0,0,0,0,0,0,0,0,2,0,0,0,474,0,1,0,0,6,0,114,0,39,35,2,0,0,1,130,114,5.907692307692308,3,0,0.0,0,0.004219409282700422,0,6.823286122355687,30.298514815086232,0.0,0.0,0,0.0,23380
cr_quantizer,23,11,13.696629213483146,4876,356,0,0,0,0,64,0,64,65,0,0,0,0,584,614,5,0,9,0,0,128,64,25,9,7,2,137,0,1,537,128,4.441340782122905,7,193,0.31433224755700323,25,0.0,128,8.492285555710053,69.82836100038436,342.4157303370786,0.0,121900,0.0,28323
cr_sahbl_top,32,2,17.89189189189189,662,37,19,0,0,0,0,0,0,0,4,4,0,0,0,638,0,4,42,0,11,0,69,0,27,19,3,42,0,1,130,69,3.6384615384615384,3,0,0.0,0,0.012539184952978056,0,6.4967749901858625,25.729360660537214,0.0,0.0,0,71.56756756756756,13497
cr_sys_io,64,2,25.105263157894736,1431,57,19,0,0,0,0,0,0,0,4,24,12,0,27,294,5,17,14,0,5,0,36,11,17,15,4,14,0,1,75,36,5.826666666666667,9,0,0.0,35,0.1360544217687075,0,7.266827347520591,37.82856063875548,276.1578947368421,4.761904761904763,50085,401.6842105263158,8257
cr_tcipif_behavior_bus,32,2,23.875,2292,96,65,6,8,0,0,0,0,0,52,83,0,0,24,531,8,78,255,0,5,3,99,9,19,13,4,258,0,1,142,99,5.936619718309859,8,0,0.0,9,0.2542372881355932,3,7.737616282857904,47.8748368143433,214.875,2.288135593220339,20628,1241.5,15901
cr_tcipif_dummy_bus,32,32,32.0,128,4,4,0,0,0,0,0,0,0,2,0,0,0,4,126,2,8,39,2,4,0,14,2,7,5,3,41,0,1,50,14,3.24,1,0,0.0,2,0.015873015873015872,2,4.859812404361672,11.313708498984761,64.0,0.031746031746031744,256,64.0,2883
cs42448_dac,20,4,13.73913043478261,316,23,0,17,0,0,3,1,0,1,6,0,0,0,55,174,7,7,29,0,0,6,1,19,11,6,2,35,0,1,64,23,5.3125,8,5,0.028735632183908046,19,0.034482758620689655,6,5.75890177387728,17.776388834631177,261.04347826086956,0.6551724137931034,6004,82.43478260869566,3637
csa,1,1,1.0,1,0,0,0,0,1,0,0,0,0,8,7,7,0,0,28,0,7,0,0,0,0,2,0,3,3,6,0,0,1,19,11,4.2631578947368425,2,0,0.0,14,0.7857142857142857,0,0.6931471805599453,1.0,0.0,11.0,14,15.0,561
cseeblock,5,3,4.897435897435898,191,39,0,0,0,0,1,0,0,0,30,4,88,0,3,404,4,87,8,4,0,0,22,97,19,10,18,12,0,1,142,87,6.669014084507042,13,1,0.0024752475247524753,273,0.30198019801980197,4,5.2574953720277815,13.820274961085254,475.0512820512821,82.44059405940594,52143,577.8974358974359,8627
csr,1,1,1.0,1,0,0,0,0,1,0,0,0,1,0,0,0,0,0,34,0,0,0,0,0,0,0,0,0,0,2,0,0,1,20,6,1.35,0,1,0.029411764705882353,0,0.0,0,0.6931471805599453,1.0,0.0,0.0,0,0.0,271
csrfile,103,1,33.529342723004696,28567,852,145,7,13,62,17,0,0,0,125,304,0,5,454,2250,2,118,286,0,0,227,730,1058,21,118,2,513,0,1,1321,730,5.161241483724451,43,17,0.007555555555555556,1058,0.19066666666666668,227,10.260042489274284,169.0177505470949,35474.04460093897,201.72533333333334,30223886,4191.167840375587,90172
csrs,64,12,30.352941176470587,516,17,13,0,0,0,1,0,2,0,0,1,0,0,26,162,3,0,2,4,0,2,8,9,8,4,2,8,0,1,63,39,4.380952380952381,4,3,0.018518518518518517,9,0.006172839506172839,6,6.248042874508429,22.715633383201094,273.1764705882353,0.05555555555555555,4644,0.0,4562
csr_reg,32,12,18.666666666666668,224,12,4,0,0,0,1,0,2,0,4,0,0,0,29,201,4,4,6,8,0,1,14,10,10,6,2,15,0,1,58,46,6.068965517241379,6,3,0.014925373134328358,10,0.01990049751243781,9,5.41610040220442,14.966629547095765,186.66666666666669,0.1990049751243781,2240,74.66666666666667,5525
csr_regfile,26,2,6.8,102,15,0,2,0,0,5,82,6,0,33,16,0,0,158,815,10,21,35,12,0,9,33,65,14,13,2,56,0,1,262,73,5.229007633587786,22,93,0.11411042944785275,65,0.06012269938650307,21,4.634728988229636,10.099504938362077,442.0,3.9079754601226995,6630,224.4,20773
cs_gen,30,30,30.0,60,2,0,0,0,0,0,3,0,0,1,0,0,0,1,13,0,1,0,0,0,0,2,0,1,1,2,0,0,1,20,3,1.5,0,3,0.23076923076923078,0,0.07692307692307693,0,4.110873864173311,7.745966692414834,0.0,0.0,0,30.0,318
ctrl,30,2,9.88888888888889,89,9,0,0,0,0,1,0,3,0,7,7,0,0,42,265,5,12,21,4,0,2,32,17,18,12,2,27,0,1,93,37,5.774193548387097,14,4,0.01509433962264151,17,0.052830188679245285,6,4.499809670330265,9.433981132056603,168.11111111111111,0.8981132075471698,1513,69.22222222222223,7878
ctrlsm,16,2,11.321428571428571,317,28,0,18,0,0,16,4,0,0,2,0,0,0,73,413,2,32,28,2,2,0,42,16,13,29,2,30,0,1,105,42,5.542857142857143,17,20,0.048426150121065374,16,0.004842615012106538,2,5.762051382780177,17.804493814764857,181.14285714285714,0.0774818401937046,5072,22.642857142857142,7885
ctrlunit,32,2,10.536585365853659,432,41,9,0,0,0,7,0,2,1,185,176,0,0,193,682,5,7,68,0,2,1,94,27,11,17,2,69,0,1,251,298,8.713147410358566,35,10,0.01466275659824047,27,0.5293255131964809,1,6.07073772800249,20.784609690826528,284.4878048780488,14.291788856304985,11664,1949.2682926829268,22229
ctrl_mux,1,1,1.0,1,0,0,0,0,1,0,0,0,0,0,0,0,0,0,31,0,9,0,0,0,9,0,4,10,9,2,9,0,1,25,10,3.08,0,0,0.0,4,0.0,9,0.6931471805599453,1.0,4.0,0.0,4,0.0,880
ctrl_rx,8,4,4.8,24,5,0,0,1,0,0,6,4,0,4,0,0,0,8,283,4,0,23,4,0,0,8,19,8,12,2,27,0,1,73,43,6.575342465753424,10,10,0.0353356890459364,19,0.014134275618374558,4,3.2188758248682006,4.898979485566356,91.2,0.26855123674911663,456,19.2,8343
ct_spsram_64x108,108,6,82.5,660,8,0,0,0,0,0,0,0,0,0,0,0,0,0,67,0,0,0,0,0,0,7,0,6,1,2,0,0,1,19,7,3.1578947368421053,0,0,0.0,0,0.0,0,6.493753839851686,25.69046515733026,0.0,0.0,0,0.0,674
cu,5,2,3.5,7,2,0,0,0,0,0,0,1,0,0,0,0,0,2,211,1,0,2,2,0,0,0,27,2,13,2,4,0,1,47,125,9.170212765957446,19,1,0.004739336492890996,27,0.0,2,2.0794415416798357,2.6457513110645907,94.5,0.0,189,0.0,3041
cube_welcomer_control,32,2,24.5,98,4,3,0,0,0,0,3,0,0,4,0,0,0,57,128,1,0,9,2,0,0,4,10,2,3,2,11,0,1,56,27,4.571428571428571,4,3,0.0234375,10,0.03125,2,4.59511985013459,9.899494936611665,245.0,0.3125,980,98.0,3241
custompwm,7,7,7.0,21,3,0,0,0,0,1,0,0,1,0,0,0,0,12,68,2,0,5,0,0,0,0,7,4,1,2,5,0,1,20,7,2.9,0,2,0.029411764705882353,7,0.0,0,3.091042453358316,4.58257569495584,49.0,0.0,147,0.0,816
cycle_colour,3,3,3.0,3,1,0,0,0,0,1,0,0,1,0,0,0,0,2,35,1,0,0,0,0,2,2,1,2,1,2,2,0,1,23,5,1.608695652173913,0,2,0.05714285714285714,1,0.0,2,1.3862943611198906,1.7320508075688772,3.0,0.0,3,0.0,421
cycle_depth,2,2,2.0,2,1,0,0,0,0,1,0,0,1,0,0,0,0,2,35,1,0,0,0,0,2,2,1,2,1,2,2,0,1,23,5,1.608695652173913,0,2,0.05714285714285714,1,0.0,2,1.0986122886681098,1.4142135623730951,2.0,0.0,2,0.0,412
cycle_fill,4,4,4.0,4,1,0,0,0,0,1,0,0,1,0,0,0,0,2,15,1,0,0,0,0,2,2,1,2,1,2,2,0,1,24,5,1.5416666666666667,0,2,0.13333333333333333,1,0.0,2,1.6094379124341003,2.0,4.0,0.0,4,0.0,390
cycle_grid,3,3,3.0,3,1,0,0,0,0,1,0,0,1,0,0,0,0,2,15,1,0,0,0,0,2,2,1,2,1,2,2,0,1,23,5,1.608695652173913,0,2,0.13333333333333333,1,0.0,2,1.3862943611198906,1.7320508075688772,3.0,0.0,3,0.0,388
cycle_vert,2,2,2.0,2,1,0,0,0,0,1,0,0,1,0,0,0,0,2,15,1,0,0,0,0,2,2,1,2,1,2,2,0,1,23,5,1.608695652173913,0,2,0.13333333333333333,1,0.0,2,1.0986122886681098,1.4142135623730951,2.0,0.0,2,0.0,385
cypher,8,8,8.0,32,4,0,0,4,0,0,0,0,0,0,0,0,0,2,62,1,1,1,0,0,0,4,1,7,2,4,1,0,1,41,39,6.7560975609756095,9,0,0.0,1,0.0,0,3.4965075614664802,5.656854249492381,8.0,0.0,32,0.0,1754
c_id_ex,5,2,3.0,18,6,0,0,0,0,0,0,0,0,0,0,0,0,18,60,1,0,1,0,0,0,0,5,6,5,2,1,0,1,32,6,3.125,0,0,0.0,5,0.0,0,2.9444389791664403,4.242640687119285,15.0,0.0,90,0.0,1224
c_id_iex,4,2,2.5,20,8,0,0,0,0,0,0,0,0,0,0,0,0,27,62,1,0,2,0,0,0,0,5,6,5,2,2,0,1,33,6,3.515151515151515,0,0,0.0,5,0.0,0,3.044522437723423,4.47213595499958,12.5,0.0,100,0.0,1362
c_if_id,32,32,32.0,64,2,2,0,0,0,0,0,0,1,0,0,0,0,2,39,1,0,1,0,0,0,0,1,2,1,2,1,0,1,17,4,1.9411764705882353,0,1,0.02564102564102564,1,0.0,0,4.174387269895637,8.0,32.0,0.0,64,0.0,331
c_rand,32,16,24.0,96,4,2,2,0,0,1,0,1,0,1,0,0,1,5,48,1,1,2,0,0,0,1,1,2,1,2,2,0,1,24,6,2.0416666666666665,0,2,0.041666666666666664,1,0.020833333333333332,0,4.574710978503383,9.797958971132712,24.0,0.020833333333333332,96,24.0,405
d8m_lut,1024,10,212.8,1064,5,0,0,0,0,0,0,0,0,0,0,0,0,6,1074,2,1024,0,0,0,1,1,6,5,3,2,1,0,1,25,1026,84.16,2,0,0.0,6,0.0,1,6.970730078143525,32.61901286060018,1276.8000000000002,0.0,6384,0.0,21442
dac,1,1,1.0,1,0,0,0,0,1,11,0,0,0,0,0,0,2,11,46,4,0,1,0,0,0,0,5,3,1,2,1,0,1,26,11,2.8846153846153846,1,11,0.2391304347826087,5,0.0,0,0.6931471805599453,1.0,5.0,0.0,5,0.0,757
daccc,32,32,32.0,96,3,3,0,0,0,0,0,0,0,0,0,0,0,0,40,0,2,9,0,0,0,2,4,3,2,2,9,0,1,45,16,2.8444444444444446,2,0,0.0,4,0.0,0,4.574710978503383,9.797958971132712,128.0,0.0,384,0.0,1288
dacpwm,1,1,1.0,1,0,0,0,0,1,2,14,0,0,0,0,0,0,6,45,3,1,0,0,0,1,0,4,2,4,2,1,0,1,24,9,3.0416666666666665,0,16,0.35555555555555557,4,0.0,1,0.6931471805599453,1.0,4.0,0.0,4,0.0,878
dac_pwm,32,32,32.0,96,3,3,0,0,0,2,0,0,1,0,0,0,0,5,33,2,1,2,0,0,1,0,2,3,1,2,3,0,1,27,6,2.3333333333333335,0,3,0.09090909090909091,2,0.0,1,4.574710978503383,9.797958971132712,64.0,0.0,192,0.0,598
dado_bcd,26,4,6.444444444444445,58,9,0,0,0,0,8,1,0,0,0,0,0,8,25,64,1,0,8,0,1,0,0,8,1,8,2,8,0,1,24,9,5.458333333333333,0,9,0.140625,8,0.0,0,4.07753744390572,7.615773105863909,51.55555555555556,0.0,464,0.0,1051
data,32,10,28.333333333333332,170,6,5,0,0,0,0,0,0,1,0,0,0,0,0,173,0,0,4,0,0,0,5,1,5,2,2,4,0,1,59,15,1.847457627118644,2,1,0.005780346820809248,1,0.0,0,5.14166355650266,13.038404810405298,28.333333333333332,0.0,170,0.0,1585
dataext,32,2,12.928571428571429,181,14,2,4,6,0,0,0,1,1,0,0,0,0,0,69,1,0,0,10,0,0,3,1,3,1,2,10,0,1,29,20,3.6551724137931036,2,2,0.028985507246376812,1,0.0,10,5.204006687076795,13.45362404707371,12.928571428571429,0.0,181,0.0,1295
datamem,1,1,1.0,1,0,0,0,0,1,0,3,0,0,0,0,0,0,0,25,0,0,0,0,0,0,0,0,5,1,2,0,0,1,19,5,2.3684210526315788,0,3,0.12,0,0.0,0,0.6931471805599453,1.0,0.0,0.0,0,0.0,568
datamemory,1,1,1.0,1,0,0,0,0,1,0,4,0,1,0,0,0,0,0,51,1,1,2,0,0,0,0,1,5,1,2,2,0,1,24,9,2.4166666666666665,0,5,0.09803921568627451,1,0.0,0,0.6931471805599453,1.0,1.0,0.0,1,0.0,588
datamodifier,8,8,8.0,8,1,0,0,1,0,0,2,0,0,0,0,0,0,2,22,1,0,2,0,0,0,0,1,2,1,2,2,0,1,17,5,1.7647058823529411,0,2,0.09090909090909091,1,0.0,0,2.1972245773362196,2.8284271247461903,8.0,0.0,8,0.0,299
datapath,25,2,6.875,55,8,0,0,0,0,0,9,0,0,0,0,0,0,0,111,0,0,0,0,0,0,8,4,14,4,2,0,0,1,54,14,2.8333333333333335,1,9,0.08108108108108109,4,0.0,0,4.02535169073515,7.416198487095663,27.5,0.0,220,0.0,2001
data_bus_buffer,8,8,8.0,16,2,0,0,2,0,0,0,0,1,0,0,0,0,0,33,0,2,0,0,0,2,0,0,1,0,2,2,0,1,11,3,1.8181818181818181,0,1,0.030303030303030304,0,0.0,2,2.833213344056216,4.0,0.0,0.0,0,0.0,254
data_cell,4,3,3.5,7,2,0,0,0,0,0,6,0,0,1,0,0,0,5,47,1,0,6,0,0,0,0,1,9,1,2,6,0,1,28,9,2.857142857142857,0,6,0.1276595744680851,1,0.02127659574468085,0,2.0794415416798357,2.6457513110645907,3.5,0.02127659574468085,7,3.5,912
data_cell1,4,3,3.5,7,2,0,0,0,0,1,10,0,0,1,0,0,0,4,57,1,2,5,0,0,0,2,1,10,1,2,5,0,1,33,11,2.8484848484848486,1,11,0.19298245614035087,1,0.017543859649122806,0,2.0794415416798357,2.6457513110645907,3.5,0.017543859649122806,7,3.5,1050
data_cell2,4,3,3.5,7,2,0,0,0,0,2,12,0,0,1,0,0,0,3,56,1,3,4,0,0,0,3,1,10,1,2,4,0,1,34,12,2.8823529411764706,1,14,0.25,1,0.017857142857142856,0,2.0794415416798357,2.6457513110645907,3.5,0.017857142857142856,7,3.5,1074
data_comp,36,2,8.2,82,10,0,0,0,0,42,568,170,0,0,0,90,0,521,1468,17,1,28,0,0,1,54,375,47,41,2,29,0,1,631,638,7.7971473851030115,36,780,0.5313351498637602,555,0.06130790190735695,1,4.418840607796598,9.055385138137417,3074.9999999999995,34.025885558583106,45510,737.9999999999999,61808
data_controller,8,8,8.0,16,2,0,0,2,0,0,0,0,1,0,0,0,0,0,31,0,1,0,0,0,1,0,0,2,1,2,1,0,1,11,2,1.3636363636363635,0,1,0.03225806451612903,0,0.0,1,2.833213344056216,4.0,0.0,0.0,0,0.0,199
data_decoder,5,2,3.6666666666666665,22,6,0,0,0,0,0,0,1,0,0,0,0,0,0,106,1,0,2,10,0,0,0,2,4,2,2,12,0,1,51,30,3.4313725490196076,2,1,0.009433962264150943,2,0.0,10,3.1354942159291497,4.69041575982343,7.333333333333333,0.0,44,0.0,3303
data_fifo,128,6,25.625,410,16,0,0,8,0,2,0,0,0,8,0,2,2,159,206,5,5,9,0,0,5,2,7,6,3,2,14,0,1,36,140,12.083333333333334,4,2,0.009708737864077669,11,0.04854368932038835,5,6.018593214496234,20.248456731316587,179.375,0.5339805825242718,4510,256.25,5398
data_hazard_test,32,5,13.176470588235293,224,17,5,0,0,0,0,0,1,0,36,0,0,0,25,120,1,0,7,24,0,0,0,12,11,6,2,31,0,1,34,14,4.647058823529412,4,1,0.008333333333333333,12,0.3,24,5.41610040220442,14.966629547095765,158.11764705882354,3.5999999999999996,2688,474.35294117647055,2123
data_in,37,4,12.5,50,4,0,0,0,0,1,0,0,0,0,0,0,0,0,47,1,0,3,0,0,0,0,4,4,3,2,3,0,1,24,6,2.5416666666666665,0,1,0.02127659574468085,4,0.0,0,3.9318256327243257,7.0710678118654755,50.0,0.0,200,0.0,890
data_load,9216,8,4610.75,18443,4,0,0,1,0,1,0,0,0,0,0,0,0,6,29,2,1,5,0,0,1,0,2,4,2,2,6,0,1,23,6,2.4782608695652173,0,1,0.034482758620689655,2,0.0,1,9.822494393326597,135.8050072714552,9221.5,0.0,36886,0.0,478
data_mem,1024,2,39.148936170212764,1840,47,18,4,18,0,0,2,0,0,17,5,0,0,36,205,2,32,4,2,0,22,31,13,6,3,2,28,0,1,77,32,5.285714285714286,9,2,0.00975609756097561,13,0.1073170731707317,24,7.518064181233078,42.89522117905443,508.93617021276594,1.395121951219512,23920,665.531914893617,4853
data_memory,32,2,15.733333333333333,236,15,4,4,4,0,0,5,2,0,0,0,0,0,3,68,3,1,2,8,0,0,1,3,7,1,2,10,0,1,40,10,3.25,0,7,0.10294117647058823,3,0.0,8,5.4680601411351315,15.362291495737216,47.199999999999996,0.0,708,0.0,1751
data_path,32,2,18.857142857142858,264,14,6,0,0,0,0,0,0,0,0,0,0,0,0,42,0,2,0,0,0,0,1,4,9,4,2,0,0,1,52,9,2.2115384615384617,0,0,0.0,4,0.0,0,5.579729825986222,16.24807680927192,75.42857142857143,0.0,1056,0.0,1120
data_ram,8,4,7.2,36,5,0,0,4,0,8,4,1,0,0,0,0,0,15,52,2,0,8,0,0,0,6,5,6,1,2,8,0,1,35,11,3.7142857142857144,2,13,0.25,5,0.0,0,3.6109179126442243,6.0,36.0,0.0,180,0.0,1375
data_retriever,32,2,17.0,34,2,1,0,0,0,1,0,0,1,0,0,0,0,13,93,1,0,4,2,0,0,1,6,3,3,2,6,0,1,37,6,2.3513513513513513,0,2,0.021505376344086023,6,0.0,2,3.5553480614894135,5.830951894845301,102.0,0.0,204,0.0,913
data_stall,5,2,4.25,17,4,0,0,0,0,0,0,1,1,4,2,0,0,4,45,1,0,1,0,0,0,0,13,4,3,2,1,0,1,19,4,2.1052631578947367,0,2,0.044444444444444446,13,0.13333333333333333,0,2.8903717578961645,4.123105625617661,55.25,1.7333333333333334,221,17.0,718
data_sync,1,1,1.0,1,0,0,0,0,1,0,2,0,0,0,0,0,0,5,55,2,0,3,0,0,0,6,2,8,7,2,3,0,1,34,7,2.8529411764705883,0,2,0.03636363636363636,2,0.0,0,0.6931471805599453,1.0,2.0,0.0,2,0.0,1473
data_validate,32,4,20.0,100,5,2,2,0,0,0,0,0,0,0,0,0,0,4,20,0,1,0,0,0,0,9,0,4,1,2,0,0,1,23,9,2.0434782608695654,0,0,0.0,0,0.0,0,4.61512051684126,10.0,0.0,0.0,0,0.0,599
data_writer,32,2,16.4,82,5,2,0,2,0,1,0,0,1,0,0,0,0,19,82,1,0,3,2,0,0,0,6,3,4,2,5,0,1,35,8,2.9714285714285715,0,2,0.024390243902439025,6,0.0,2,4.418840607796598,9.055385138137417,98.39999999999999,0.0,492,0.0,1016
dbg_bridge_fifo,1,1,1.0,1,0,0,0,0,1,4,8,0,0,8,0,0,0,10,119,1,3,6,0,0,0,0,4,5,3,2,6,0,1,32,8,3.21875,0,12,0.10084033613445378,4,0.06722689075630252,0,0.6931471805599453,1.0,4.0,0.2689075630252101,4,8.0,1284
dbg_bridge_uart,8,4,6.888888888888889,62,9,0,0,5,0,3,6,1,0,44,10,0,0,74,342,10,5,53,0,0,0,2,27,8,5,2,53,0,1,57,41,7.842105263157895,12,10,0.029239766081871343,27,0.15789473684210525,0,4.143134726391533,7.874007874011811,186.0,4.263157894736842,1674,303.11111111111114,5509
dbsao_controller,9,3,6.0,24,4,0,0,0,0,1,0,2,0,0,2,0,0,18,146,5,1,12,4,0,1,1,5,2,3,2,17,0,1,51,18,4.352941176470588,7,3,0.02054794520547945,5,0.0136986301369863,5,3.2188758248682006,4.898979485566356,30.0,0.0684931506849315,120,0.0,3185
db_chroma_filter,10,5,8.581395348837209,369,43,0,0,12,0,13,12,0,0,0,0,0,8,24,126,0,26,0,0,0,24,30,0,3,2,2,24,0,1,71,30,4.788732394366197,4,25,0.1984126984126984,0,0.0,24,5.91350300563827,19.209372712298546,0.0,0.0,0,0.0,4272
db_clip3_str,9,8,8.25,33,4,0,0,3,0,0,0,0,0,0,0,0,0,2,30,0,1,0,0,0,2,1,0,2,1,2,2,0,1,11,5,2.1818181818181817,0,0,0.0,0,0.0,2,3.5263605246161616,5.744562646538029,0.0,0.0,0,0.0,166
db_lut_beta,7,6,6.666666666666667,20,3,0,0,0,0,0,0,0,0,0,0,0,0,0,68,1,0,0,2,0,0,0,1,1,1,2,2,0,1,68,40,1.8970588235294117,1,0,0.0,1,0.0,2,3.044522437723423,4.47213595499958,6.666666666666667,0.0,20,0.0,1379
db_normal_filter,13,4,9.185185185185185,1240,135,0,0,22,0,47,32,0,0,0,0,0,18,72,253,0,24,0,0,0,64,105,0,3,5,2,64,0,1,159,105,5.352201257861635,7,79,0.31225296442687744,0,0.0,64,7.123672785204607,35.21363372331802,0.0,0.0,0,0.0,11145
db_pu_edge,42,2,4.878787878787879,805,165,0,2,24,0,0,0,21,0,0,0,0,0,0,859,21,0,57,42,0,0,0,3,2,3,2,99,0,1,52,384,48.28846153846154,40,21,0.024447031431897557,3,0.0,42,6.692083742506628,28.372521918222215,14.636363636363637,0.0,2415,0.0,30463
db_strong_filter,11,5,8.570048309178745,1774,207,0,0,101,0,120,24,0,0,0,0,0,40,80,320,0,0,0,0,0,48,156,0,3,2,2,48,0,1,246,156,4.158536585365853,8,144,0.45,0,0.0,48,7.4815557019095165,42.118879377305376,0.0,0.0,0,0.0,15153
db_tu_edge,21,4,5.470588235294118,465,85,0,4,12,0,0,0,42,0,0,0,0,0,0,874,42,0,114,0,0,0,0,3,1,3,2,114,0,1,41,256,39.73170731707317,30,42,0.04805491990846682,3,0.0,0,6.144185634125646,21.563858652847824,16.411764705882355,0.0,1395,0.0,24118
dcache,16,1,5.147058823529412,175,34,0,3,11,4,32,106,9,3,156,74,0,4,256,833,33,12,94,10,0,13,19,49,8,11,2,117,0,1,160,81,9.66875,45,150,0.18007202881152462,49,0.27611044417767105,23,5.170483995038151,13.228756555322953,252.2058823529412,13.529411764705882,8575,802.9411764705883,16014
dcache_axi_axi,37,1,16.4,82,5,1,0,1,1,1,1,0,0,51,6,0,0,20,199,5,25,15,0,0,4,1,5,23,25,2,19,0,1,74,25,4.716216216216216,6,2,0.010050251256281407,5,0.2864321608040201,4,4.418840607796598,9.055385138137417,82.0,1.4321608040201006,410,836.4,5738
dcache_core_tag_ram,256,21,99.33333333333333,298,3,0,0,0,0,0,0,0,0,0,0,0,0,0,67,1,1,1,0,0,0,0,2,8,1,2,1,0,1,23,8,1.7826086956521738,0,0,0.0,2,0.0,0,5.700443573390687,17.26267650163207,198.66666666666666,0.0,596,0.0,632
dcache_mux,5,5,5.0,10,2,0,0,0,0,1,1,1,0,23,6,0,0,6,145,3,25,5,0,0,16,2,3,21,24,2,21,0,1,68,25,4.147058823529412,6,3,0.020689655172413793,3,0.2,16,2.3978952727983707,3.1622776601683795,15.0,0.6000000000000001,30,115.0,5088
dcache_pmem_mux,1,1,1.0,1,0,0,0,0,1,0,0,1,0,12,0,0,0,8,123,2,13,1,2,0,0,0,6,17,13,2,3,0,1,57,17,3.0350877192982457,3,1,0.008130081300813009,6,0.0975609756097561,2,0.6931471805599453,1.0,6.0,0.5853658536585367,6,12.0,3235
dcache_ram_fsm,256,2,36.830882352941174,5009,136,28,4,5,0,2,37,6,1,156,55,1,44,843,1537,21,22,79,6,0,90,9,239,28,32,2,175,0,1,193,370,16.11917098445596,75,46,0.02992843201040989,241,0.13793103448275862,96,8.51919119407891,70.77428911688199,8802.58088235294,33.241379310344826,1207169,5782.448529411764,63528
dct,112,3,18.746376811594203,7761,414,6,6,90,0,4,0,0,0,12,3,0,0,126,872,19,75,41,4,0,18,134,31,6,2,2,63,0,1,235,134,7.851063829787234,33,4,0.0045871559633027525,31,0.017201834862385322,22,8.956995311928852,88.09653795694811,581.1376811594203,0.533256880733945,240591,224.95652173913044,33166
dct1d,9,9,9.0,90,10,0,0,0,0,44,59,8,7,0,0,0,16,149,414,4,8,14,0,7,0,17,120,6,8,2,14,0,1,93,47,7.311827956989247,12,118,0.28502415458937197,120,0.0,0,4.51085950651685,9.486832980505138,1080.0,0.0,10800,0.0,8711
dct_block_buf,64,6,33.666666666666664,202,6,0,0,0,0,0,0,0,0,0,0,0,0,2,45,2,0,3,0,0,4,0,2,4,1,2,7,0,1,30,7,2.2,0,0,0.0,2,0.0,4,5.313205979041787,14.212670403551895,67.33333333333333,0.0,404,0.0,770
dc_chr_huffman,21,4,11.166666666666666,67,6,0,2,0,0,0,0,1,0,0,0,0,0,0,42,1,2,0,2,0,0,0,1,1,2,2,2,0,1,55,16,1.4545454545454546,1,1,0.023809523809523808,1,0.0,2,4.219507705176107,8.18535277187245,11.166666666666666,0.0,67,0.0,1163
dc_cr_rom,11,4,6.333333333333333,19,3,0,0,0,0,0,0,0,0,0,0,0,0,29,150,1,0,1,2,0,0,3,2,3,2,2,3,0,1,27,26,5.037037037037037,6,0,0.0,2,0.0,2,2.995732273553991,4.358898943540674,12.666666666666666,0.0,38,0.0,1637
dc_lum_huffman,21,4,11.166666666666666,67,6,0,2,0,0,0,0,1,0,0,0,0,0,0,42,1,2,0,2,0,0,0,1,1,2,2,2,0,1,53,16,1.509433962264151,1,1,0.023809523809523808,1,0.0,2,4.219507705176107,8.18535277187245,11.166666666666666,0.0,67,0.0,1162
dc_rom,9,4,5.666666666666667,17,3,0,0,0,0,0,0,0,0,0,0,0,0,29,150,1,0,1,2,0,0,3,2,3,2,2,3,0,1,27,26,4.962962962962963,6,0,0.0,2,0.0,2,2.8903717578961645,4.123105625617661,11.333333333333334,0.0,34,0.0,1612
ddr3_afifo,3,2,2.5,10,4,0,0,0,0,3,8,0,3,4,0,0,0,0,131,0,3,7,0,0,0,1,0,13,11,2,7,0,1,50,13,2.88,2,14,0.10687022900763359,0,0.030534351145038167,0,2.3978952727983707,3.1622776601683795,0.0,0.0,0,10.0,3300
ddr_ex_lfsr8,8,8,8.0,16,2,0,0,2,0,0,4,0,0,0,0,3,0,11,57,1,1,4,0,0,0,1,1,6,1,2,4,0,1,26,24,3.5,1,4,0.07017543859649122,7,0.05263157894736842,0,2.833213344056216,4.0,8.0,0.3684210526315789,112,24.0,1290
ddr_rpath,16,4,10.0,20,2,0,1,0,0,1,0,0,0,0,0,0,0,15,113,3,2,24,0,0,0,4,4,7,2,2,24,0,1,53,8,2.6037735849056602,0,1,0.008849557522123894,4,0.0,0,3.044522437723423,4.47213595499958,40.0,0.0,80,0.0,1732
dds_gen,14,2,8.25,66,8,0,0,5,0,3,29,7,0,0,0,2,0,271,327,7,3,1,6,0,0,0,8,3,3,2,7,0,1,299,272,4.013377926421405,5,39,0.11926605504587157,12,0.0061162079510703364,6,4.204692619390966,8.12403840463596,66.0,0.07339449541284404,792,16.5,12969
de10_lite_vga_pattern,16,2,7.705882352941177,131,17,0,2,6,0,0,0,0,0,0,0,0,0,0,100,0,0,0,0,0,0,1,0,6,24,2,0,0,1,58,24,1.706896551724138,1,0,0.0,0,0.0,0,4.882801922586371,11.445523142259598,0.0,0.0,0,0.0,1561
de1_soc_with_d5m,36,4,16.7,334,20,2,2,2,0,0,0,0,0,0,0,0,0,0,642,0,18,3,0,0,0,17,0,22,55,2,3,0,1,298,55,2.540268456375839,7,0,0.0,0,0.0,0,5.814130531825066,18.275666882497067,0.0,0.0,0,0.0,12628
de2_115,36,2,11.291666666666666,542,48,4,3,10,0,0,0,0,0,0,0,0,0,0,520,0,23,0,0,0,1,15,0,40,74,2,1,0,1,199,74,3.0050251256281406,7,0,0.0,0,0.0,1,6.297109319933935,23.280893453645632,0.0,0.0,0,0.0,7050
deadtime,16,16,16.0,64,4,0,4,0,0,1,0,0,0,4,3,0,0,19,135,5,4,12,0,0,0,31,5,16,3,6,12,0,1,70,37,5.757142857142857,9,1,0.007407407407407408,5,0.05185185185185185,0,4.174387269895637,8.0,80.0,0.25925925925925924,320,64.0,3386
dead_time_generator,5,5,5.0,10,2,0,0,0,0,1,0,2,1,0,0,0,0,3,67,2,1,4,0,0,1,1,2,3,1,2,5,0,1,22,5,2.409090909090909,0,4,0.05970149253731343,2,0.0,1,2.3978952727983707,3.1622776601683795,10.0,0.0,20,0.0,637
dealer,32,5,18.642857142857142,261,14,6,1,6,0,51,0,1,0,0,10,0,0,16,155,1,0,16,0,0,0,0,8,5,8,2,16,0,1,47,21,5.531914893617022,7,52,0.33548387096774196,8,0.06451612903225806,0,5.568344503761097,16.15549442140351,149.14285714285714,0.5161290322580645,2088,0.0,2726
debouce,1,1,1.0,1,0,0,0,0,1,1,1,0,1,0,0,0,0,9,51,1,0,3,0,0,0,0,2,1,1,2,3,0,1,22,6,2.4545454545454546,0,3,0.058823529411764705,2,0.0,0,0.6931471805599453,1.0,2.0,0.0,2,0.0,489
debounce,1,1,1.0,1,0,0,0,0,1,1,4,0,1,0,0,1,0,13,86,3,2,2,2,0,0,2,12,1,1,2,4,0,1,36,8,2.6666666666666665,0,6,0.06976744186046512,14,0.011627906976744186,2,0.6931471805599453,1.0,12.0,0.16279069767441862,14,1.0,949
debouncer,1,1,1.0,1,0,0,0,0,1,1,6,0,0,4,2,0,0,13,142,6,0,8,0,0,0,2,4,2,1,2,8,0,1,30,9,3.6,0,7,0.04929577464788732,4,0.04225352112676056,0,0.6931471805599453,1.0,4.0,0.16901408450704225,4,4.0,1109
debouncer_delayed_fsm,2,2,2.0,2,1,0,0,0,0,0,0,1,1,4,2,0,0,6,55,2,2,11,2,0,0,0,10,2,1,2,13,0,1,31,14,3.5806451612903225,3,2,0.03636363636363636,10,0.10909090909090909,2,1.0986122886681098,1.4142135623730951,20.0,1.0909090909090908,20,8.0,1484
debounce_explicit,2,2,2.0,4,2,0,0,0,0,0,3,1,0,0,0,0,0,5,104,2,2,7,2,0,2,4,14,2,1,2,11,0,1,41,12,3.707317073170732,2,4,0.038461538461538464,14,0.0,4,1.6094379124341003,2.0,28.0,0.0,56,0.0,2288
debugger,32,1,7.833333333333333,658,84,10,0,13,6,2,4,0,0,0,0,66,0,189,462,1,1,33,20,0,1,5,93,9,9,2,54,0,1,132,48,7.265151515151516,15,6,0.012987012987012988,225,0.14285714285714285,21,6.490723534502507,25.65151067676132,728.5,32.14285714285714,148050,517.0,12182
debugger_top,32,2,15.0,120,8,3,0,2,0,0,0,0,0,0,0,0,0,0,70,0,0,0,0,0,0,21,0,5,8,2,0,0,1,37,21,3.5405405405405403,1,0,0.0,0,0.0,0,4.795790545596741,10.954451150103322,0.0,0.0,0,0.0,1208
debug_regs,32,4,9.488372093023257,408,43,5,0,24,0,0,0,0,0,32,4,0,0,30,45,1,0,3,0,0,9,1,27,8,2,2,12,0,1,29,14,4.517241379310345,3,0,0.0,27,0.8,9,6.013715156042802,20.199009876724155,256.1860465116279,21.6,11016,303.6279069767442,2001
debug_stuff,64,64,64.0,320,5,0,0,0,0,5,0,0,0,8,0,0,0,21,97,9,0,21,0,0,0,0,9,9,5,2,21,0,1,33,21,5.909090909090909,3,5,0.05154639175257732,9,0.08247422680412371,0,5.771441123130016,17.88854381999832,576.0,0.7422680412371134,2880,512.0,1966
dec,45,2,7.485714285714286,262,35,2,0,0,0,0,0,0,0,53,18,0,0,25,112,0,7,0,0,0,3,46,0,2,1,2,3,0,1,72,46,3.513888888888889,5,0,0.0,0,0.6339285714285714,3,5.572154032177765,16.186414056238647,0.0,0.0,0,396.74285714285713,2945
dec7seg,27,2,10.380952380952381,218,21,0,0,2,0,0,7,0,2,0,6,0,0,36,112,2,0,19,2,0,0,2,12,2,3,2,21,0,1,55,20,3.709090909090909,5,9,0.08035714285714286,12,0.05357142857142857,2,5.389071729816501,14.7648230602334,124.57142857142858,0.6428571428571428,2616,0.0,2076
decade_counter,4,4,4.0,4,1,0,0,0,0,1,0,0,1,0,0,0,0,5,29,1,1,3,0,0,0,1,1,3,1,2,3,0,1,20,8,1.9,0,2,0.06896551724137931,1,0.0,0,1.6094379124341003,2.0,4.0,0.0,4,0.0,344
decchartobinh8,136,2,12.185897435897436,1901,156,3,3,37,0,15,3,20,1,114,49,0,0,256,905,30,88,41,4,1,4,97,43,43,2,2,49,0,1,273,97,5.468864468864469,20,39,0.0430939226519337,43,0.18011049723756906,8,7.550661243105336,43.60045871318328,523.9935897435897,7.74475138121547,81743,1389.1923076923076,24361
decchartobinhalfsystfracth8,25,3,21.040816326530614,1031,49,0,0,0,0,0,12,0,1,24,12,0,12,54,259,2,51,2,0,0,11,50,15,8,3,2,13,0,1,89,51,4.955056179775281,3,13,0.05019305019305019,15,0.138996138996139,11,6.939253946041508,32.109188716004645,315.6122448979592,2.0849420849420848,15465,504.9795918367347,4496
decchartobinhalfsystinth8,28,3,23.56,1178,50,0,0,0,0,0,12,0,1,30,18,0,12,54,259,2,51,2,0,0,11,51,15,8,3,2,13,0,1,89,51,5.044943820224719,3,13,0.05019305019305019,15,0.18532818532818532,11,7.072421900537371,34.322004603461025,353.4,2.7799227799227797,17670,706.8,4622
decode,32,3,14.944444444444445,807,54,17,0,1,0,0,0,0,0,0,25,0,0,55,125,1,19,2,0,0,5,21,22,6,27,4,7,0,1,91,27,5.087912087912088,8,0,0.0,22,0.2,5,6.694562058521095,28.407745422683583,328.77777777777777,4.4,17754,0.0,4345
decoder,32,3,12.682926829268293,520,41,10,0,1,0,1,0,0,0,0,0,0,0,112,406,2,12,9,24,0,0,15,15,4,12,2,33,0,1,143,69,5.475524475524476,20,1,0.0024630541871921183,15,0.0,24,6.255750041753367,22.80350850198276,190.2439024390244,0.0,7800,0.0,13654
decoder1x2,32,32,32.0,96,3,3,0,0,0,0,0,1,0,0,0,0,0,0,17,1,0,1,0,0,0,0,2,2,2,2,1,0,1,15,3,1.8,0,1,0.058823529411764705,2,0.0,0,4.574710978503383,9.797958971132712,64.0,0.0,192,0.0,243
decoder2_4,4,2,3.0,6,2,0,0,0,0,0,0,0,0,0,0,0,0,0,15,1,0,0,2,0,0,0,1,1,1,2,2,0,1,23,7,1.391304347826087,0,0,0.0,1,0.0,2,1.9459101490553132,2.449489742783178,3.0,0.0,6,0.0,263
decoder3to8,8,3,5.5,11,2,0,0,1,0,0,0,0,0,0,0,0,0,10,31,1,0,1,2,0,0,0,1,2,1,2,3,0,1,34,11,1.5588235294117647,1,0,0.0,1,0.0,2,2.4849066497880004,3.3166247903554,5.5,0.0,11,0.0,538
decoder4,4,2,3.0,6,2,0,0,0,0,0,0,1,0,0,0,0,0,0,15,1,0,0,2,0,0,0,1,1,1,2,2,0,1,23,6,1.2608695652173914,0,1,0.06666666666666667,1,0.0,2,1.9459101490553132,2.449489742783178,3.0,0.0,6,0.0,240
decoder4to16,16,4,10.0,20,2,0,1,0,0,0,0,0,0,0,0,0,0,1,39,1,0,1,2,0,0,0,1,2,1,2,3,0,1,50,19,1.54,1,0,0.0,1,0.0,2,3.044522437723423,4.47213595499958,10.0,0.0,20,0.0,985
decoder5_32,32,5,18.5,37,2,1,0,0,0,0,0,0,1,0,0,0,1,2,15,0,1,0,0,0,1,0,0,2,1,2,1,0,1,10,2,1.4,0,1,0.06666666666666667,0,0.0,1,3.6375861597263857,6.082762530298219,0.0,0.0,0,0.0,163
decoder7seg,7,4,5.5,11,2,0,0,0,0,0,0,0,0,0,0,0,0,0,29,1,0,0,2,0,0,0,1,1,1,2,2,0,1,25,12,1.52,1,0,0.0,1,0.0,2,2.4849066497880004,3.3166247903554,5.5,0.0,11,0.0,408
decoder7_seg_4,14,4,6.166666666666667,37,6,0,0,0,0,0,0,0,3,0,0,0,0,0,20,0,0,0,0,0,0,4,0,1,1,2,0,0,1,20,5,1.9,0,3,0.15,0,0.0,0,3.6375861597263857,6.082762530298219,0.0,0.0,0,0.0,412
decoder_4to16,16,3,7.3,73,10,0,2,3,0,1,0,0,1,0,0,0,0,2,75,1,0,1,2,1,0,1,2,3,2,6,3,0,1,50,16,2.18,2,2,0.02666666666666667,2,0.0,2,4.30406509320417,8.54400374531753,14.6,0.0,146,0.0,1300
decoder_4x16,16,4,9.0,36,4,0,1,2,0,0,0,0,1,0,0,0,0,0,16,0,0,0,0,0,0,0,0,10,4,2,0,0,1,17,9,1.9411764705882353,0,1,0.0625,0,0.0,0,3.6109179126442243,6.0,0.0,0.0,0,0.0,322
decoder_4_to_16,16,4,10.0,20,2,0,1,0,0,0,0,1,0,0,0,0,0,16,24,1,0,0,2,0,0,1,1,1,1,2,2,0,1,46,17,1.3695652173913044,1,1,0.041666666666666664,1,0.0,2,3.044522437723423,4.47213595499958,10.0,0.0,20,0.0,971
decoder_5x32,32,3,8.1,81,10,1,0,4,0,0,0,0,1,8,0,0,0,0,15,0,0,0,0,0,0,0,0,2,1,2,0,0,1,14,13,2.5,1,1,0.06666666666666667,0,0.5333333333333333,0,4.406719247264253,9.0,0.0,0.0,0,64.8,364
decoder_7seg,7,4,5.5,11,2,0,0,0,0,0,0,0,0,0,0,0,0,16,22,0,1,0,0,0,16,1,0,1,1,2,16,0,1,42,17,1.4047619047619047,1,0,0.0,0,0.0,16,2.4849066497880004,3.3166247903554,0.0,0.0,0,0.0,629
decoder_bcd,8,4,6.666666666666667,20,3,0,0,2,0,0,0,0,1,0,0,0,0,0,32,1,1,1,2,0,0,0,1,2,1,2,3,0,1,43,15,1.5348837209302326,1,1,0.03125,1,0.0,2,3.044522437723423,4.47213595499958,6.666666666666667,0.0,20,0.0,773
decoder_control,32,2,9.0,144,16,1,0,0,0,0,0,1,0,0,0,0,0,51,94,1,0,1,2,0,3,0,22,2,12,2,6,0,1,31,12,4.064516129032258,3,1,0.010638297872340425,22,0.0,5,4.976733742420574,12.0,198.0,0.0,3168,0.0,1754
decoder_debugger,32,3,9.866666666666667,148,15,1,0,10,0,2,0,0,1,1,0,0,0,17,66,1,1,2,2,0,0,0,13,3,1,2,4,0,1,39,9,2.4358974358974357,0,3,0.045454545454545456,13,0.015151515151515152,2,5.003946305945459,12.165525060596439,128.26666666666668,0.19696969696969696,1924,9.866666666666667,1199
decoder_hamming,16,4,11.75,47,4,0,2,0,0,28,2,1,0,0,0,14,0,4,109,1,0,4,0,0,0,2,6,2,3,2,4,0,1,22,84,9.545454545454545,3,31,0.28440366972477066,34,0.12844036697247707,0,3.871201010907891,6.855654600401044,70.5,4.366972477064221,1598,164.5,3046
decoder_top,64,11,55.583333333333336,667,12,0,1,0,0,2,0,12,1,6,2,0,0,19,288,7,68,194,0,0,0,11,10,10,6,2,194,0,1,69,68,6.507246376811594,7,15,0.052083333333333336,10,0.027777777777777776,0,6.504288173536645,25.826343140289914,555.8333333333334,0.2777777777777778,6670,333.5,7692
decode_pipe,32,2,17.391304347826086,400,23,11,0,0,0,0,0,0,0,0,0,0,0,15,77,1,15,0,0,0,0,31,21,16,15,2,0,0,1,58,31,3.413793103448276,4,0,0.0,21,0.0,0,5.993961427306569,20.0,365.2173913043478,0.0,8400,0.0,2039
decode_register,32,2,12.333333333333334,74,6,2,0,0,0,0,0,0,1,0,0,0,0,24,72,1,0,1,0,0,0,0,5,6,4,2,1,0,1,40,12,2.6,1,1,0.013888888888888888,5,0.0,0,4.31748811353631,8.602325267042627,61.66666666666667,0.0,370,0.0,1314
decode_stage,16,2,6.5,91,14,0,3,0,0,0,0,0,0,0,0,0,0,0,26,0,3,6,0,0,0,8,19,0,0,2,6,0,1,42,8,2.142857142857143,0,0,0.0,19,0.0,0,4.5217885770490405,9.539392014169456,123.5,0.0,1729,0.0,1069
decodificador,8,4,6.0,12,2,0,0,1,0,0,0,0,1,0,0,0,0,16,48,0,1,1,0,0,16,0,0,1,1,2,17,0,1,42,17,1.4047619047619047,1,1,0.020833333333333332,0,0.0,16,2.5649493574615367,3.4641016151377544,0.0,0.0,0,0.0,750
decodificador1,7,4,5.5,11,2,0,0,0,0,0,0,0,1,0,0,0,0,16,47,0,1,1,0,0,16,0,0,1,1,2,17,0,1,39,17,1.5128205128205128,1,1,0.02127659574468085,0,0.0,16,2.4849066497880004,3.3166247903554,0.0,0.0,0,0.0,767
decodificador7seg,10,2,6.4,32,5,0,0,2,0,0,0,1,1,23,9,0,0,56,115,1,0,25,2,0,0,0,2,4,2,2,27,0,1,58,26,3.9310344827586206,6,2,0.017391304347826087,2,0.2782608695652174,2,3.4965075614664802,5.656854249492381,12.8,0.5565217391304348,64,147.20000000000002,2716
decodingstage,16,3,11.125,89,8,0,5,0,0,0,0,0,0,0,0,0,0,0,23,0,2,0,0,0,0,4,0,12,2,2,0,0,1,21,7,2.5714285714285716,0,0,0.0,0,0.0,0,4.499809670330265,9.433981132056603,0.0,0.0,0,0.0,583
decompressor,32,2,3.8051948051948052,293,77,1,1,0,0,0,0,1,1,6,0,0,0,44,180,1,0,15,6,0,11,4,1,1,1,2,32,0,1,56,128,7.535714285714286,9,2,0.011111111111111112,1,0.03333333333333333,17,5.683579767338681,17.11724276862369,3.8051948051948052,0.03333333333333333,293,22.83116883116883,5217
deco_7seg_corriente,4,4,4.0,12,3,0,0,0,0,0,0,0,1,0,0,0,0,0,112,1,1,0,2,0,0,0,1,1,1,2,2,0,1,45,25,3.6444444444444444,8,1,0.008928571428571428,1,0.0,2,2.5649493574615367,3.4641016151377544,4.0,0.0,12,0.0,1246
deco_7seg_frecuencia,4,3,3.6666666666666665,11,3,0,0,0,0,0,0,0,1,0,0,0,0,0,89,1,1,0,2,0,0,0,1,1,1,2,2,0,1,38,11,3.4473684210526314,5,1,0.011235955056179775,1,0.0,2,2.4849066497880004,3.3166247903554,3.6666666666666665,0.0,11,0.0,994
deco_coriente,4,4,4.0,12,3,0,0,0,0,0,0,0,1,0,0,0,0,0,108,1,1,0,2,0,0,0,2,1,1,2,2,0,1,43,38,3.8372093023255816,7,1,0.009259259259259259,2,0.0,2,2.5649493574615367,3.4641016151377544,8.0,0.0,24,0.0,1223
deco_corriente,10,4,8.0,24,3,0,0,0,0,0,0,0,1,0,0,0,0,13,53,1,1,1,2,0,0,2,1,3,1,2,3,0,1,46,15,1.5434782608695652,1,1,0.018867924528301886,1,0.0,2,3.2188758248682006,4.898979485566356,8.0,0.0,24,0.0,812
decrement,32,32,32.0,96,3,3,0,0,0,0,0,0,0,0,0,0,0,0,9,0,0,0,0,0,0,1,0,1,2,2,0,0,1,18,5,1.7777777777777777,0,0,0.0,0,0.0,0,4.574710978503383,9.797958971132712,0.0,0.0,0,0.0,223
decrementor,20,4,9.333333333333334,28,3,0,0,0,0,0,0,0,1,0,0,0,0,0,58,0,0,0,0,0,0,1,0,2,1,2,0,0,1,14,47,7.214285714285714,2,1,0.017241379310344827,0,0.0,0,3.367295829986474,5.291502622129181,0.0,0.0,0,0.0,679
decrypter,78,6,50.0,450,9,0,0,0,0,0,0,1,0,0,0,0,0,4,30,2,0,4,0,0,0,4,2,2,20,2,4,0,1,31,11,2.7419354838709675,1,1,0.03333333333333333,2,0.0,0,6.111467339502679,21.213203435596427,100.0,0.0,900,0.0,1266
dec_4_to_16,16,4,10.0,20,2,0,1,0,0,0,0,0,1,48,0,0,0,0,29,0,16,0,0,0,0,0,0,1,1,2,0,0,1,9,65,11.555555555555555,3,1,0.034482758620689655,0,1.6551724137931034,0,3.044522437723423,4.47213595499958,0.0,0.0,0,480.0,1052
dec_67_64,67,64,65.0,260,4,0,0,0,0,0,0,0,1,0,0,3,0,0,41,0,3,0,0,0,0,0,0,3,2,2,0,0,1,14,6,2.0714285714285716,0,1,0.024390243902439025,6,0.07317073170731707,0,5.564520407322694,16.1245154965971,0.0,0.4390243902439024,1560,195.0,316
dec_mem,1,1,1.0,1,0,0,0,0,1,3,9,1,0,0,0,0,0,7,51,2,2,2,0,3,0,1,3,5,1,2,2,0,1,36,18,3.4166666666666665,1,13,0.2549019607843137,3,0.0,0,0.6931471805599453,1.0,3.0,0.0,3,0.0,1118
degree_computation,8,6,6.666666666666667,40,6,0,0,2,0,0,2,0,0,2,2,0,0,22,94,1,12,5,0,0,0,3,16,3,2,2,5,0,1,64,12,3.3125,2,2,0.02127659574468085,16,0.0425531914893617,0,3.713572066704308,6.324555320336759,106.66666666666667,0.6808510638297872,640,13.333333333333334,1969
delay,9,8,8.4,42,5,0,0,3,0,0,0,0,0,0,9,0,0,21,48,1,21,2,0,0,11,2,2,5,3,2,13,0,1,52,21,3.6923076923076925,1,0,0.0,2,0.1875,11,3.7612001156935624,6.48074069840786,16.8,0.375,84,0.0,1556
delaygen,18,18,18.0,18,1,0,0,0,0,1,0,0,1,2,0,0,0,6,47,2,0,2,0,0,0,0,2,2,1,2,2,0,1,19,6,2.0,0,2,0.0425531914893617,2,0.0425531914893617,0,2.9444389791664403,4.242640687119285,36.0,0.0851063829787234,36,36.0,424
delayline,1,1,1.0,1,0,0,0,0,1,0,3,0,1,0,2,0,0,4,60,1,0,1,0,0,2,0,2,3,1,2,3,0,1,22,7,1.9545454545454546,0,4,0.06666666666666667,2,0.03333333333333333,2,0.6931471805599453,1.0,2.0,0.06666666666666667,2,0.0,649
delayt,1,1,1.0,1,0,0,0,0,1,2,6,0,0,0,0,0,0,5,33,1,1,1,0,2,0,0,1,3,1,2,1,0,1,24,12,2.625,1,8,0.24242424242424243,1,0.0,0,0.6931471805599453,1.0,1.0,0.0,1,0.0,562
delay_3,12,12,12.0,24,2,0,0,0,0,1,0,0,0,0,0,0,0,5,23,1,0,2,0,0,0,0,1,2,1,2,2,0,1,18,6,1.7222222222222223,0,1,0.043478260869565216,1,0.0,0,3.2188758248682006,4.898979485566356,12.0,0.0,24,0.0,335
delay_counter,15,3,9.0,36,4,0,0,0,0,0,1,1,1,0,0,0,0,4,77,2,0,3,2,0,0,0,7,3,1,2,5,0,1,37,8,2.918918918918919,0,3,0.03896103896103896,7,0.0,2,3.6109179126442243,6.0,63.0,0.0,252,0.0,1208
delay_reset,23,23,23.0,23,1,0,0,0,0,1,0,0,0,1,0,0,0,6,44,1,0,2,0,0,0,0,3,2,1,2,2,0,1,19,5,2.263157894736842,0,1,0.022727272727272728,3,0.022727272727272728,0,3.1780538303479458,4.795831523312719,69.0,0.06818181818181818,69,23.0,512
delta_rom,32,10,24.666666666666668,74,3,2,0,0,0,0,0,0,0,0,0,0,0,0,526,1,0,0,2,0,0,0,1,2,1,2,2,0,1,787,517,1.9872935196950445,1,0,0.0,1,0.0,2,4.31748811353631,8.602325267042627,24.666666666666668,0.0,74,0.0,35702
delvb,4,2,3.0,6,2,0,0,0,0,0,0,0,0,0,0,0,0,19,51,2,1,5,0,0,1,0,3,2,1,2,6,0,1,25,13,3.52,1,0,0.0,3,0.0,1,1.9459101490553132,2.449489742783178,9.0,0.0,18,0.0,909
demo,29,2,12.055555555555555,217,18,0,0,0,0,3,0,2,0,12,4,0,0,20,125,5,11,11,4,0,12,4,22,4,1,2,27,0,1,60,14,3.95,2,5,0.04,22,0.128,16,5.384495062789089,14.730919862656235,265.22222222222223,2.816,4774,144.66666666666666,2174
demo_arbiter,1,1,1.0,1,0,0,0,0,1,0,4,0,2,0,0,0,0,0,69,0,0,4,0,0,0,1,0,6,3,2,4,0,1,36,8,2.6666666666666665,0,6,0.08695652173913043,0,0.0,0,0.6931471805599453,1.0,0.0,0.0,0,0.0,1001
demo_control_module,24,4,6.46875,207,32,0,0,0,0,22,0,0,0,0,0,0,0,45,98,2,1,11,2,0,0,0,4,2,1,3,13,0,1,30,32,6.433333333333334,5,22,0.22448979591836735,4,0.0,2,5.337538079701318,14.38749456993816,25.875,0.0,828,0.0,1887
demo_de0_sys_data_format_adapter,32,1,8.428571428571429,59,7,1,0,3,3,3,7,2,1,12,14,0,0,57,333,6,5,27,2,1,0,12,78,5,3,2,29,0,1,92,57,5.413043478260869,6,13,0.03903903903903904,78,0.07807807807807808,2,4.0943445622221,7.681145747868608,657.4285714285714,6.09009009009009,4602,101.14285714285714,8479
demo_de0_sys_pio_0,1,1,1.0,1,0,0,0,0,1,0,1,0,1,1,0,0,0,4,59,1,3,2,0,0,0,3,1,4,1,2,2,0,1,26,5,2.0384615384615383,0,2,0.03389830508474576,1,0.01694915254237288,0,0.6931471805599453,1.0,1.0,0.01694915254237288,1,1.0,911
demo_de0_sys_sdram_0,12,3,8.285714285714286,58,7,0,0,2,0,6,5,0,2,23,5,0,1,205,708,12,30,44,10,0,24,41,35,16,16,7,78,0,1,152,63,7.394736842105263,24,13,0.018361581920903956,35,0.03954802259887006,34,4.07753744390572,7.615773105863909,290.0,1.384180790960452,2030,190.57142857142858,19826
demo_de0_sys_sdram_0_test_component,4194304,3,322645.76923076925,4194395,13,0,0,11,0,0,1,0,2,1,0,0,0,31,274,3,25,4,0,0,21,24,11,15,1,6,25,0,1,90,25,3.8333333333333335,4,3,0.010948905109489052,11,0.0036496350364963502,21,15.249259906587517,2048.022216676372,3549103.461538462,0.040145985401459854,46138345,322645.76923076925,5847
demo_de0_sys_spi_0,8,7,7.5,15,2,0,0,1,0,2,0,0,1,36,13,2,0,102,415,13,27,45,0,4,5,27,121,8,8,2,50,0,1,86,33,7.290697674418604,16,3,0.007228915662650603,125,0.12289156626506025,5,2.772588722239781,3.872983346207417,907.5,15.361445783132531,1875,285.0,9812
demo_de0_sys_timer_0,1,1,1.0,1,0,0,0,0,1,0,3,0,1,21,7,0,0,31,158,7,13,19,0,5,0,13,12,6,2,2,19,0,1,45,19,5.555555555555555,4,4,0.02531645569620253,12,0.17721518987341772,0,0.6931471805599453,1.0,12.0,2.1265822784810124,12,21.0,3970
demo_filters,1,1,1.0,1,0,0,0,0,1,0,1,0,1,0,0,0,0,0,70,0,0,0,0,0,0,1,0,3,3,2,0,0,1,33,9,2.696969696969697,0,2,0.02857142857142857,0,0.0,0,0.6931471805599453,1.0,0.0,0.0,0,0.0,974
demux,1,1,1.0,1,0,0,0,0,1,0,2,0,1,0,0,0,1,2,33,0,1,0,0,0,0,0,0,2,1,2,0,0,1,13,3,1.7692307692307692,0,3,0.09090909090909091,0,0.0,0,0.6931471805599453,1.0,0.0,0.0,0,0.0,194
denise_bitplane_shifter,64,2,27.3125,437,16,0,0,1,0,0,9,3,0,8,0,1,0,4,132,6,2,19,2,0,0,12,7,10,1,2,21,0,1,45,15,3.8444444444444446,3,12,0.09090909090909091,9,0.06818181818181818,2,6.082218910376446,20.904544960366874,191.1875,0.6136363636363635,3933,245.8125,1912
denise_collision,16,2,9.620689655172415,279,29,0,4,15,0,0,0,0,0,29,9,1,0,12,122,4,23,9,0,0,1,6,10,9,1,2,10,0,1,45,25,5.0,3,0,0.0,12,0.319672131147541,1,5.634789603169249,16.703293088490067,96.20689655172414,3.836065573770492,3348,288.62068965517244,2557
denise_playfields,8,2,6.9,138,20,0,0,15,0,2,0,3,0,4,12,0,0,2,106,3,2,13,2,0,0,2,3,5,2,2,15,0,1,43,34,4.1395348837209305,6,5,0.04716981132075472,3,0.1509433962264151,2,4.9344739331306915,11.74734012447073,20.700000000000003,0.4528301886792453,414,27.6,2108
denise_spritepriority,8,2,3.2857142857142856,46,14,0,0,1,0,0,0,2,0,4,0,0,0,7,57,2,6,7,0,0,6,3,2,3,1,2,13,0,1,29,9,3.5172413793103448,0,2,0.03508771929824561,2,0.07017543859649122,6,3.8501476017100584,6.782329983125268,6.571428571428571,0.14035087719298245,92,13.142857142857142,1059
denise_sprites,48,2,4.423076923076923,345,78,0,1,18,0,0,1,2,0,43,8,1,0,24,317,3,17,43,2,0,17,25,22,14,2,2,62,0,1,93,25,6.129032258064516,19,3,0.00946372239747634,24,0.1640378548895899,19,5.846438775057725,18.57417562100671,97.30769230769232,3.936908517350158,8280,194.61538461538464,6055
denise_sprites_shifter,64,2,37.42857142857143,1048,28,0,3,4,0,0,2,1,0,18,2,0,0,21,130,9,1,29,2,0,1,0,10,10,2,2,32,0,1,50,16,4.1,1,3,0.023076923076923078,10,0.15384615384615385,3,6.955592608396297,32.37282811247729,374.28571428571433,1.5384615384615385,10480,673.7142857142858,2126
dense_array_array_ap_fixed_16_6_5_3_0_16u_config5_s,16,1,15.505208333333334,2977,192,0,184,0,1,1,0,62,1,147,5,2,0,399,1469,85,32,97,2,0,1,33,359,37,45,2,100,0,1,494,254,6.202429149797571,31,64,0.043567052416609936,363,0.10483321987746766,3,7.999007213243955,54.56189146281496,5566.369791666667,38.05445881552076,1080651,2310.276041666667,56560
dense_wrapper_ap_fixed_ap_fixed_16_6_5_3_0_config5_s,16375,1,19.010591756850104,165126,8686,0,7516,0,72,1024,0,287,1,443,19,2,0,3059,33198,581,4111,1134,2,0,64,5072,7569,131,19,2,1200,0,1,7675,5072,7.474788273615635,106,1312,0.039520453039339716,7573,0.01397674558708356,66,12.014470153787613,406.3569859126332,143891.16900759845,105.8458943309838,1250499198,8459.713331798297,1169094
dependency_check_block,32,2,10.23076923076923,133,13,1,2,0,0,0,0,0,1,35,4,0,0,47,105,1,20,1,0,0,12,1,35,2,5,2,13,0,1,62,37,3.9838709677419355,2,1,0.009523809523809525,35,0.37142857142857144,12,4.897839799950911,11.532562594670797,358.07692307692304,13.0,4655,358.07692307692304,2130
dependent_variable_decoding,16,4,7.0,105,15,0,1,1,0,2,0,0,0,0,2,0,0,16,56,2,0,3,2,0,0,0,2,4,24,2,5,0,1,23,12,3.652173913043478,1,2,0.03571428571428571,2,0.03571428571428571,2,4.663439094112067,10.246950765959598,14.0,0.07142857142857142,210,0.0,1855
des,64,12,55.55555555555556,500,9,0,0,0,0,0,0,0,0,0,16,0,0,0,150,0,2,2,0,0,0,5,0,4,1,2,2,0,1,92,71,7.184782608695652,16,0,0.0,0,0.10666666666666667,0,6.2166061010848646,22.360679774997898,0.0,0.0,0,0.0,5145
descrambler,58,58,58.0,58,1,0,0,0,0,6,7,0,1,0,0,2,0,5,60,1,2,2,0,1,0,2,2,2,1,2,2,0,1,34,9,2.323529411764706,0,14,0.23333333333333334,6,0.03333333333333333,0,4.07753744390572,7.615773105863909,116.0,0.2,348,116.0,669
design_1_top_led_0_0,8,8,8.0,16,2,0,0,2,0,0,0,8,1,0,0,0,0,0,81,0,0,1,0,0,0,5,0,3,2,2,1,0,1,18,5,2.2222222222222223,0,9,0.1111111111111111,0,0.0,0,2.833213344056216,4.0,0.0,0.0,0,0.0,563
detection_counter_keeper,32,4,14.666666666666666,44,3,1,0,1,0,2,0,0,6,0,0,0,0,3,41,2,0,1,0,0,1,1,2,1,1,2,2,0,1,47,12,2.574468085106383,1,8,0.1951219512195122,2,0.0,1,3.8066624897703196,6.6332495807108,29.333333333333332,0.0,88,0.0,1193
de_mux,37,2,25.333333333333332,76,3,0,0,0,0,0,0,1,0,0,0,0,0,0,58,1,0,0,2,0,0,0,1,2,1,2,2,0,1,24,8,3.4166666666666665,0,1,0.017241379310344827,1,0.0,2,4.343805421853684,8.717797887081348,25.333333333333332,0.0,76,0.0,1091
dff,1,1,1.0,1,0,0,0,0,1,0,3,0,0,0,0,0,0,2,27,1,1,2,0,0,0,0,1,4,1,2,2,0,1,22,4,1.9545454545454546,0,3,0.1111111111111111,1,0.0,0,0.6931471805599453,1.0,1.0,0.0,1,0.0,462
dff10bit,10,10,10.0,20,2,0,0,0,0,0,0,0,1,0,0,0,0,3,23,1,0,1,0,0,0,0,1,3,1,2,1,0,1,17,4,1.8823529411764706,0,1,0.043478260869565216,1,0.0,0,3.044522437723423,4.47213595499958,10.0,0.0,20,0.0,246
dff11bit,11,11,11.0,22,2,0,0,0,0,0,0,0,1,0,0,0,0,3,23,1,0,1,0,0,0,0,1,3,1,2,1,0,1,17,4,1.8823529411764706,0,1,0.043478260869565216,1,0.0,0,3.1354942159291497,4.69041575982343,11.0,0.0,22,0.0,248
dff12bit,12,12,12.0,24,2,0,0,0,0,0,0,0,1,0,0,0,0,3,23,1,0,1,0,0,0,0,1,3,1,2,1,0,1,17,4,1.8823529411764706,0,1,0.043478260869565216,1,0.0,0,3.2188758248682006,4.898979485566356,12.0,0.0,24,0.0,248
dff5bit,5,5,5.0,10,2,0,0,0,0,0,0,0,1,0,0,0,0,3,22,1,0,1,0,0,0,0,1,3,1,2,1,0,1,17,4,1.8823529411764706,0,1,0.045454545454545456,1,0.0,0,2.3978952727983707,3.1622776601683795,5.0,0.0,10,0.0,244
dff8,8,8,8.0,16,2,0,0,2,0,0,0,0,0,0,0,0,0,2,13,1,0,1,0,0,0,0,1,2,1,2,1,0,1,17,4,1.6470588235294117,0,0,0.0,1,0.0,0,2.833213344056216,4.0,8.0,0.0,16,0.0,162
dflipflop,1,1,1.0,1,0,0,0,0,1,0,0,0,1,0,0,0,0,2,12,1,0,1,0,0,0,0,1,3,1,2,1,0,1,19,3,1.4736842105263157,0,1,0.08333333333333333,1,0.0,0,0.6931471805599453,1.0,1.0,0.0,1,0.0,176
dflipflop12,32,32,32.0,64,2,2,0,0,0,0,0,0,1,0,0,0,0,2,33,1,0,0,0,0,0,0,1,2,1,2,0,0,1,16,3,1.6875,0,1,0.030303030303030304,1,0.0,0,4.174387269895637,8.0,32.0,0.0,64,0.0,208
dflipflop23,32,2,22.0,132,6,4,0,0,0,0,0,0,1,0,0,0,0,16,65,1,0,0,0,0,0,0,16,5,4,2,0,0,1,44,5,2.727272727272727,0,1,0.015384615384615385,16,0.0,0,4.890349128221754,11.489125293076057,352.0,0.0,2112,0.0,1303
dflipflop34,32,5,18.5,74,4,2,0,0,0,0,0,0,1,0,0,0,0,10,54,1,0,0,0,0,0,0,15,3,3,2,0,0,1,32,3,2.5,0,1,0.018518518518518517,15,0.0,0,4.31748811353631,8.602325267042627,277.5,0.0,1110,0.0,936
dflipflop41,32,5,18.5,74,4,2,0,0,0,0,0,0,1,0,0,0,0,5,42,1,0,0,0,0,0,0,15,3,3,2,0,0,1,22,3,2.272727272727273,0,1,0.023809523809523808,15,0.0,0,4.31748811353631,8.602325267042627,277.5,0.0,1110,0.0,674
df_module,7,5,6.0,24,4,0,0,0,0,0,0,0,0,0,0,0,0,4,73,1,1,2,0,0,1,0,1,3,1,2,3,0,1,23,6,2.260869565217391,0,0,0.0,1,0.0,1,3.2188758248682006,4.898979485566356,6.0,0.0,24,0.0,492
df_pipeline,32,2,6.289940828402367,1063,169,3,0,41,0,51,3,0,0,114,140,0,7,564,861,21,88,77,52,0,73,54,57,20,11,10,202,0,1,350,101,8.088571428571429,55,54,0.0627177700348432,57,0.29500580720092917,125,6.96979066990159,32.60368077380221,358.5266272189349,16.81533101045296,60591,717.0532544378698,32178
df_reg_ctrl,32,2,9.63265306122449,1888,196,14,0,178,0,0,0,0,0,6,172,0,0,330,335,7,15,22,30,0,0,15,8,7,7,2,52,0,1,125,103,9.48,39,0,0.0,8,0.5313432835820896,30,7.543802867501509,43.45112196480086,77.06122448979592,4.250746268656717,15104,57.79591836734694,13447
difference,18,16,17.0,442,26,0,4,0,0,0,6,76,0,0,0,0,0,6,149,12,8,0,20,0,0,8,12,8,6,2,20,0,1,32,40,9.15625,7,82,0.5503355704697986,12,0.0,20,6.093569770045136,21.02379604162864,204.0,0.0,5304,0.0,3480
digitalticketcounter,8,3,3.8823529411764706,66,17,0,0,1,0,10,6,3,0,20,0,0,0,60,153,1,0,13,8,0,0,0,13,11,13,2,21,0,1,69,18,4.434782608695652,7,19,0.12418300653594772,13,0.13071895424836602,8,4.204692619390966,8.12403840463596,50.470588235294116,1.6993464052287583,858,77.6470588235294,2848
digital_timer_top,8,4,6.666666666666667,20,3,0,0,2,0,0,0,0,0,0,0,0,0,0,14,0,0,0,0,0,0,3,0,2,1,2,0,0,1,24,3,1.875,0,0,0.0,0,0.0,0,3.044522437723423,4.47213595499958,0.0,0.0,0,0.0,407
digital_tube,7,4,5.0,30,6,0,0,0,0,0,0,0,0,0,0,0,0,0,82,0,2,0,0,0,0,10,0,3,2,2,0,0,1,42,10,2.1666666666666665,0,0,0.0,0,0.0,0,3.4339872044851463,5.477225575051661,0.0,0.0,0,0.0,904
digitoutput,7,4,4.666666666666667,28,6,0,0,0,0,0,0,0,0,0,0,0,0,0,22,0,5,0,0,0,0,1,0,2,3,2,0,0,1,18,5,2.2222222222222223,0,0,0.0,0,0.0,0,3.367295829986474,5.291502622129181,0.0,0.0,0,0.0,441
digittoseg,8,3,4.37037037037037,118,27,0,0,2,0,0,0,0,1,0,0,0,0,0,64,0,0,0,0,0,0,3,0,9,3,2,0,0,1,49,9,1.9591836734693877,0,1,0.015625,0,0.0,0,4.77912349311153,10.862780491200215,0.0,0.0,0,0.0,1485
digit_decoder,7,4,5.5,11,2,0,0,0,0,0,0,0,1,0,0,0,0,11,27,1,0,0,2,0,0,0,1,1,1,2,2,0,1,36,12,1.3611111111111112,1,1,0.037037037037037035,1,0.0,2,2.4849066497880004,3.3166247903554,5.5,0.0,11,0.0,508
digit_display,8,4,6.0,12,2,0,0,1,0,0,0,1,0,0,0,0,0,0,51,1,0,0,2,0,0,0,1,1,1,2,2,0,1,45,13,2.0444444444444443,3,1,0.0196078431372549,1,0.0,2,2.5649493574615367,3.4641016151377544,6.0,0.0,12,0.0,860
digit_divider_sec_msec,6,4,5.0,10,2,0,0,0,0,0,0,0,2,0,0,0,0,0,15,0,2,0,0,0,0,0,0,1,1,2,0,0,1,10,3,1.5,0,2,0.13333333333333333,0,0.0,0,2.3978952727983707,3.1622776601683795,0.0,0.0,0,0.0,242
dig_controller,32,4,9.266666666666667,139,15,2,1,2,0,1,0,2,1,0,0,0,0,13,105,5,0,5,4,0,0,5,5,4,2,2,9,0,1,73,18,2.547945205479452,3,4,0.0380952380952381,5,0.0,4,4.941642422609304,11.789826122551595,46.333333333333336,0.0,695,0.0,1912
dig_cor,24,2,9.058823529411764,154,17,0,0,0,0,0,0,0,0,0,0,0,0,0,101,0,0,0,0,0,0,16,0,7,8,2,0,0,1,42,16,4.380952380952381,1,0,0.0,0,0.0,0,5.043425116919247,12.409673645990857,0.0,0.0,0,0.0,2400
dispatcher,256,4,95.27272727272727,2096,22,7,3,3,0,1,7,1,2,8,8,0,1,36,382,1,28,12,0,1,10,59,1,23,14,2,22,0,1,141,59,4.382978723404255,4,11,0.028795811518324606,1,0.041884816753926704,10,7.64826303090192,45.78209256903839,95.27272727272727,0.041884816753926704,2096,762.1818181818181,11311
display,32,32,32.0,96,3,3,0,0,0,0,0,0,0,2,0,0,0,2,19,1,1,2,0,0,0,0,5,2,1,2,2,0,1,20,4,2.2,0,0,0.0,5,0.10526315789473684,0,4.574710978503383,9.797958971132712,160.0,0.5263157894736842,480,64.0,390
display7segmentos,7,4,5.5,11,2,0,0,0,0,0,0,1,0,0,0,0,0,0,26,1,0,0,2,0,0,0,1,1,1,2,2,0,1,42,18,1.4761904761904763,1,1,0.038461538461538464,1,0.0,2,2.4849066497880004,3.3166247903554,5.5,0.0,11,0.0,775
displaycontroller,18,4,8.8,44,5,0,0,1,0,2,0,1,1,0,0,0,0,2,78,2,0,2,2,0,0,0,4,2,2,2,4,0,1,40,16,3.2,4,4,0.05128205128205128,4,0.0,2,3.8066624897703196,6.6332495807108,35.2,0.0,176,0.0,1736
displayik_7seg_16,32,3,12.438461538461539,1617,130,19,18,85,0,2,0,1,0,0,0,0,0,106,384,2,0,3,4,0,0,51,12,38,20,30,7,0,1,146,51,4.684931506849315,19,3,0.0078125,12,0.0,4,7.388946097618437,40.2119385257662,149.26153846153846,0.0,19404,0.0,7938
display_char,10,8,9.333333333333334,28,3,0,0,1,0,8,19,3,0,0,0,0,0,49,229,6,1,14,2,1,1,4,13,7,4,2,17,0,1,77,26,4.688311688311688,7,30,0.13100436681222707,13,0.0,3,3.367295829986474,5.291502622129181,121.33333333333334,0.0,364,0.0,3943
display_driver,2,2,2.0,2,1,0,0,0,0,1,0,0,1,0,0,0,0,0,35,1,0,0,0,0,0,0,1,1,1,2,0,0,1,13,3,1.2307692307692308,0,2,0.05714285714285714,1,0.0,0,1.0986122886681098,1.4142135623730951,2.0,0.0,2,0.0,246
display_led_state,4,3,3.6666666666666665,11,3,0,0,0,0,0,0,1,1,0,0,0,0,5,41,1,1,0,2,0,0,0,1,1,1,2,2,0,1,26,7,1.3076923076923077,0,2,0.04878048780487805,1,0.0,2,2.4849066497880004,3.3166247903554,3.6666666666666665,0.0,11,0.0,453
ditsmachine,4,3,3.5,7,2,0,0,0,0,0,0,0,0,36,0,0,0,54,143,2,0,18,2,0,0,0,2,2,1,2,20,0,1,43,40,5.906976744186046,6,0,0.0,2,0.2517482517482518,2,2.0794415416798357,2.6457513110645907,7.0,0.5034965034965035,14,126.0,2856
div,4,4,4.0,4,1,0,0,0,0,1,27,6,0,22,8,1,0,48,350,14,3,48,0,0,0,6,8,3,3,2,48,0,1,49,39,8.26530612244898,14,34,0.09714285714285714,10,0.08857142857142856,0,1.6094379124341003,2.0,32.0,0.8857142857142857,40,92.0,3770
div12,3,3,3.0,3,1,0,0,0,0,0,0,0,0,1,0,0,0,6,24,1,0,2,0,0,0,0,2,2,1,2,2,0,1,19,10,2.1578947368421053,0,0,0.0,2,0.041666666666666664,0,1.3862943611198906,1.7320508075688772,6.0,0.08333333333333333,6,3.0,349
div80,6,6,6.0,6,1,0,0,0,0,0,0,0,0,7,1,0,0,9,31,1,0,5,0,0,0,0,2,2,1,2,5,0,1,19,26,3.1578947368421053,1,0,0.0,2,0.25806451612903225,0,1.9459101490553132,2.449489742783178,12.0,0.5161290322580645,12,42.0,565
div80alt,3,3,3.0,6,2,0,0,0,0,0,0,0,0,7,3,2,0,16,39,1,0,2,0,0,0,0,5,2,3,2,2,0,1,22,19,3.272727272727273,2,0,0.0,9,0.3076923076923077,0,1.9459101490553132,2.449489742783178,15.0,2.769230769230769,54,27.0,729
div9alt,1,1,1.0,1,0,0,0,0,1,0,0,0,0,7,2,2,0,12,49,2,3,4,0,0,0,2,6,2,1,2,4,0,1,29,9,3.206896551724138,0,0,0.0,10,0.22448979591836735,0,0.6931471805599453,1.0,6.0,2.2448979591836733,10,9.0,671
diverging8bit,12,8,10.0,20,2,0,0,1,0,0,0,0,0,36,16,0,0,0,31,0,12,0,0,0,0,0,0,2,1,2,0,0,1,9,65,10.777777777777779,3,0,0.0,0,1.6774193548387097,0,3.044522437723423,4.47213595499958,0.0,0.0,0,360.0,772
divfrec,16,7,10.0,30,3,0,1,0,0,2,0,0,1,0,0,0,0,12,73,2,2,4,0,0,0,4,4,2,2,2,4,0,1,26,6,3.230769230769231,0,3,0.0410958904109589,4,0.0,0,3.4339872044851463,5.477225575051661,40.0,0.0,120,0.0,680
divide,32,4,28.333333333333332,340,12,10,1,0,0,3,2,0,0,0,0,0,6,51,94,1,0,6,2,0,0,0,9,5,3,2,8,0,1,36,12,4.472222222222222,1,5,0.05319148936170213,9,0.0,2,5.831882477283517,18.439088914585774,255.0,0.0,3060,0.0,2368
divider,32,4,18.0,36,2,1,0,0,0,1,1,1,2,0,0,0,0,1,22,1,0,1,0,0,0,0,2,2,1,2,1,0,1,20,6,2.0,0,5,0.22727272727272727,2,0.0,0,3.6109179126442243,6.0,36.0,0.0,72,0.0,487
divide_6,3,3,3.0,3,1,0,0,0,0,1,0,0,1,0,4,0,0,3,16,1,1,1,0,0,0,0,1,1,1,2,1,0,1,19,7,1.631578947368421,0,2,0.125,1,0.25,0,1.3862943611198906,1.7320508075688772,3.0,0.25,3,0.0,280
divide_8,3,3,3.0,3,1,0,0,0,0,1,0,0,1,0,6,0,0,4,16,1,1,1,0,0,0,0,1,1,1,2,1,0,1,19,8,1.736842105263158,0,2,0.125,1,0.375,0,1.3862943611198906,1.7320508075688772,3.0,0.375,3,0.0,294
divide_by_100k,1,1,1.0,1,0,0,0,0,1,1,2,0,0,1,0,0,0,5,19,1,3,2,0,0,0,2,1,1,1,2,2,0,1,30,8,2.066666666666667,0,3,0.15789473684210525,1,0.05263157894736842,0,0.6931471805599453,1.0,1.0,0.05263157894736842,1,1.0,471
divide_by_500,1,1,1.0,1,0,0,0,0,1,1,2,0,0,1,0,0,0,5,20,1,3,2,0,0,0,2,1,1,1,2,2,0,1,31,8,2.064516129032258,0,3,0.15,1,0.05,0,0.6931471805599453,1.0,1.0,0.05,1,1.0,496
division,1,1,1.0,1,0,0,0,0,1,4,23,4,1,8,6,0,3,7,103,1,3,8,0,0,4,0,14,6,7,2,12,0,1,37,26,4.108108108108108,1,32,0.3106796116504854,14,0.13592233009708737,4,0.6931471805599453,1.0,14.0,1.9029126213592233,14,8.0,4055
divisorfrecuencia,15,15,15.0,15,1,0,0,0,0,1,0,0,1,0,0,0,0,5,48,1,0,1,0,0,0,1,2,1,1,2,1,0,1,22,6,1.6363636363636365,0,2,0.041666666666666664,2,0.0,0,2.772588722239781,3.872983346207417,30.0,0.0,30,0.0,461
divisorfreq,13,13,13.0,13,1,0,0,0,0,1,1,0,0,0,0,0,0,7,22,1,0,1,0,0,0,0,3,1,1,2,1,0,1,18,7,2.2222222222222223,0,2,0.09090909090909091,3,0.0,0,2.6390573296152584,3.605551275463989,39.0,0.0,39,0.0,452
divisor_de_frecuencia,15,7,8.666666666666666,52,6,0,0,2,0,2,1,0,1,2,0,0,0,17,82,1,1,5,0,0,0,4,5,2,2,2,5,0,1,34,7,3.0,0,4,0.04878048780487805,5,0.024390243902439025,0,3.970291913552122,7.211102550927978,43.33333333333333,0.12195121951219512,260,17.333333333333332,887
divisor_f,14,7,9.0,36,4,0,0,1,0,2,1,0,1,0,0,0,0,2,77,1,0,3,2,0,0,0,5,3,2,2,5,0,1,44,12,2.25,1,4,0.05194805194805195,5,0.0,2,3.6109179126442243,6.0,45.0,0.0,180,0.0,1052
divlut,7,3,5.0,10,2,0,0,0,0,2,6,2,0,6,0,0,2,16,48,2,0,11,0,0,0,0,2,3,2,2,11,0,1,23,12,4.086956521739131,3,10,0.20833333333333334,2,0.125,0,2.3978952727983707,3.1622776601683795,10.0,0.25,20,30.0,1086
divsqrtrecfntoraw_small,33,2,12.333333333333334,370,30,0,0,0,0,0,0,0,0,4,0,0,0,6,128,0,29,0,0,0,0,41,0,7,12,2,0,0,1,85,41,3.5294117647058822,3,0,0.0,0,0.03125,0,5.916202062607435,19.235384061671343,0.0,0.0,0,49.333333333333336,6120
divsqrtrecfn_small,33,3,18.375,294,16,0,0,0,0,0,0,0,0,0,0,0,0,0,101,0,21,0,0,0,0,30,0,7,5,2,0,0,1,70,30,3.057142857142857,2,0,0.0,0,0.0,0,5.68697535633982,17.146428199482248,0.0,0.0,0,0.0,4614
div_16d8,23,5,14.454545454545455,159,11,0,2,3,0,1,2,0,1,6,0,0,0,45,144,7,2,37,0,0,2,7,7,5,4,2,39,0,1,36,38,9.166666666666666,9,4,0.027777777777777776,7,0.041666666666666664,2,5.075173815233827,12.609520212918492,101.18181818181819,0.29166666666666663,1113,86.72727272727273,3662
div_18,2,2,2.0,2,1,0,0,0,0,8,24,4,1,2,0,1,1,24,169,2,4,8,0,0,0,0,61,4,3,2,8,0,1,38,22,5.2105263157894735,1,37,0.21893491124260356,63,0.01775147928994083,0,1.0986122886681098,1.4142135623730951,122.0,1.1183431952662721,126,6.0,2622
div_4_14,2,2,2.0,2,1,0,0,0,0,8,24,4,1,2,0,1,1,24,170,2,4,8,0,0,0,0,61,4,3,2,8,0,1,38,22,5.2105263157894735,1,37,0.21764705882352942,63,0.01764705882352941,0,1.0986122886681098,1.4142135623730951,122.0,1.111764705882353,126,6.0,2625
div_5_15,2,2,2.0,2,1,0,0,0,0,8,24,4,1,2,0,1,1,24,169,2,4,8,0,0,0,0,61,4,3,2,8,0,1,38,22,5.2105263157894735,1,37,0.21893491124260356,63,0.01775147928994083,0,1.0986122886681098,1.4142135623730951,122.0,1.1183431952662721,126,6.0,2624
div_clk,6,6,6.0,6,1,0,0,0,0,1,0,0,0,0,0,0,0,4,25,1,0,1,0,0,0,0,2,1,1,2,1,0,1,20,6,1.9,0,1,0.04,2,0.0,0,1.9459101490553132,2.449489742783178,12.0,0.0,12,0.0,298
dlatch,1,1,1.0,1,0,0,0,0,1,0,0,2,1,0,0,0,0,0,14,1,0,1,0,0,0,0,1,1,1,2,1,0,1,20,4,1.55,0,3,0.21428571428571427,1,0.0,0,0.6931471805599453,1.0,1.0,0.0,1,0.0,268
dm,1024,2,46.92857142857143,1314,28,2,0,8,0,9,0,1,0,0,0,0,0,10,75,2,0,2,4,0,0,0,2,3,1,2,6,0,1,26,19,3.576923076923077,2,10,0.13333333333333333,2,0.0,4,7.181591944611865,36.24913792078372,93.85714285714286,0.0,2628,0.0,1361
dma,16,3,8.375,67,8,0,1,6,0,1,1,0,1,4,2,0,0,42,146,2,4,9,2,0,0,9,8,5,8,2,11,0,1,56,22,4.5,4,3,0.02054794520547945,8,0.0410958904109589,2,4.219507705176107,8.18535277187245,67.0,0.3287671232876712,536,33.5,3924
dmac,16,2,4.2507374631268435,1441,339,0,17,73,0,16,36,0,1,160,80,0,0,929,1785,7,22,278,48,1,49,21,321,23,10,6,375,0,1,164,369,22.53048780487805,55,53,0.02969187675070028,321,0.13445378151260504,97,7.273786317844895,37.960505792204614,1364.4867256637167,43.159663865546214,462561,680.1179941002949,85428
dma_axi_lite,32,2,17.323943661971832,1230,71,31,0,24,0,0,0,201,0,0,0,0,2,19,694,38,14,0,158,0,0,6,38,20,11,2,158,0,1,81,185,16.22222222222222,32,201,0.2896253602305475,38,0.0,158,7.115582126184454,35.07135583350036,658.3098591549297,0.0,46740,0.0,20264
dma_engine,65,2,29.85,1791,60,39,0,0,0,19,15,3,1,98,45,0,2,54,996,4,95,42,6,0,4,131,32,20,21,2,52,0,1,353,131,5.3456090651558075,39,38,0.03815261044176707,32,0.14357429718875503,10,7.491087593534876,42.320207938997655,955.2,4.594377510040161,57312,2925.3,31242
dmem,32,32,32.0,160,5,5,0,0,0,1,0,0,0,0,0,0,0,3,22,1,1,2,0,1,1,0,1,6,1,2,3,0,1,24,6,2.2916666666666665,0,1,0.045454545454545456,1,0.0,1,5.081404364984463,12.649110640673518,32.0,0.0,160,0.0,472
dmem_extender,32,3,10.19047619047619,214,21,2,4,8,0,0,0,1,0,0,0,0,0,0,52,1,0,0,10,0,0,3,1,3,1,2,10,0,1,36,20,3.2777777777777777,2,1,0.019230769230769232,1,0.0,10,5.3706380281276624,14.628738838327793,10.19047619047619,0.0,214,0.0,1529
dmitotl,32,2,14.333333333333334,172,12,4,0,0,0,0,0,0,0,0,1,0,0,2,38,0,9,0,0,0,5,6,0,10,9,2,5,0,1,38,10,2.6578947368421053,0,0,0.0,0,0.02631578947368421,5,5.153291594497779,13.114877048604,0.0,0.0,0,0.0,1535
dnn_pcpi,32,7,28.742857142857144,1006,35,29,4,0,0,3,0,0,0,4,0,0,1,5,138,1,27,0,0,0,0,6,2,39,45,4,0,0,1,71,27,3.7183098591549295,3,3,0.021739130434782608,2,0.028985507246376812,0,6.914730892718563,31.71750305430741,57.48571428571429,0.057971014492753624,2012,114.97142857142858,3077
downcount,4,4,4.0,12,3,0,0,0,0,0,0,0,0,18,6,1,0,0,24,0,4,0,0,0,0,5,0,1,2,2,0,0,1,24,34,3.875,1,0,0.0,2,1.0416666666666667,0,2.5649493574615367,3.4641016151377544,0.0,2.0833333333333335,24,76.0,737
down_counter,1,1,1.0,1,0,0,0,0,1,0,2,0,1,0,0,0,0,5,48,1,0,2,0,0,0,0,1,3,1,2,2,0,1,22,6,2.090909090909091,0,3,0.0625,1,0.0,0,0.6931471805599453,1.0,1.0,0.0,1,0.0,598
dp,32,2,20.866666666666667,313,15,9,0,0,0,0,0,0,0,0,0,0,0,0,80,0,2,0,0,0,0,10,0,8,3,2,0,0,1,60,10,2.4833333333333334,0,0,0.0,0,0.0,0,5.749392985908253,17.69180601295413,0.0,0.0,0,0.0,1308
dpll,1,1,1.0,1,0,0,0,0,1,3,23,0,0,8,2,0,0,14,85,3,11,9,0,0,2,7,3,4,3,2,11,0,1,41,13,4.975609756097561,3,26,0.3058823529411765,3,0.11764705882352941,2,0.6931471805599453,1.0,3.0,0.3529411764705882,3,8.0,3047
dpram,1,1,1.0,1,0,0,0,0,1,0,7,2,0,0,0,0,0,2,27,1,1,1,0,0,0,0,5,5,1,2,1,0,1,23,5,2.0,0,9,0.3333333333333333,5,0.0,0,0.6931471805599453,1.0,5.0,0.0,5,0.0,590
dpu,1,1,1.0,1,0,0,0,0,1,1,16,1,0,0,0,0,0,9,45,1,0,3,0,0,0,0,3,5,3,2,3,0,1,23,17,3.652173913043478,1,18,0.4,3,0.0,0,0.6931471805599453,1.0,3.0,0.0,3,0.0,910
dpwm,32,3,13.666666666666666,123,9,3,0,1,0,1,0,0,0,2,0,0,1,6,102,3,2,6,2,0,0,4,5,5,12,6,8,0,1,40,35,4.8,2,1,0.00980392156862745,5,0.0196078431372549,2,4.820281565605037,11.090536506409418,68.33333333333333,0.09803921568627451,615,27.333333333333332,1488
dp_ram,1,1,1.0,1,0,0,0,0,1,0,6,0,0,0,0,0,1,4,44,2,0,1,0,0,0,0,2,6,1,2,1,0,1,23,6,2.3043478260869565,0,6,0.13636363636363635,2,0.0,0,0.6931471805599453,1.0,2.0,0.0,2,0.0,565
dp_ram_be,8,8,8.0,8,1,0,0,1,0,2,6,3,0,2,0,0,1,5,38,2,0,1,0,1,0,0,2,4,1,2,1,0,1,26,7,2.1153846153846154,0,11,0.2894736842105263,2,0.05263157894736842,0,2.1972245773362196,2.8284271247461903,16.0,0.10526315789473684,16,16.0,512
dp_ram_display,1,1,1.0,1,0,0,0,0,1,0,5,2,0,0,0,0,0,2,29,2,0,1,0,0,0,0,2,3,1,2,1,0,1,22,4,2.0,0,7,0.2413793103448276,2,0.0,0,0.6931471805599453,1.0,2.0,0.0,2,0.0,434
draw_background,12,2,4.6,92,20,0,0,0,0,0,2,2,1,54,32,0,0,36,181,2,0,2,4,0,29,7,12,11,6,2,35,0,1,69,22,5.202898550724638,10,5,0.027624309392265192,12,0.47513812154696133,33,4.532599493153256,9.591663046625438,55.199999999999996,5.7016574585635365,1104,248.39999999999998,6145
draw_boxes,12,4,7.2,36,5,0,0,0,0,4,14,1,10,24,8,0,0,20,77,1,0,4,0,0,0,0,3,3,3,2,4,0,1,26,12,4.653846153846154,1,29,0.37662337662337664,3,0.4155844155844156,0,3.6109179126442243,6.0,21.6,1.2467532467532467,108,172.8,2157
draw_character,12,4,5.090909090909091,112,22,0,0,0,0,70,0,2,5,128,951,0,0,216,275,0,19,0,0,1,240,45,0,4,3,2,240,0,1,75,120,18.533333333333335,48,77,0.28,0,3.923636363636364,240,4.727387818712341,10.583005244258363,0.0,0.0,0,651.6363636363636,26228
draw_waveform,1280,4,15.417391304347825,1773,115,0,0,0,0,66,96,0,17,164,87,0,0,290,391,2,19,51,2,7,22,17,105,8,3,2,75,0,1,166,114,6.704819277108434,13,179,0.4578005115089514,105,0.6419437340153452,24,7.480992162869525,42.1070065428546,1618.8260869565217,67.40409207161125,186165,2528.452173913043,15770
driver,32,2,19.6,392,20,10,3,0,0,0,0,0,1,0,0,0,0,84,309,3,1,9,4,0,0,0,19,14,45,2,13,0,1,55,33,5.945454545454545,6,1,0.003236245954692557,19,0.0,4,5.973809611869261,19.79898987322333,372.40000000000003,0.0,7448,0.0,5851
driver_sequencer,16,4,12.533333333333333,188,15,0,9,0,0,12,10,2,0,2,0,0,2,9,97,5,4,0,0,1,2,14,9,7,2,2,2,0,1,56,14,3.232142857142857,1,24,0.24742268041237114,9,0.020618556701030927,2,5.241747015059643,13.711309200802088,112.8,0.18556701030927836,1692,25.066666666666666,2949
dsm,160,2,32.87755102040816,1611,49,36,0,5,0,12,10,0,0,26,0,0,0,164,636,22,9,49,0,0,44,51,39,39,13,18,93,0,1,187,81,8.315508021390375,34,22,0.03459119496855346,39,0.040880503144654086,44,7.385230923066573,40.13726448077895,1282.2244897959183,1.5943396226415094,62829,854.8163265306123,14647
dsp,32,16,21.333333333333332,256,12,4,8,0,0,0,0,0,0,0,0,0,0,0,122,0,0,0,0,0,0,3,0,2,9,2,0,0,1,64,56,4.46875,4,0,0.0,0,0.0,0,5.54907608489522,16.0,0.0,0.0,0,0.0,3104
dsp_bot_configmem,1,1,1.0,1,0,0,0,0,1,0,17,0,0,0,0,0,0,0,2954,0,0,0,0,0,0,13,0,2,2,2,0,0,1,448,418,9.399553571428571,10,17,0.005754908598510494,0,0.0,0,0.6931471805599453,1.0,0.0,0.0,0,0.0,49467
dsp_bot_switch_matrix,4,2,2.5786163522012577,410,159,0,0,0,0,820,412,0,0,0,0,0,0,0,4211,0,410,0,0,0,0,410,0,1806,251,2,0,0,1,1101,571,8.295186194368755,97,1232,0.2925670862028022,0,0.0,0,6.018593214496234,20.248456731316587,0.0,0.0,0,0.0,113760
dsp_top_configmem,1,1,1.0,1,0,0,0,0,1,0,17,0,0,0,0,0,0,0,2883,0,0,0,0,0,0,13,0,2,2,2,0,0,1,438,408,9.385844748858448,10,17,0.005896635449184877,0,0.0,0,0.6931471805599453,1.0,0.0,0.0,0,0.0,48286
dsp_top_switch_matrix,4,2,2.569620253164557,406,158,0,0,0,0,812,382,0,0,0,0,0,0,0,4037,0,380,0,0,0,0,380,0,1732,222,2,0,0,1,1021,566,8.56513222331048,96,1194,0.29576418132276444,0,0.0,0,6.008813185442595,20.149441679609886,0.0,0.0,0,0.0,113847
dual_port_ram,1,1,1.0,1,0,0,0,0,1,0,5,2,0,0,0,0,0,2,35,1,0,3,0,0,0,0,2,3,1,2,3,0,1,25,4,1.72,0,7,0.2,2,0.0,0,0.6931471805599453,1.0,2.0,0.0,2,0.0,516
dual_port_rom,1,1,1.0,1,0,0,0,0,1,0,4,2,0,0,0,0,0,2,33,1,0,0,0,0,0,0,2,2,1,2,0,0,1,21,4,1.8095238095238095,0,6,0.18181818181818182,2,0.0,0,0.6931471805599453,1.0,2.0,0.0,2,0.0,368
dvsd_4bit_binary_counter,4,4,4.0,4,1,0,0,0,0,1,1,0,0,0,0,0,0,8,38,1,0,4,0,0,0,0,1,3,1,2,4,0,1,16,10,2.25,0,2,0.05263157894736842,1,0.0,0,1.6094379124341003,2.0,4.0,0.0,4,0.0,549
dw02_mult_2_stage,1,1,1.0,1,0,0,0,0,1,6,13,2,1,2,1,1,0,1,73,1,5,0,0,0,4,4,1,3,1,2,4,0,1,28,9,3.142857142857143,0,22,0.3013698630136986,3,0.0547945205479452,4,0.6931471805599453,1.0,1.0,0.1643835616438356,3,3.0,818
dw03_bictr_dcnto,1,1,1.0,1,0,0,0,0,1,1,5,0,0,3,0,0,0,11,34,1,2,5,0,0,1,0,1,7,2,2,6,0,1,28,11,2.9285714285714284,1,6,0.17647058823529413,1,0.08823529411764706,1,0.6931471805599453,1.0,1.0,0.08823529411764706,1,3.0,786
dynamic_delay,1,1,1.0,1,0,0,0,0,1,10,20,9,0,0,0,0,0,5,59,1,2,2,0,2,0,1,1,5,1,2,2,0,1,30,22,3.3333333333333335,2,39,0.6610169491525424,1,0.0,0,0.6931471805599453,1.0,1.0,0.0,1,0.0,1039
d_cache,1,1,1.0,1,0,0,0,0,1,1,6,13,0,12,2,0,0,18,85,2,8,4,2,1,0,16,8,7,2,2,6,0,1,67,16,3.373134328358209,3,20,0.23529411764705882,8,0.16470588235294117,2,0.6931471805599453,1.0,8.0,1.3176470588235294,8,12.0,2943
d_flip_flop,1,1,1.0,1,0,0,0,0,1,0,0,0,0,0,0,0,0,2,16,1,0,1,0,0,0,0,1,3,1,2,1,0,1,19,3,1.4210526315789473,0,0,0.0,1,0.0,0,0.6931471805599453,1.0,1.0,0.0,1,0.0,223
d_in_ctrl,32,2,15.090909090909092,166,11,3,2,4,0,0,0,1,0,1,0,0,0,0,24,1,1,0,2,0,0,1,1,3,1,2,2,0,1,23,6,1.7826086956521738,0,1,0.041666666666666664,1,0.041666666666666664,2,5.117993812416755,12.884098726725126,15.090909090909092,0.041666666666666664,166,15.090909090909092,423
d_mux,32,32,32.0,96,3,3,0,0,0,0,0,1,1,0,0,0,0,3,39,1,0,1,0,0,0,0,1,3,1,2,1,0,1,16,3,1.6875,0,2,0.05128205128205128,1,0.0,0,4.574710978503383,9.797958971132712,32.0,0.0,96,0.0,326
d_out_ctrl,32,2,15.090909090909092,166,11,3,2,4,0,0,0,1,0,1,0,0,0,0,27,1,1,0,2,0,0,0,1,3,1,2,2,0,1,22,7,1.8181818181818181,0,1,0.037037037037037035,1,0.037037037037037035,2,5.117993812416755,12.884098726725126,15.090909090909092,0.037037037037037035,166,15.090909090909092,420
d_reg,1,1,1.0,1,0,0,0,0,1,0,0,0,1,0,0,0,0,1,42,3,0,2,0,0,0,0,3,1,1,2,2,0,1,22,5,2.5,0,1,0.023809523809523808,3,0.0,0,0.6931471805599453,1.0,3.0,0.0,3,0.0,319
e203_exu_alu_bjp,1,1,1.0,1,0,0,0,0,1,0,9,0,0,0,1,0,0,0,114,0,19,0,0,0,4,8,0,11,19,2,4,0,1,66,19,2.696969696969697,4,9,0.07894736842105263,0,0.008771929824561403,4,0.6931471805599453,1.0,0.0,0.0,0,0.0,2867
e203_exu_alu_csrctrl,32,4,19.5,117,6,3,0,0,0,0,7,0,0,14,7,0,0,1,125,0,19,4,0,0,5,10,0,12,14,2,9,0,1,60,19,3.316666666666667,3,7,0.056,0,0.168,5,4.770684624465665,10.816653826391969,0.0,0.0,0,273.0,3354
e203_exu_alu_dpath,5,5,5.0,5,1,0,0,0,0,3,67,1,0,34,47,1,2,4,519,0,26,106,0,0,12,76,0,51,9,2,118,0,1,167,76,4.790419161676646,11,71,0.13680154142581888,2,0.1579961464354528,12,1.791759469228055,2.23606797749979,0.0,0.3159922928709056,10,175.0,12892
e203_exu_alu_lsuagu,32,2,9.333333333333334,56,6,1,1,0,0,0,36,0,6,79,70,0,2,14,700,0,73,100,0,0,18,79,0,20,38,2,118,0,1,211,79,4.928909952606635,16,42,0.06,0,0.21285714285714286,18,4.04305126783455,7.483314773547883,0.0,0.0,0,737.3333333333334,19794
e203_exu_alu_rglr,1,1,1.0,1,0,0,0,0,1,0,9,0,0,1,2,0,0,0,106,0,20,0,0,0,2,6,0,10,20,2,2,0,1,64,20,2.734375,3,9,0.08490566037735849,0,0.02830188679245283,2,0.6931471805599453,1.0,0.0,0.0,0,1.0,2803
e203_exu_branchslv,1,1,1.0,1,0,0,0,0,1,2,9,0,0,11,9,1,0,0,120,0,10,4,0,0,11,5,0,16,8,2,15,0,1,46,16,3.5,2,11,0.09166666666666666,2,0.175,11,0.6931471805599453,1.0,0.0,0.35,2,12.0,3386
e203_exu_commit,1,1,1.0,1,0,0,0,0,1,0,26,0,0,5,1,0,0,0,335,0,13,35,0,0,3,16,0,58,28,2,38,0,1,169,58,3.0710059171597632,5,26,0.07761194029850746,0,0.01791044776119403,3,0.6931471805599453,1.0,0.0,0.0,0,5.0,10363
e203_exu_decode,32,2,10.830769230769231,1408,130,29,1,1,0,0,78,0,0,346,233,0,0,110,1182,0,110,22,0,32,17,389,0,7,27,2,39,0,1,569,389,4.562390158172232,29,78,0.06598984771573604,0,0.48984771573604063,17,7.25063551189868,37.52332607858744,0.0,0.0,0,3747.446153846154,45864
e203_exu_disp,1,1,1.0,1,0,0,0,0,1,0,28,0,0,16,4,0,0,3,278,0,29,2,0,0,15,26,0,30,28,2,17,0,1,109,30,3.467889908256881,7,28,0.10071942446043165,0,0.07194244604316546,15,0.6931471805599453,1.0,0.0,0.0,0,16.0,6782
e203_exu_excp,27,3,13.2,66,5,0,0,0,0,0,17,0,0,98,45,0,0,0,538,0,42,29,0,0,37,79,0,49,23,2,66,0,1,192,79,3.9739583333333335,6,17,0.031598513011152414,0,0.26579925650557623,37,4.204692619390966,8.12403840463596,0.0,0.0,0,1293.6,15830
e203_exu_longpwbck,1,1,1.0,1,0,0,0,0,1,1,18,0,0,14,0,0,0,1,153,0,19,2,0,0,4,15,0,18,14,2,6,0,1,66,19,3.272727272727273,4,19,0.12418300653594772,0,0.0915032679738562,4,0.6931471805599453,1.0,0.0,0.0,0,14.0,3911
e203_exu_oitf,1,1,1.0,1,0,0,0,0,1,3,30,0,0,22,6,0,0,18,163,0,27,1,0,1,2,26,0,17,12,2,3,0,1,93,46,4.397849462365591,6,33,0.20245398773006135,0,0.17177914110429449,2,0.6931471805599453,1.0,0.0,0.0,0,22.0,5336
e203_exu_regfile,1,1,1.0,1,0,0,0,0,1,1,12,0,0,1,0,0,0,3,116,0,7,7,0,1,0,4,2,8,3,2,7,0,1,52,17,2.769230769230769,1,13,0.11206896551724138,2,0.008620689655172414,0,0.6931471805599453,1.0,2.0,0.017241379310344827,2,1.0,2188
e203_exu_wbck,1,1,1.0,1,0,0,0,0,1,0,12,0,0,6,0,0,0,0,102,0,12,2,0,0,6,13,0,10,5,2,8,0,1,45,13,3.0444444444444443,2,12,0.11764705882352941,0,0.058823529411764705,6,0.6931471805599453,1.0,0.0,0.0,0,6.0,2474
e203_ifu_litebpu,1,1,1.0,1,0,0,0,0,1,0,12,0,0,17,11,0,0,2,104,0,5,1,0,0,3,11,0,16,5,2,4,0,1,48,16,3.1458333333333335,2,12,0.11538461538461539,0,0.2692307692307692,3,0.6931471805599453,1.0,0.0,0.0,0,17.0,2551
e203_ifu_minidec,1,1,1.0,1,0,0,0,0,1,0,5,0,0,0,0,0,0,0,94,0,0,1,0,0,0,0,0,1,17,2,1,0,1,48,17,2.2083333333333335,1,5,0.05319148936170213,0,0.0,0,0.6931471805599453,1.0,0.0,0.0,0,0.0,1677
e203_soc_top,1,1,1.0,1,0,0,0,0,1,0,0,0,0,36,0,0,0,0,721,0,0,4,0,0,0,6,0,59,191,2,4,0,1,367,191,3.362397820163488,4,0,0.0,0,0.049930651872399444,0,0.6931471805599453,1.0,0.0,0.0,0,36.0,27626
e203_subsys_mems,4,2,2.857142857142857,40,14,0,0,0,0,0,29,0,3,0,0,0,0,0,517,0,0,0,0,0,0,49,0,24,25,2,0,0,1,375,49,1.888,5,32,0.061895551257253385,0,0.0,0,3.713572066704308,6.324555320336759,0.0,0.0,0,0.0,15407
eai_itf,32,2,25.19047619047619,529,21,16,0,0,0,1,0,0,1,16,9,0,0,21,204,3,30,2,0,0,29,59,67,29,16,2,31,0,1,97,59,4.701030927835052,8,2,0.00980392156862745,67,0.12254901960784313,29,6.272877006546167,23.0,1687.7619047619048,8.21078431372549,35443,403.04761904761904,5878
ecc_enc_dec,32,2,8.791666666666666,211,24,2,3,3,0,0,20,0,1,6,0,3,0,17,473,16,3,17,22,0,0,10,10,5,4,2,39,0,1,99,50,6.484848484848484,18,21,0.04439746300211417,16,0.019027484143763214,22,5.356586274672012,14.52583904633395,87.91666666666666,0.3044397463002114,3376,79.125,7733
ecg_sign_bits,4,2,3.2,16,5,0,0,0,0,0,33,1,0,0,2,0,0,6,230,1,4,1,2,0,4,1,2,3,2,2,7,0,1,46,38,5.0,9,34,0.14782608695652175,2,0.008695652173913044,6,2.833213344056216,4.0,6.4,0.017391304347826087,32,0.0,2825
echo,1,1,1.0,1,0,0,0,0,1,1,8,0,0,0,0,0,1,7,29,1,0,1,0,1,0,0,2,2,1,2,1,0,1,23,7,2.260869565217391,0,9,0.3103448275862069,2,0.0,0,0.6931471805599453,1.0,2.0,0.0,2,0.0,506
edgedetecth,90,9,16.076923076923077,209,13,0,0,0,0,4,2,0,0,4,2,0,2,10,41,1,13,1,0,0,0,4,1,2,1,2,1,0,1,24,16,3.5833333333333335,3,6,0.14634146341463414,1,0.14634146341463414,0,5.3471075307174685,14.45683229480096,16.076923076923077,0.14634146341463414,209,64.3076923076923,890
edgedetectv,90,9,16.076923076923077,209,13,0,0,0,0,4,2,0,0,4,2,0,2,10,42,1,13,1,0,0,0,4,1,2,1,2,1,0,1,24,16,3.5833333333333335,3,6,0.14285714285714285,1,0.14285714285714285,0,5.3471075307174685,14.45683229480096,16.076923076923077,0.14285714285714285,209,64.3076923076923,892
edge_bit_counter,6,4,5.0,15,3,0,0,0,0,2,1,0,0,0,0,0,0,9,46,1,0,3,0,0,0,4,2,4,2,2,3,0,1,22,7,3.0,0,3,0.06521739130434782,2,0.0,0,2.772588722239781,3.872983346207417,10.0,0.0,30,0.0,1063
edge_detector_timer,1,1,1.0,1,0,0,0,0,1,0,7,0,0,4,1,0,0,2,28,1,3,1,0,0,0,8,1,5,1,2,1,0,1,26,9,2.6923076923076925,0,7,0.25,1,0.17857142857142858,0,0.6931471805599453,1.0,1.0,0.17857142857142858,1,4.0,650
eep_i2c_sda,1,1,1.0,1,0,0,0,0,1,0,0,0,1,10,1,0,0,13,89,3,4,6,0,0,1,4,3,6,1,2,7,0,1,32,8,3.4375,0,1,0.011235955056179775,3,0.12359550561797752,1,0.6931471805599453,1.0,3.0,0.3707865168539326,3,10.0,1609
effect_controller,12,12,12.0,24,2,0,0,0,0,1,0,0,1,2,0,0,0,6,44,1,0,5,0,0,0,0,1,2,1,2,5,0,1,24,8,2.6666666666666665,0,2,0.045454545454545456,1,0.045454545454545456,0,3.2188758248682006,4.898979485566356,12.0,0.045454545454545456,24,24.0,676
efm_lut_decoder,14,8,10.0,30,3,0,0,2,0,0,0,1,0,0,0,0,0,259,277,1,3,0,2,0,0,0,1,1,3,2,2,0,1,532,259,1.505639097744361,1,1,0.0036101083032490976,1,0.0,2,3.4339872044851463,5.477225575051661,10.0,0.0,30,0.0,11128
ef_acmp_di_ahbl,32,1,12.333333333333334,222,18,4,5,0,5,0,0,0,1,6,1,0,0,18,99,3,3,7,0,0,5,25,8,10,5,2,12,0,1,77,25,3.168831168831169,1,1,0.010101010101010102,8,0.0707070707070707,5,5.407171771460119,14.89966442575134,98.66666666666667,0.5656565656565656,1776,74.0,2365
ef_dac1001_di,20,10,13.333333333333334,40,3,0,0,0,0,4,18,3,0,3,0,0,0,24,226,6,12,42,2,0,0,44,53,17,19,6,44,0,1,88,44,5.056818181818182,9,25,0.11061946902654868,53,0.01327433628318584,2,3.713572066704308,6.324555320336759,706.6666666666667,0.7035398230088495,2120,40.0,5361
ef_dac1001_di_ahbl,32,1,14.3,572,40,6,18,0,2,0,2,0,1,7,1,0,0,27,146,3,3,13,0,0,7,40,10,9,15,2,20,0,1,102,40,3.6176470588235294,3,3,0.02054794520547945,10,0.0547945205479452,7,6.35088571671474,23.916521486202797,143.0,0.547945205479452,5720,100.10000000000001,3767
ef_dac1001_di_apb,32,1,14.805555555555555,533,36,5,18,0,2,0,2,0,1,7,1,0,0,19,125,2,3,11,0,0,7,38,6,7,15,2,18,0,1,96,38,3.3958333333333335,3,3,0.024,6,0.064,7,6.280395838960195,23.08679276123039,88.83333333333333,0.384,3198,103.63888888888889,3186
eightbyeight_sad,14,8,10.75,86,8,0,0,1,0,21,23,44,0,0,0,0,0,17,162,6,12,41,0,5,0,12,6,3,1,2,41,0,1,61,43,4.557377049180328,7,88,0.5432098765432098,6,0.0,0,4.465908118654584,9.273618495495704,64.5,0.0,516,0.0,2303
eightbyeight_sad_test,14,14,14.0,14,1,0,0,0,0,0,1,2,0,0,2,0,2,6,49,1,0,0,0,0,0,0,1,2,1,2,0,0,1,22,5,2.0,0,3,0.061224489795918366,1,0.04081632653061224,0,2.70805020110221,3.7416573867739413,14.0,0.04081632653061224,14,0.0,360
eight_bit_cla,8,8,8.0,24,3,0,0,3,0,0,0,0,1,9,9,16,0,0,35,0,18,0,0,0,0,2,0,2,2,2,0,0,1,22,18,5.318181818181818,3,1,0.02857142857142857,32,0.9714285714285714,0,3.2188758248682006,4.898979485566356,0.0,31.085714285714285,768,200.0,725
eight_bit_rca,8,4,5.0,40,8,0,0,2,0,0,0,0,1,0,0,0,0,0,17,0,0,0,0,0,0,1,0,2,2,2,0,0,1,17,4,2.0588235294117645,0,1,0.058823529411764705,0,0.0,0,3.713572066704308,6.324555320336759,0.0,0.0,0,0.0,254
elbuf,33,33,33.0,132,4,0,0,0,0,0,0,0,0,0,0,0,0,2,36,2,3,2,0,0,1,2,1,5,3,2,3,0,1,28,5,2.642857142857143,0,0,0.0,1,0.0,1,4.890349128221754,11.489125293076057,33.0,0.0,132,0.0,842
elbuf_ctrl,1,1,1.0,1,0,0,0,0,1,0,0,0,0,0,0,0,0,0,42,0,6,0,0,0,0,12,0,4,5,2,0,0,1,33,12,2.4242424242424243,1,0,0.0,0,0.0,0,0.6931471805599453,1.0,0.0,0.0,0,0.0,845
elink_cfg,32,2,15.16,379,25,5,7,0,0,3,2,0,0,8,2,0,0,11,136,3,11,6,0,0,0,9,13,4,5,2,6,0,1,60,11,2.9833333333333334,1,5,0.03676470588235294,13,0.07352941176470588,0,5.940171252720432,19.467922333931785,197.08,0.9558823529411765,4927,121.28,2602
emesh_if,1,1,1.0,1,0,0,0,0,1,1,18,1,0,9,3,0,0,0,99,0,12,1,0,0,2,0,0,12,12,2,3,0,1,34,19,4.411764705882353,4,20,0.20202020202020202,0,0.12121212121212122,2,0.6931471805599453,1.0,0.0,0.0,0,9.0,2480
emesh_rdalign,64,2,13.725,549,40,9,0,12,0,0,0,0,0,10,8,0,0,14,102,0,15,0,0,0,1,7,0,3,1,2,1,0,1,22,15,4.909090909090909,1,0,0.0,0,0.17647058823529413,1,6.309918278226516,23.430749027719962,0.0,0.0,0,137.25,1861
emesh_wralign,64,2,8.883720930232558,382,43,0,0,28,0,0,0,0,0,19,19,0,0,4,60,0,12,0,0,0,0,1,0,2,1,2,0,0,1,15,24,5.666666666666667,3,0,0.0,0,0.6333333333333333,0,5.948034989180646,19.544820285692065,0.0,0.0,0,168.7906976744186,1860
emul,16,2,6.151515151515151,203,33,0,3,4,0,7,0,1,0,0,0,0,0,16,67,1,0,16,0,0,0,0,3,1,1,2,16,0,1,29,18,5.275862068965517,5,8,0.11940298507462686,3,0.0,0,5.318119993844216,14.247806848775006,18.454545454545453,0.0,609,0.0,1128
enabled_reg,1,1,1.0,1,0,0,0,0,1,0,2,0,1,0,0,0,0,2,36,1,0,2,0,0,0,0,2,2,1,2,2,0,1,18,3,1.5555555555555556,0,3,0.08333333333333333,2,0.0,0,0.6931471805599453,1.0,2.0,0.0,2,0.0,257
enc,2,2,2.0,2,1,0,0,0,0,0,0,0,0,0,0,0,0,0,21,0,0,0,0,0,0,0,1,0,0,2,0,0,1,15,4,1.5333333333333334,0,0,0.0,1,0.0,0,1.0986122886681098,1.4142135623730951,2.0,0.0,2,0.0,144
enc5to6,6,5,5.666666666666667,17,3,0,0,0,0,0,0,1,0,0,0,0,0,0,44,1,1,15,2,0,0,0,1,2,1,2,17,0,1,65,49,3.4307692307692306,6,1,0.022727272727272728,1,0.0,2,2.8903717578961645,4.123105625617661,5.666666666666667,0.0,17,0.0,1918
encode,10,4,7.6875,123,16,0,0,9,0,26,6,0,1,3,3,14,0,37,154,4,9,4,2,0,10,4,32,6,1,2,16,0,1,60,41,4.85,7,33,0.21428571428571427,60,0.12987012987012986,12,4.820281565605037,11.090536506409418,246.0,7.792207792207791,7380,130.6875,3121
encodeb,10,4,7.6875,123,16,0,0,9,0,26,6,0,1,3,3,14,0,40,219,4,12,5,2,0,10,3,36,7,1,2,17,0,1,67,41,4.7611940298507465,8,33,0.1506849315068493,64,0.091324200913242,12,4.820281565605037,11.090536506409418,276.75,5.844748858447488,7872,130.6875,3636
encodeg,10,4,7.6875,123,16,0,0,9,0,26,6,0,1,3,3,14,0,40,219,4,12,5,2,0,10,3,36,7,1,2,17,0,1,67,41,4.7611940298507465,8,33,0.1506849315068493,64,0.091324200913242,12,4.820281565605037,11.090536506409418,276.75,5.844748858447488,7872,130.6875,3636
encoder,1,1,1.0,1,0,0,0,0,1,0,0,0,0,0,0,0,0,0,2,0,0,0,0,0,0,0,0,0,0,0,0,0,1,0,0,0.0,0,0,0.0,0,0.0,0,0.6931471805599453,1.0,0.0,0.0,0,0.0,1
encoder8_3,8,3,5.5,11,2,0,0,1,0,0,0,0,0,0,0,0,0,8,17,0,1,0,0,0,8,0,0,1,1,2,8,0,1,18,10,2.0,0,0,0.0,0,0.0,8,2.4849066497880004,3.3166247903554,0.0,0.0,0,0.0,386
encoder_32,5,5,5.0,10,2,0,0,0,0,0,0,0,0,0,75,0,0,0,139,0,16,0,0,0,0,44,0,32,1,2,0,0,1,51,44,5.490196078431373,3,0,0.0,0,0.539568345323741,0,2.3978952727983707,3.1622776601683795,0.0,0.0,0,0.0,2203
encoder_32_5,32,5,18.5,37,2,1,0,0,0,0,0,1,0,0,0,0,0,0,40,1,0,0,2,0,0,1,1,1,1,2,2,0,1,64,26,1.40625,1,1,0.025,1,0.0,2,3.6375861597263857,6.082762530298219,18.5,0.0,37,0.0,988
encoder_3bit,8,3,6.333333333333333,19,3,0,0,2,0,0,0,0,0,0,0,0,0,0,26,1,0,0,2,0,0,0,2,1,2,2,2,0,1,23,11,1.826086956521739,1,0,0.0,2,0.0,2,2.995732273553991,4.358898943540674,12.666666666666666,0.0,38,0.0,346
encoder_5bit,5,3,4.333333333333333,13,3,0,0,0,0,0,0,0,0,0,0,0,0,0,24,1,0,0,2,0,0,0,2,1,2,2,2,0,1,22,10,1.8181818181818181,0,0,0.0,2,0.0,2,2.6390573296152584,3.605551275463989,8.666666666666666,0.0,26,0.0,313
encoder_8160_7136_p,1022,1022,1022.0,5110,5,0,0,0,0,36,55,33,1,4,0,23,0,87,225,1,4,8,4,1,2,2,12,5,4,2,14,0,1,109,41,4.743119266055046,15,125,0.5555555555555556,58,0.12,6,8.53915035876828,71.48426400264607,12264.0,6.96,296380,27594.0,12104
encoder_8b10,19,8,11.0,55,5,0,0,2,0,0,0,0,1,296,108,15,0,37,100,2,5,4,0,0,1,10,4,5,3,2,5,0,1,31,412,18.677419354838708,3,1,0.01,34,4.19,1,4.02535169073515,7.416198487095663,44.0,142.46,1870,3421.0,4054
encoder_8bit,8,3,5.5,11,2,0,0,1,0,0,0,0,0,31,9,0,0,0,15,0,5,0,0,0,0,0,0,2,2,2,0,0,1,11,32,6.545454545454546,2,0,0.0,0,2.6666666666666665,0,2.4849066497880004,3.3166247903554,0.0,0.0,0,170.5,498
encoder_8_3,8,3,5.5,11,2,0,0,1,0,0,0,0,1,0,0,0,0,0,45,1,0,1,2,0,0,0,1,2,1,2,3,0,1,34,10,1.4705882352941178,0,1,0.022222222222222223,1,0.0,2,2.4849066497880004,3.3166247903554,5.5,0.0,11,0.0,620
encoder_bcd_3,12,4,7.111111111111111,64,9,0,0,5,0,0,0,0,2,0,0,0,0,0,25,1,4,0,0,0,0,4,1,1,1,2,0,0,1,19,5,2.210526315789474,0,2,0.08,1,0.0,0,4.174387269895637,8.0,7.111111111111111,0.0,64,0.0,481
encoder_core,4,4,4.0,12,3,0,0,0,0,1,0,0,1,2,0,17,0,11,73,1,5,3,0,0,0,0,26,8,5,2,3,0,1,32,25,3.5625,1,2,0.0273972602739726,60,0.2602739726027397,0,2.5649493574615367,3.4641016151377544,104.0,15.616438356164382,720,76.0,1527
encoder_hamming,16,4,10.333333333333334,31,3,0,1,0,0,0,0,1,0,0,0,38,0,1,43,1,0,1,0,0,0,2,3,2,1,2,1,0,1,17,40,6.117647058823529,2,1,0.023255813953488372,79,0.8837209302325582,0,3.4657359027997265,5.5677643628300215,31.0,69.81395348837209,2449,392.6666666666667,1277
encoder_module,16,4,4.8,168,35,0,2,1,0,5,4,0,0,6,0,0,0,41,123,3,2,14,0,0,0,1,42,4,1,3,14,0,1,30,37,5.933333333333334,5,9,0.07317073170731707,42,0.04878048780487805,0,5.1298987149230735,12.96148139681572,201.6,2.048780487804878,7056,28.799999999999997,2081
encrypter,78,6,60.55555555555556,545,9,0,0,0,0,0,0,0,0,0,0,0,0,4,33,1,0,4,0,0,0,6,1,2,20,2,4,0,1,38,11,2.736842105263158,1,0,0.0,1,0.0,0,6.302618975744905,23.345235059857504,60.55555555555556,0.0,545,0.0,1455
enc_64_67,67,2,19.08,477,25,0,0,2,0,4,1,5,1,1,1,5,0,31,206,11,1,13,2,0,1,10,8,4,1,2,16,0,1,95,20,3.8842105263157896,8,11,0.05339805825242718,18,0.03398058252427184,3,6.169610732491456,21.840329667841555,152.64,0.6116504854368932,8586,114.47999999999999,3452
enc_tbl_64800,1,1,1.0,1,0,0,0,0,1,0,2,0,1,0,0,0,0,5361,5387,1,0,0,2,0,0,2,1,2,1,2,2,0,1,5741,5363,4.672705103640481,259,3,0.0005568962316688324,1,0.0,2,0.6931471805599453,1.0,1.0,0.0,1,0.0,279056
endat,40,4,14.727272727272727,162,11,0,0,0,0,15,1,0,0,0,0,0,0,52,116,1,1,7,2,0,1,0,9,4,4,2,10,0,1,46,27,5.195652173913044,6,16,0.13793103448275862,9,0.0,3,5.093750200806762,12.727922061357855,132.54545454545453,0.0,1458,0.0,2134
endat22,26,4,9.181818181818182,101,11,0,0,0,0,15,0,0,0,0,0,0,0,53,126,1,1,7,2,0,0,0,10,3,6,2,9,0,1,47,27,5.191489361702128,7,15,0.11904761904761904,10,0.0,2,4.624972813284271,10.04987562112089,91.81818181818181,0.0,1010,0.0,2204
end_of_blk_decoding,5,4,4.333333333333333,13,3,0,0,0,0,0,0,0,0,6,0,0,0,15,64,2,0,5,0,0,0,0,5,4,2,2,5,0,1,22,7,3.409090909090909,0,0,0.0,5,0.09375,0,2.6390573296152584,3.605551275463989,21.666666666666664,0.46875,65,26.0,1200
equal,32,32,32.0,32,1,1,0,0,0,0,0,0,0,0,0,0,0,1,9,0,1,0,0,0,1,0,0,1,1,2,1,0,1,9,3,1.6666666666666667,0,0,0.0,0,0.0,1,3.4965075614664802,5.656854249492381,0.0,0.0,0,0.0,150
equality,1,1,1.0,1,0,0,0,0,1,0,1,0,0,0,0,0,0,1,10,0,1,0,0,0,0,2,0,1,1,2,0,0,1,12,2,1.4166666666666667,0,1,0.1,0,0.0,0,0.6931471805599453,1.0,0.0,0.0,0,0.0,203
equalizer,127,3,23.5,3008,128,26,32,2,0,77,13,10,0,19,26,6,3,352,881,2,8,57,2,0,17,53,169,42,21,2,76,0,1,250,95,6.536,32,100,0.11350737797956867,181,0.05788876276958002,19,8.009363076630045,54.84523680320835,3971.5,10.477866061293984,544448,587.5,27721
eqz,32,32,32.0,32,1,1,0,0,0,0,0,0,0,0,0,0,0,1,7,0,1,0,0,0,0,0,0,1,1,2,0,0,1,8,3,1.5,0,0,0.0,0,0.0,0,3.4965075614664802,5.656854249492381,0.0,0.0,0,0.0,92
errordevicewrapper,64,2,8.142857142857142,228,28,0,0,0,0,0,0,0,0,0,0,0,0,0,137,0,30,0,0,0,0,41,0,7,10,2,0,0,1,95,41,3.1052631578947367,2,0,0.0,0,0.0,0,5.43372200355424,15.0996688705415,0.0,0.0,0,0.0,6278
error_fix,32,2,13.0,78,6,2,0,0,0,0,7,0,1,0,0,3,0,38,116,2,1,4,2,0,1,1,2,7,1,2,7,0,1,70,66,3.7142857142857144,3,8,0.06896551724137931,8,0.02586206896551724,3,4.3694478524670215,8.831760866327848,26.0,0.20689655172413793,624,39.0,2800
error_map,9,4,7.461538461538462,97,13,0,0,3,0,3,2,0,1,2,0,0,3,11,50,0,5,0,0,0,4,4,0,4,1,2,4,0,1,23,7,2.9565217391304346,0,6,0.12,0,0.04,4,4.584967478670572,9.848857801796104,0.0,0.0,0,14.923076923076923,750
errval,10,8,9.2,184,20,0,0,2,0,8,14,0,1,0,0,0,0,40,139,3,18,6,0,0,19,7,7,8,6,2,25,0,1,53,18,5.226415094339623,2,23,0.16546762589928057,7,0.0,19,5.220355825078324,13.564659966250536,64.39999999999999,0.0,1288,0.0,2689
erx_cfg,45,2,19.386138613861387,1958,101,45,8,0,0,9,16,1,0,17,2,0,0,43,280,9,21,9,2,0,1,7,46,10,14,2,12,0,1,117,21,3.888888888888889,7,26,0.09285714285714286,46,0.06785714285714285,3,7.580189417944541,44.24929377967517,891.7623762376238,3.121428571428571,90068,329.56435643564356,6915
erx_remap,64,2,22.17142857142857,776,35,17,0,1,0,1,6,0,0,2,1,0,2,9,79,2,5,0,0,0,3,6,2,7,2,2,3,0,1,35,9,3.0285714285714285,0,7,0.08860759493670886,2,0.0379746835443038,3,6.655440350367647,27.85677655436824,44.34285714285714,0.0759493670886076,1552,44.34285714285714,1864
estimate_amplitudes,10,7,9.571428571428571,67,7,0,0,0,0,2,9,1,0,0,0,0,0,51,440,3,0,6,4,0,0,4,10,3,3,2,10,0,1,118,60,4.533898305084746,5,12,0.02727272727272727,10,0.0,4,4.219507705176107,8.18535277187245,95.71428571428571,0.0,670,0.0,5164
etc_data_fetcher,64,2,21.615384615384617,281,13,1,0,4,0,5,2,1,1,8,10,0,0,48,191,9,6,23,2,0,1,1,12,3,6,2,26,0,1,66,23,5.424242424242424,8,9,0.04712041884816754,12,0.09424083769633508,3,5.641907070938114,16.76305461424021,259.3846153846154,1.130890052356021,3372,172.92307692307693,3875
etc_rgb_decoder_th_generator,64,2,10.0,230,23,0,0,20,0,1,4,5,1,4,5,0,1,24,125,2,5,3,2,0,0,0,6,10,5,2,5,0,1,45,10,3.6222222222222222,0,11,0.088,6,0.072,2,5.442417710521793,15.165750888103101,60.0,0.43199999999999994,1380,40.0,1898
eth_clockgen,8,8,8.0,104,13,0,0,13,0,0,2,0,0,2,0,0,1,9,132,2,5,4,0,0,1,3,2,3,3,2,5,0,1,33,8,3.1515151515151514,0,2,0.015151515151515152,2,0.015151515151515152,1,4.653960350157523,10.198039027185569,16.0,0.030303030303030304,208,16.0,1141
eth_crc32_gen,256,5,35.014925373134325,2346,67,39,4,4,0,0,0,0,1,0,2,0,0,41,504,1,6,2,2,0,1,34,71,7,2,2,5,0,1,135,290,7.7481481481481485,14,1,0.001984126984126984,71,0.003968253968253968,3,7.760893195851024,48.43552415324934,2486.059701492537,0.28174603174603174,166566,0.0,13976
eth_fifo,1,1,1.0,1,0,0,0,0,1,3,18,0,0,7,1,2,0,16,187,5,4,28,0,0,4,0,5,6,6,2,32,0,1,54,15,4.925925925925926,6,21,0.11229946524064172,9,0.053475935828877004,4,0.6931471805599453,1.0,5.0,0.48128342245989303,9,9.0,2841
eth_macstatus,16,2,10.380952380952381,218,21,0,11,0,0,0,0,0,0,21,12,0,0,46,426,15,4,37,0,0,0,2,15,36,16,2,37,0,1,77,41,7.571428571428571,14,0,0.0,15,0.07746478873239436,0,5.389071729816501,14.7648230602334,155.71428571428572,1.1619718309859155,3270,218.0,6630
eth_miim,16,2,7.571428571428571,106,14,0,2,2,0,1,0,0,0,24,11,0,0,76,449,8,12,29,0,0,0,11,30,11,11,2,29,0,1,92,68,7.184782608695652,16,1,0.0022271714922048997,30,0.0779510022271715,0,4.672828834461906,10.295630140987,227.14285714285714,2.338530066815145,3180,181.71428571428572,8224
eth_outputcontrol,7,7,7.0,7,1,0,0,0,0,0,0,0,0,9,5,0,0,19,148,2,1,7,0,0,0,1,6,8,3,2,7,0,1,34,13,4.147058823529412,1,0,0.0,6,0.0945945945945946,0,2.0794415416798357,2.6457513110645907,42.0,0.5675675675675675,42,63.0,1671
eth_register,1,1,1.0,1,0,0,0,0,1,0,3,0,0,0,0,0,0,3,109,1,0,3,0,0,0,0,2,5,1,2,3,0,1,23,6,2.3043478260869565,0,3,0.027522935779816515,2,0.0,0,0.6931471805599453,1.0,2.0,0.0,2,0.0,572
eth_registers,48,1,15.536842105263158,1476,95,30,15,7,8,49,37,0,0,65,7,0,0,99,1182,23,106,41,2,0,0,63,61,24,42,2,43,0,1,323,130,6.56656346749226,24,86,0.0727580372250423,61,0.06091370558375635,2,7.29776828253138,38.41874542459709,947.7473684210527,3.715736040609137,90036,1009.8947368421053,28403
eth_shiftreg,16,2,8.08,202,25,0,4,11,0,0,0,0,0,0,1,0,0,12,152,1,1,22,2,0,0,0,4,10,3,2,24,0,1,42,12,3.3333333333333335,2,0,0.0,4,0.006578947368421052,2,5.313205979041787,14.212670403551895,32.32,0.02631578947368421,808,0.0,1915
euclidean_16cells,13,4,9.7,97,10,0,0,0,0,0,0,0,0,0,24,0,0,73,484,1,1,2,0,0,0,6,3,5,4,2,2,0,1,204,38,4.901960784313726,21,0,0.0,3,0.049586776859504134,0,4.584967478670572,9.848857801796104,29.099999999999998,0.1487603305785124,291,0.0,11440
euclidean_4cells,10,3,6.9,138,20,0,0,10,0,1,0,0,0,0,0,0,0,366,528,2,0,5,0,0,0,8,57,6,4,2,5,0,1,266,127,4.845864661654136,7,1,0.001893939393939394,57,0.0,0,4.9344739331306915,11.74734012447073,393.3,0.0,7866,0.0,12337
euclidean_cell,8,6,7.75,124,16,0,0,14,0,0,0,0,0,0,0,2,0,55,195,1,5,2,0,0,0,9,7,6,4,2,2,0,1,116,24,4.189655172413793,8,0,0.0,11,0.010256410256410256,0,4.8283137373023015,11.135528725660043,54.25,0.11282051282051282,1364,15.5,3347
euclidean_polynomial_2cell,13,13,13.0,65,5,0,0,0,0,0,0,0,0,0,0,0,0,0,28,0,0,0,0,0,0,3,0,2,3,2,0,0,1,31,6,3.6129032258064515,0,0,0.0,0,0.0,0,4.189654742026425,8.06225774829855,0.0,0.0,0,0.0,892
eva_argsort,4,3,3.5,7,2,0,0,0,0,0,2,2,1,0,0,0,0,0,58,0,0,0,0,0,0,3,0,4,2,2,0,0,1,23,6,2.9130434782608696,0,5,0.08620689655172414,0,0.0,0,2.0794415416798357,2.6457513110645907,0.0,0.0,0,0.0,714
even16_div,4,4,4.0,4,1,0,0,0,0,1,1,0,1,0,0,0,0,7,26,1,0,3,0,0,0,0,2,1,1,2,3,0,1,22,6,2.227272727272727,0,3,0.11538461538461539,2,0.0,0,1.6094379124341003,2.0,8.0,0.0,8,0.0,424
even256_div,8,8,8.0,8,1,0,0,1,0,1,1,0,1,0,0,0,0,7,25,1,0,3,0,0,0,0,2,1,1,2,3,0,1,22,6,2.227272727272727,0,3,0.12,2,0.0,0,2.1972245773362196,2.8284271247461903,16.0,0.0,16,0.0,421
evenodd,16,3,11.666666666666666,35,3,0,2,0,0,1,0,1,0,1,0,0,0,0,16,1,0,1,0,0,0,0,2,2,2,2,1,0,1,16,4,2.0625,0,2,0.125,2,0.0625,0,3.58351893845611,5.916079783099616,23.333333333333332,0.125,70,11.666666666666666,237
ex,32,2,11.909090909090908,131,11,3,0,0,0,2,2,4,1,21,14,1,8,60,220,4,16,0,8,0,22,8,21,24,19,2,30,0,1,119,24,3.638655462184874,9,9,0.04090909090909091,23,0.16363636363636364,30,4.882801922586371,11.445523142259598,250.09090909090907,3.7636363636363637,3013,262.0,6802
ex12_top,10,2,6.166666666666667,37,6,0,0,0,0,0,0,0,0,0,0,0,0,0,20,0,0,0,0,0,0,1,0,2,1,2,0,0,1,19,5,1.894736842105263,0,0,0.0,0,0.0,0,3.6375861597263857,6.082762530298219,0.0,0.0,0,0.0,281
ex2_top,7,4,5.5,11,2,0,0,0,0,0,0,0,0,0,0,0,0,0,11,0,0,0,0,0,0,0,0,1,1,2,0,0,1,9,3,1.4444444444444444,0,0,0.0,0,0.0,0,2.4849066497880004,3.3166247903554,0.0,0.0,0,0.0,113
ex4_top,10,4,7.0,42,6,0,0,0,0,0,0,0,0,0,0,0,0,0,20,0,0,0,0,0,0,1,0,1,4,2,0,0,1,22,4,2.090909090909091,0,0,0.0,0,0.0,0,3.7612001156935624,6.48074069840786,0.0,0.0,0,0.0,388
ex6_top,16,2,7.2,36,5,0,1,0,0,0,0,0,0,1,0,0,0,0,21,0,0,0,0,0,0,7,0,2,1,2,0,0,1,32,5,2.34375,0,0,0.0,0,0.047619047619047616,0,3.6109179126442243,6.0,0.0,0.0,0,7.2,606
exceptionunit,32,2,22.928571428571427,321,14,9,0,0,0,0,0,1,1,6,5,0,0,31,141,1,9,8,0,0,2,2,33,15,5,2,10,0,1,66,15,3.772727272727273,3,2,0.014184397163120567,33,0.07801418439716312,2,5.7745515455444085,17.916472867168917,756.6428571428571,2.574468085106383,10593,137.57142857142856,3269
exe,256,2,46.90909090909091,516,11,8,0,0,0,1,0,0,0,0,0,0,0,15,68,1,0,2,2,1,1,7,7,7,2,2,5,0,1,41,8,2.707317073170732,0,1,0.014705882352941176,7,0.0,3,6.248042874508429,22.715633383201094,328.3636363636364,0.0,3612,0.0,1653
exe2,7,4,5.5,22,4,0,0,0,0,0,0,0,0,0,0,0,0,16,95,1,0,2,0,0,0,0,3,4,3,2,2,0,1,28,6,3.142857142857143,0,0,0.0,3,0.0,0,3.1354942159291497,4.69041575982343,16.5,0.0,66,0.0,1013
exe2mem,32,32,32.0,64,2,2,0,0,0,0,2,0,0,0,0,0,0,8,30,1,0,1,0,0,0,0,3,4,3,2,1,0,1,30,4,2.7333333333333334,0,2,0.06666666666666667,3,0.0,0,4.174387269895637,8.0,96.0,0.0,192,0.0,831
exec,32,2,20.033333333333335,601,30,17,0,0,0,9,1,0,0,4,2,0,0,106,235,2,8,8,6,14,15,22,42,16,9,2,29,0,1,73,28,5.739726027397261,12,10,0.0425531914893617,42,0.02553191489361702,21,6.400257445308821,24.515301344262525,841.4000000000001,1.0723404255319149,25242,80.13333333333334,6992
execute,64,2,22.93,2293,100,61,1,1,0,8,2,5,0,59,59,1,9,98,373,5,20,13,2,1,55,51,18,77,25,14,70,0,1,199,77,5.1708542713567835,20,15,0.040214477211796246,20,0.3190348525469169,57,7.738052297689316,47.885279575251516,412.74,6.380697050938338,45860,1375.8,11407
execute_cycle,32,2,21.23076923076923,276,13,8,0,0,0,0,0,0,0,1,0,0,0,15,119,1,8,1,0,0,0,3,3,7,4,2,1,0,1,79,8,2.6582278481012658,0,0,0.0,3,0.008403361344537815,0,5.6240175061873385,16.61324772583615,63.69230769230769,0.025210084033613446,828,21.23076923076923,2882
execute_mux,32,32,32.0,96,3,3,0,0,0,0,0,0,1,0,0,0,0,0,33,0,1,0,0,0,1,0,0,3,1,2,1,0,1,11,3,1.5454545454545454,0,1,0.030303030303030304,0,0.0,1,4.574710978503383,9.797958971132712,0.0,0.0,0,0.0,216
execute_mux_1,32,2,22.0,66,3,2,0,0,0,0,0,0,1,0,0,0,0,3,34,0,1,0,0,0,3,0,0,2,1,2,3,0,1,15,4,1.6,0,1,0.029411764705882353,0,0.0,3,4.204692619390966,8.12403840463596,0.0,0.0,0,0.0,334
execute_mux_2,32,2,22.0,66,3,2,0,0,0,0,0,0,1,0,0,0,0,3,34,0,1,0,0,0,3,0,0,2,1,2,3,0,1,15,4,1.6,0,1,0.029411764705882353,0,0.0,3,4.204692619390966,8.12403840463596,0.0,0.0,0,0.0,352
execute_pipe,32,2,26.0,390,15,12,0,0,0,0,0,0,0,0,0,0,0,9,50,1,9,0,0,0,0,19,18,10,9,2,0,0,1,40,19,3.075,1,0,0.0,18,0.0,0,5.968707559985366,19.748417658131498,468.0,0.0,7020,0.0,1376
execute_register,32,2,17.0,68,4,2,0,0,0,0,0,0,1,0,0,0,0,6,44,1,0,0,0,0,0,0,4,4,3,2,0,0,1,24,4,1.8333333333333333,0,1,0.022727272727272728,4,0.0,0,4.23410650459726,8.246211251235321,68.0,0.0,272,0.0,552
exe_mem,1,1,1.0,1,0,0,0,0,1,0,0,0,0,2,0,0,0,24,60,1,0,3,0,0,0,11,14,11,8,2,3,0,1,45,11,3.2,2,0,0.0,14,0.03333333333333333,0,0.6931471805599453,1.0,14.0,0.4666666666666667,14,2.0,2215
exe_mem_reg,32,5,18.5,74,4,2,0,0,0,0,0,0,1,0,0,0,0,18,51,1,0,1,0,0,0,4,14,4,3,2,1,0,1,37,4,2.2432432432432434,0,1,0.0196078431372549,14,0.0,0,4.31748811353631,8.602325267042627,259.0,0.0,1036,0.0,1357
exe_stage,8,5,6.0,18,3,0,0,1,0,1,0,1,0,0,0,0,0,1,37,1,1,1,2,0,0,6,1,5,2,2,3,0,1,28,6,2.0714285714285716,0,2,0.05405405405405406,1,0.0,2,2.9444389791664403,4.242640687119285,6.0,0.0,18,0.0,522
exmem,4,4,4.0,8,2,0,0,0,0,0,0,0,1,0,0,0,0,0,156,0,0,0,0,0,0,0,10,22,17,2,0,0,1,74,22,3.554054054054054,8,1,0.00641025641025641,10,0.0,0,2.1972245773362196,2.8284271247461903,40.0,0.0,80,0.0,4263
exmemregs,32,2,19.714285714285715,414,21,12,0,0,0,0,0,0,0,0,0,0,0,22,109,1,10,12,0,0,0,0,50,13,10,2,12,0,1,50,13,3.22,1,0,0.0,50,0.0,0,6.028278520230698,20.346989949375804,985.7142857142858,0.0,20700,0.0,2482
exmem_reg,32,5,25.25,202,8,6,0,0,0,0,0,0,0,0,0,0,0,0,35,1,0,0,0,4,0,0,14,10,9,2,0,0,1,29,10,2.5172413793103448,0,0,0.0,14,0.0,0,5.313205979041787,14.212670403551895,353.5,0.0,2828,0.0,962
exp1_n_d_flip,1,1,1.0,1,0,0,0,0,1,1,3,0,1,0,0,0,0,1,35,0,0,0,0,1,0,1,1,2,1,2,0,0,1,27,10,1.8148148148148149,0,5,0.14285714285714285,1,0.0,0,0.6931471805599453,1.0,1.0,0.0,1,0.0,308
exponent_div,9,5,7.375,59,8,0,0,5,0,4,6,0,0,1,1,0,0,3,41,0,9,2,0,0,3,4,0,4,3,2,5,0,1,24,9,3.125,0,10,0.24390243902439024,0,0.04878048780487805,3,4.0943445622221,7.681145747868608,0.0,0.0,0,7.375,764
exponent_mul,8,8,8.0,24,3,0,0,3,0,1,1,0,0,0,0,0,0,0,14,0,1,0,0,0,0,0,0,2,2,2,0,0,1,11,2,1.5454545454545454,0,2,0.14285714285714285,0,0.0,0,3.2188758248682006,4.898979485566356,0.0,0.0,0,0.0,213
exponent_sqrt,9,5,7.5,30,4,0,0,2,0,1,1,0,0,0,0,0,1,2,18,0,2,0,0,0,1,1,0,3,1,2,1,0,1,14,3,1.7142857142857142,0,2,0.1111111111111111,0,0.0,1,3.4339872044851463,5.477225575051661,0.0,0.0,0,0.0,281
exp_golomb_decoding,16,2,5.166666666666667,124,24,0,1,5,0,5,7,0,0,0,0,0,4,77,152,4,2,7,20,0,2,2,4,10,21,2,29,0,1,83,48,4.036144578313253,5,12,0.07894736842105263,4,0.0,22,4.8283137373023015,11.135528725660043,20.666666666666668,0.0,496,0.0,5726
exp_h7,4096,2,293.1034482758621,8500,29,0,9,2,0,0,8194,3,1,16,5,0,0,17,8358,9,5,12,0,0,0,5,16,4,3,2,12,0,1,9806,8203,5.036406281868244,75,8198,0.9808566642737497,16,0.002512562814070352,0,9.04793908261736,92.19544457292888,4689.6551724137935,0.04020100502512563,136000,4689.6551724137935,462416
ext,32,2,14.571428571428571,102,7,2,0,0,0,0,0,0,0,0,0,0,0,5,16,1,0,2,0,0,0,0,1,2,1,2,2,0,1,18,8,1.8888888888888888,0,0,0.0,1,0.0,0,4.634728988229636,10.099504938362077,14.571428571428571,0.0,102,0.0,353
extend,32,5,20.833333333333332,250,12,5,5,0,0,0,0,0,0,0,0,0,0,0,40,1,0,4,4,0,0,0,3,3,2,2,8,0,1,21,8,3.3333333333333335,0,0,0.0,3,0.0,4,5.5254529391317835,15.811388300841896,62.5,0.0,750,0.0,715
extender,6,2,4.25,17,4,0,0,0,0,0,7,1,0,0,0,0,0,0,18,1,0,0,2,0,0,0,1,2,1,2,2,0,1,20,11,2.25,1,8,0.4444444444444444,1,0.0,2,2.8903717578961645,4.123105625617661,4.25,0.0,17,0.0,602
extensorsinal,32,3,15.857142857142858,111,7,1,1,0,0,0,0,1,0,0,0,0,0,0,23,1,0,0,2,0,0,0,1,6,1,2,2,0,1,29,7,2.1379310344827585,0,1,0.043478260869565216,1,0.0,2,4.718498871295094,10.535653752852738,15.857142857142858,0.0,111,0.0,537
extint,8,3,5.5,11,2,0,0,1,0,0,0,1,1,112,0,0,0,18,81,1,0,8,0,0,0,0,2,1,2,2,8,0,1,23,65,6.086956521739131,1,2,0.024691358024691357,2,1.382716049382716,0,2.4849066497880004,3.3166247903554,11.0,2.765432098765432,22,616.0,1183
extraction_add,16,5,9.470588235294118,161,17,0,2,0,0,0,2,0,0,0,0,0,2,8,32,1,0,4,0,0,0,0,8,2,4,2,4,0,1,24,9,4.208333333333333,0,2,0.0625,8,0.0,0,5.087596335232384,12.68857754044952,75.76470588235294,0.0,1288,0.0,836
extraction_mul,16,5,9.909090909090908,109,11,0,2,0,0,1,1,0,0,0,2,1,0,2,29,1,0,1,0,0,0,0,6,2,4,2,1,0,1,24,6,2.7083333333333335,0,2,0.06896551724137931,8,0.10344827586206896,0,4.700480365792417,10.44030650891055,59.45454545454545,0.8275862068965517,872,9.909090909090908,621
ext_ram_ctrl,32,14,21.2,212,10,4,0,0,0,0,0,0,0,0,0,0,0,17,97,2,0,2,2,0,0,0,8,8,7,2,4,0,1,35,8,3.7714285714285714,0,0,0.0,8,0.0,2,5.3612921657094255,14.560219778561036,169.6,0.0,1696,0.0,2238
exu,2,2,2.0,2,1,0,0,0,0,0,46,0,1,0,0,0,0,0,344,0,4,11,0,0,0,60,2,15,20,2,11,0,1,190,60,3.0789473684210527,5,47,0.13662790697674418,2,0.0,0,1.0986122886681098,1.4142135623730951,4.0,0.0,4,0.0,8910
exu_alu_bjp,1,1,1.0,1,0,0,0,0,1,0,9,0,0,0,1,0,0,0,81,0,16,0,0,0,3,4,0,11,16,2,3,0,1,54,16,2.6666666666666665,3,9,0.1111111111111111,0,0.012345679012345678,3,0.6931471805599453,1.0,0.0,0.0,0,0.0,1965
exu_alu_dpath,5,5,5.0,10,2,0,0,0,0,3,66,1,0,34,47,1,2,4,437,0,26,82,0,0,8,76,0,51,9,2,90,0,1,153,76,4.862745098039215,8,70,0.16018306636155608,2,0.18764302059496568,8,2.3978952727983707,3.1622776601683795,0.0,0.37528604118993136,20,175.0,11881
exu_alu_rglr,1,1,1.0,1,0,0,0,0,1,0,9,0,0,1,0,0,0,0,76,0,16,0,0,0,2,3,0,10,16,2,2,0,1,54,16,2.611111111111111,3,9,0.11842105263157894,0,0.013157894736842105,2,0.6931471805599453,1.0,0.0,0.0,0,1.0,2108
exu_branchslv,1,1,1.0,1,0,0,0,0,1,0,5,0,0,2,1,1,0,0,33,0,4,0,0,0,2,1,0,7,4,2,2,0,1,24,7,2.2916666666666665,0,5,0.15151515151515152,2,0.12121212121212122,2,0.6931471805599453,1.0,0.0,0.24242424242424243,2,3.0,827
exu_decode,20,2,4.7631578947368425,181,38,0,0,1,0,0,26,0,0,102,42,0,0,29,308,0,57,0,0,0,0,110,0,3,16,2,0,0,1,204,110,4.004901960784314,14,26,0.08441558441558442,0,0.4675324675324675,0,5.204006687076795,13.45362404707371,0.0,0.0,0,485.8421052631579,11308
exu_disp,1,1,1.0,1,0,0,0,0,1,0,19,0,0,5,2,0,0,0,103,0,18,0,0,0,1,5,0,21,18,2,1,0,1,58,21,3.086206896551724,3,19,0.18446601941747573,0,0.06796116504854369,1,0.6931471805599453,1.0,0.0,0.0,0,5.0,2530
exu_oitf,1,1,1.0,1,0,0,0,0,1,3,23,0,0,15,5,0,0,13,120,0,21,1,0,1,2,23,0,10,9,2,3,0,1,76,34,4.25,4,26,0.21666666666666667,0,0.16666666666666666,2,0.6931471805599453,1.0,0.0,0.0,0,15.0,4019
exu_regfile,1,1,1.0,1,0,0,0,0,1,1,10,0,0,1,0,0,0,3,43,0,6,1,0,1,0,2,2,7,3,2,1,0,1,38,12,2.526315789473684,1,11,0.2558139534883721,2,0.023255813953488372,0,0.6931471805599453,1.0,2.0,0.046511627906976744,2,1.0,995
ex_check,11,2,7.571428571428571,53,7,0,0,0,0,0,0,0,1,2,0,0,0,16,48,1,1,3,0,0,0,0,3,3,4,2,3,0,1,29,8,2.7241379310344827,0,1,0.020833333333333332,3,0.041666666666666664,0,3.9889840465642745,7.280109889280518,22.714285714285715,0.125,159,15.142857142857142,635
ex_forwarding_unit,5,2,4.0,24,6,0,0,0,0,0,0,1,1,28,0,0,0,18,35,1,0,4,0,0,0,0,24,6,2,2,4,0,1,24,9,3.0833333333333335,0,2,0.05714285714285714,24,0.8,0,3.2188758248682006,4.898979485566356,96.0,19.200000000000003,576,112.0,1302
ex_mem,32,2,14.8,148,10,4,0,0,0,0,0,0,0,0,0,0,0,0,96,0,0,0,0,0,0,0,10,7,6,2,0,0,1,48,21,3.75,3,0,0.0,10,0.0,0,5.003946305945459,12.165525060596439,148.0,0.0,1480,0.0,2354
ex_memreg,32,5,18.5,74,4,2,0,0,0,0,0,0,0,0,0,0,0,7,26,1,0,0,0,0,0,0,3,5,3,2,0,0,1,25,5,2.52,0,0,0.0,3,0.0,0,4.31748811353631,8.602325267042627,55.5,0.0,222,0.0,734
ex_mem_reg,32,2,13.5,162,12,4,0,0,0,0,0,0,1,0,0,0,0,1,54,1,0,1,0,0,0,0,9,11,9,2,1,0,1,38,11,2.710526315789474,1,1,0.018518518518518517,9,0.0,0,5.093750200806762,12.727922061357855,121.5,0.0,1458,0.0,1627
ex_mem_register,32,5,18.5,148,8,4,0,0,0,0,0,0,1,0,0,0,0,1,37,1,0,1,0,0,0,0,5,5,5,2,1,0,1,26,5,2.076923076923077,0,1,0.02702702702702703,5,0.0,0,5.003946305945459,12.165525060596439,92.5,0.0,740,0.0,598
ex_mem_stage_reg,32,5,23.0,207,9,6,0,0,0,0,0,0,0,0,0,0,0,32,80,1,0,2,0,0,0,0,41,8,6,2,2,0,1,42,18,4.071428571428571,1,0,0.0,41,0.0,0,5.337538079701318,14.38749456993816,943.0,0.0,8487,0.0,2263
ex_pipe_stage,32,2,23.23076923076923,302,13,9,0,0,0,0,0,0,1,0,0,0,0,0,69,0,0,0,0,0,0,4,4,8,2,2,0,0,1,43,8,2.2093023255813953,0,1,0.014492753623188406,4,0.0,0,5.713732805509369,17.378147196982766,92.92307692307692,0.0,1208,0.0,1571
ex_reg,1,1,1.0,1,0,0,0,0,1,0,0,0,0,0,0,0,0,55,117,1,0,5,0,0,0,16,11,16,10,2,5,0,1,62,16,4.112903225806452,2,0,0.0,11,0.0,0,0.6931471805599453,1.0,11.0,0.0,11,0.0,4154
ex_stage,1,1,1.0,1,0,0,0,0,1,0,0,0,0,0,0,0,0,0,85,0,1,0,0,0,0,30,1,17,11,2,0,0,1,54,30,3.3703703703703702,3,0,0.0,1,0.0,0,0.6931471805599453,1.0,1.0,0.0,1,0.0,2512
e_cpu_io_bot_configmem,1,1,1.0,1,0,0,0,0,1,0,5,0,0,0,0,0,0,0,169,0,0,0,0,0,0,1,0,2,2,2,0,0,1,40,22,5.675,9,5,0.029585798816568046,0,0.0,0,0.6931471805599453,1.0,0.0,0.0,0,0.0,2691
e_cpu_io_configmem,1,1,1.0,1,0,0,0,0,1,0,5,0,0,0,0,0,0,0,169,0,0,0,0,0,0,1,0,2,2,2,0,0,1,40,22,5.675,9,5,0.029585798816568046,0,0.0,0,0.6931471805599453,1.0,0.0,0.0,0,0.0,2687
f,5,5,5.0,10,2,0,0,0,0,0,0,1,1,0,0,0,0,3,39,1,0,1,0,0,0,0,1,2,1,2,1,0,1,16,3,1.5625,0,2,0.05128205128205128,1,0.0,0,2.3978952727983707,3.1622776601683795,5.0,0.0,10,0.0,291
factorial_design,32,32,32.0,96,3,3,0,0,0,1,0,1,0,0,0,0,0,1,21,1,0,1,0,0,0,0,2,2,1,2,1,0,1,18,5,1.8333333333333333,0,2,0.09523809523809523,2,0.0,0,4.574710978503383,9.797958971132712,64.0,0.0,192,0.0,254
fadd711,17,2,7.3125,468,64,0,8,16,0,3,19,3,1,21,33,1,2,30,223,4,21,21,2,0,5,21,14,9,3,2,28,0,1,76,53,6.2894736842105265,12,26,0.11659192825112108,16,0.24663677130044842,7,6.150602768446279,21.633307652783937,102.375,3.9461883408071747,7488,160.875,6000
fadd711noclk,17,2,7.3125,468,64,0,8,16,0,3,19,4,1,21,33,1,2,8,225,4,21,21,2,0,5,21,14,8,3,2,28,0,1,74,53,6.391891891891892,12,27,0.12,16,0.24444444444444444,7,6.150602768446279,21.633307652783937,102.375,3.911111111111111,7488,160.875,5957
faddsub,25,8,20.25,81,4,0,0,1,0,1,1,0,1,0,0,1,0,0,45,1,0,1,0,0,0,0,3,3,3,2,1,0,1,26,4,2.6153846153846154,0,3,0.06666666666666667,5,0.022222222222222223,0,4.406719247264253,9.0,60.75,0.11111111111111112,405,20.25,354
fakecpu,32,6,24.714285714285715,173,7,5,0,0,0,3,0,1,0,0,0,0,0,19,141,2,4,3,2,0,0,8,22,4,4,2,5,0,1,64,15,3.703125,4,4,0.028368794326241134,22,0.0,2,5.159055299214529,13.152946437965905,543.7142857142858,0.0,3806,0.0,2937
fa_generic,1,1,1.0,1,0,0,0,0,1,1,9,0,0,0,0,0,0,1,19,0,0,0,0,1,0,5,0,2,2,2,0,0,1,25,10,2.6,0,10,0.5263157894736842,0,0.0,0,0.6931471805599453,1.0,0.0,0.0,0,0.0,371
fa_sub_4bit,4,3,3.75,15,4,0,0,0,0,0,0,0,1,0,0,1,0,0,84,0,1,0,0,0,0,2,0,2,2,2,0,0,1,18,3,1.8333333333333333,0,1,0.011904761904761904,2,0.011904761904761904,0,2.772588722239781,3.872983346207417,0.0,0.023809523809523808,30,3.75,588
fcn3b4b,4,3,3.5,7,2,0,0,0,0,0,0,0,1,16,2,7,0,8,53,1,2,1,0,0,0,1,1,6,1,2,1,0,1,29,9,3.0,0,1,0.018867924528301886,15,0.4716981132075472,0,2.0794415416798357,2.6457513110645907,3.5,7.0754716981132075,105,80.5,739
fcn4b3b,8,3,5.0,15,3,0,0,1,0,0,0,0,1,46,28,11,0,0,51,1,3,0,0,0,0,2,1,4,1,2,0,0,1,33,20,4.575757575757576,4,1,0.0196078431372549,23,1.6666666666666667,0,2.772588722239781,3.872983346207417,5.0,38.333333333333336,345,285.0,988
fcn5b,5,5,5.0,10,2,0,0,0,0,0,0,0,1,21,4,6,0,0,46,0,7,0,0,0,0,2,0,2,1,2,0,0,1,21,11,3.9047619047619047,4,1,0.021739130434782608,12,0.6739130434782609,0,2.3978952727983707,3.1622776601683795,0.0,8.08695652173913,120,135.0,629
fcn6b,6,3,4.5,9,2,0,0,0,0,0,0,0,1,15,4,6,0,0,41,0,5,0,0,0,0,1,0,3,1,2,0,0,1,21,9,3.2857142857142856,0,1,0.024390243902439025,12,0.6097560975609756,0,2.302585092994046,3.0,0.0,7.317073170731707,108,94.5,567
fcn6b5b,6,3,4.666666666666667,14,3,0,0,0,0,0,0,0,1,68,43,21,0,0,62,1,3,0,0,0,0,2,1,4,1,2,0,0,1,32,34,6.1875,8,1,0.016129032258064516,43,2.129032258064516,0,2.70805020110221,3.7416573867739413,4.666666666666667,91.54838709677419,602,415.33333333333337,1495
fcvt_w_s,32,8,19.7,197,10,3,0,4,0,6,3,1,0,0,0,0,1,11,83,1,0,15,0,1,0,1,7,1,1,2,15,0,1,36,25,3.9722222222222223,3,10,0.12048192771084337,7,0.0,0,5.288267030694535,14.035668847618199,137.9,0.0,1379,0.0,1504
fdiv,32,32,32.0,64,2,2,0,0,0,1,0,0,1,0,0,0,0,6,20,1,0,2,0,0,0,0,2,3,1,2,2,0,1,24,7,2.3333333333333335,0,2,0.1,2,0.0,0,4.174387269895637,8.0,64.0,0.0,128,0.0,559
fdiv711,24,2,11.299435028248588,2000,177,0,5,33,0,3,24,3,1,83,56,1,22,166,561,7,70,4,8,0,16,70,65,6,3,2,28,0,1,200,70,6.18,28,31,0.05525846702317291,67,0.24955436720142601,24,7.601402334583733,44.721359549995796,734.4632768361582,16.720142602495542,134000,949.1525423728814,16237
fd_logic,7,3,4.714285714285714,33,7,0,0,0,0,0,2,0,0,0,0,0,0,0,31,0,2,0,0,0,0,6,0,2,2,2,0,0,1,30,6,1.7333333333333334,0,2,0.06451612903225806,0,0.0,0,3.5263605246161616,5.744562646538029,0.0,0.0,0,0.0,617
fec_check,32,2,24.470588235294116,416,17,12,0,0,0,390,42,428,0,2,46,3,0,30,255,8,47,9,0,1,3,10,21,3,3,2,12,0,1,134,355,6.8283582089552235,14,860,3.372549019607843,27,0.2,3,6.0330862217988015,20.396078054371138,513.8823529411765,5.4,11232,122.35294117647058,12093
fec_gen,32,7,28.428571428571427,199,7,6,0,0,0,1,0,0,0,0,0,1,0,12,88,2,0,4,0,0,2,2,4,3,1,2,6,0,1,37,8,2.7027027027027026,0,1,0.011363636363636364,6,0.011363636363636364,2,5.298317366548036,14.106735979665885,113.71428571428571,0.06818181818181818,1194,28.428571428571427,896
fec_parity,32,32,32.0,96,3,3,0,0,0,0,0,0,0,0,0,488,0,0,234,0,32,0,0,0,0,0,0,2,1,2,0,0,1,9,261,65.88888888888889,4,0,0.0,976,2.0854700854700856,0,4.574710978503383,9.797958971132712,0.0,2035.4188034188035,93696,15616.0,5057
fec_rot_10,32,32,32.0,64,2,2,0,0,0,0,0,0,0,0,0,42,0,0,176,0,32,0,0,0,0,0,0,1,1,2,0,0,1,8,75,18.125,3,0,0.0,84,0.23863636363636365,0,4.174387269895637,8.0,0.0,20.045454545454547,5376,1344.0,1360
fec_rot_11,32,32,32.0,64,2,2,0,0,0,0,0,0,0,0,0,48,0,0,176,0,32,0,0,0,0,0,0,1,1,2,0,0,1,8,81,18.875,3,0,0.0,96,0.2727272727272727,0,4.174387269895637,8.0,0.0,26.18181818181818,6144,1536.0,1408
fec_rot_12,32,32,32.0,64,2,2,0,0,0,0,0,0,0,0,0,52,0,0,176,0,32,0,0,0,0,0,0,1,1,2,0,0,1,8,85,19.375,3,0,0.0,104,0.29545454545454547,0,4.174387269895637,8.0,0.0,30.72727272727273,6656,1664.0,1440
fec_rot_13,32,32,32.0,64,2,2,0,0,0,0,0,0,0,0,0,56,0,0,176,0,32,0,0,0,0,0,0,1,1,2,0,0,1,8,89,19.875,3,0,0.0,112,0.3181818181818182,0,4.174387269895637,8.0,0.0,35.63636363636363,7168,1792.0,1472
fec_rot_14,32,32,32.0,64,2,2,0,0,0,0,0,0,0,0,0,60,0,0,176,0,32,0,0,0,0,0,0,1,1,2,0,0,1,8,93,20.375,3,0,0.0,120,0.3409090909090909,0,4.174387269895637,8.0,0.0,40.90909090909091,7680,1920.0,1504
fec_rot_15,32,32,32.0,64,2,2,0,0,0,0,0,0,0,0,0,64,0,0,176,0,32,0,0,0,0,0,0,1,1,2,0,0,1,8,97,20.875,3,0,0.0,128,0.36363636363636365,0,4.174387269895637,8.0,0.0,46.54545454545455,8192,2048.0,1536
fec_rot_16,32,32,32.0,64,2,2,0,0,0,0,0,0,0,0,0,68,0,0,176,0,32,0,0,0,0,0,0,1,1,2,0,0,1,8,101,21.375,3,0,0.0,136,0.38636363636363635,0,4.174387269895637,8.0,0.0,52.54545454545455,8704,2176.0,1568
fec_rot_17,32,32,32.0,64,2,2,0,0,0,0,0,0,0,0,0,72,0,0,176,0,32,0,0,0,0,0,0,1,1,2,0,0,1,8,105,21.875,3,0,0.0,144,0.4090909090909091,0,4.174387269895637,8.0,0.0,58.909090909090914,9216,2304.0,1600
fec_rot_18,32,32,32.0,64,2,2,0,0,0,0,0,0,0,0,0,76,0,0,176,0,32,0,0,0,0,0,0,1,1,2,0,0,1,8,109,22.375,3,0,0.0,152,0.4318181818181818,0,4.174387269895637,8.0,0.0,65.63636363636364,9728,2432.0,1632
fec_rot_19,32,32,32.0,64,2,2,0,0,0,0,0,0,0,0,0,82,0,0,177,0,32,0,0,0,0,0,0,1,1,2,0,0,1,8,115,23.125,3,0,0.0,164,0.4632768361581921,0,4.174387269895637,8.0,0.0,75.9774011299435,10496,2624.0,1685
fec_rot_2,32,32,32.0,64,2,2,0,0,0,0,0,0,0,0,0,8,0,0,176,0,32,0,0,0,0,0,0,1,1,2,0,0,1,8,41,13.875,3,0,0.0,16,0.045454545454545456,0,4.174387269895637,8.0,0.0,0.7272727272727273,1024,256.0,1087
fec_rot_20,32,32,32.0,64,2,2,0,0,0,0,0,0,0,0,0,88,0,0,178,0,32,0,0,0,0,0,0,1,1,2,0,0,1,8,121,23.875,3,0,0.0,176,0.4943820224719101,0,4.174387269895637,8.0,0.0,87.01123595505618,11264,2816.0,1738
fec_rot_21,32,32,32.0,64,2,2,0,0,0,0,0,0,0,0,0,94,0,0,179,0,32,0,0,0,0,0,0,1,1,2,0,0,1,8,127,24.625,3,0,0.0,188,0.5251396648044693,0,4.174387269895637,8.0,0.0,98.72625698324022,12032,3008.0,1791
fec_rot_22,32,32,32.0,64,2,2,0,0,0,0,0,0,0,0,0,104,0,0,181,0,32,0,0,0,0,0,0,1,1,2,0,0,1,8,137,25.875,3,0,0.0,208,0.574585635359116,0,4.174387269895637,8.0,0.0,119.51381215469613,13312,3328.0,1881
fec_rot_23,32,32,32.0,64,2,2,0,0,0,0,0,0,0,0,0,116,0,0,184,0,32,0,0,0,0,0,0,1,1,2,0,0,1,8,149,27.375,3,0,0.0,232,0.6304347826086957,0,4.174387269895637,8.0,0.0,146.2608695652174,14848,3712.0,1988
fec_rot_24,32,32,32.0,64,2,2,0,0,0,0,0,0,0,0,0,128,0,0,187,0,32,0,0,0,0,0,0,1,1,2,0,0,1,8,161,28.875,3,0,0.0,256,0.6844919786096256,0,4.174387269895637,8.0,0.0,175.22994652406416,16384,4096.0,2095
fec_rot_25,32,32,32.0,64,2,2,0,0,0,0,0,0,0,0,0,140,0,0,189,0,32,0,0,0,0,0,0,1,1,2,0,0,1,8,173,30.375,3,0,0.0,280,0.7407407407407407,0,4.174387269895637,8.0,0.0,207.4074074074074,17920,4480.0,2197
fec_rot_26,32,32,32.0,64,2,2,0,0,0,0,0,0,0,0,0,152,0,0,191,0,32,0,0,0,0,0,0,1,1,2,0,0,1,8,185,31.875,3,0,0.0,304,0.7958115183246073,0,4.174387269895637,8.0,0.0,241.92670157068062,19456,4864.0,2299
fec_rot_27,32,32,32.0,64,2,2,0,0,0,0,0,0,0,0,0,164,0,0,193,0,32,0,0,0,0,0,0,1,1,2,0,0,1,8,197,33.375,3,0,0.0,328,0.8497409326424871,0,4.174387269895637,8.0,0.0,278.7150259067358,20992,5248.0,2401
fec_rot_28,32,32,32.0,64,2,2,0,0,0,0,0,0,0,0,0,178,0,0,195,0,32,0,0,0,0,0,0,1,1,2,0,0,1,8,211,35.125,3,0,0.0,356,0.9128205128205128,0,4.174387269895637,8.0,0.0,324.9641025641026,22784,5696.0,2519
fec_rot_29,32,32,32.0,64,2,2,0,0,0,0,0,0,0,0,0,192,0,0,197,0,32,0,0,0,0,0,0,1,1,2,0,0,1,8,225,36.875,3,0,0.0,384,0.9746192893401016,0,4.174387269895637,8.0,0.0,374.25380710659897,24576,6144.0,2637
fec_rot_3,32,32,32.0,64,2,2,0,0,0,0,0,0,0,0,0,12,0,0,176,0,32,0,0,0,0,0,0,1,1,2,0,0,1,8,45,14.375,3,0,0.0,24,0.06818181818181818,0,4.174387269895637,8.0,0.0,1.6363636363636362,1536,384.0,1119
fec_rot_30,32,32,32.0,64,2,2,0,0,0,0,0,0,0,0,0,204,0,0,198,0,32,0,0,0,0,0,0,1,1,2,0,0,1,8,237,38.375,3,0,0.0,408,1.0303030303030303,0,4.174387269895637,8.0,0.0,420.3636363636364,26112,6528.0,2734
fec_rot_31,32,32,32.0,64,2,2,0,0,0,0,0,0,0,0,0,218,0,0,198,0,32,0,0,0,0,0,0,1,1,2,0,0,1,8,251,40.125,3,0,0.0,436,1.101010101010101,0,4.174387269895637,8.0,0.0,480.04040404040404,27904,6976.0,2842
fec_rot_32,32,32,32.0,64,2,2,0,0,0,0,0,0,0,0,0,228,0,0,198,0,32,0,0,0,0,0,0,1,1,2,0,0,1,8,261,41.375,3,0,0.0,456,1.1515151515151516,0,4.174387269895637,8.0,0.0,525.0909090909091,29184,7296.0,2916
fec_rot_4,32,32,32.0,64,2,2,0,0,0,0,0,0,0,0,0,16,0,0,176,0,32,0,0,0,0,0,0,1,1,2,0,0,1,8,49,14.875,3,0,0.0,32,0.09090909090909091,0,4.174387269895637,8.0,0.0,2.909090909090909,2048,512.0,1151
fec_rot_5,32,32,32.0,64,2,2,0,0,0,0,0,0,0,0,0,20,0,0,176,0,32,0,0,0,0,0,0,1,1,2,0,0,1,8,53,15.375,3,0,0.0,40,0.11363636363636363,0,4.174387269895637,8.0,0.0,4.545454545454545,2560,640.0,1183
fec_rot_6,32,32,32.0,64,2,2,0,0,0,0,0,0,0,0,0,24,0,0,176,0,32,0,0,0,0,0,0,1,1,2,0,0,1,8,57,15.875,3,0,0.0,48,0.13636363636363635,0,4.174387269895637,8.0,0.0,6.545454545454545,3072,768.0,1215
fec_rot_7,32,32,32.0,64,2,2,0,0,0,0,0,0,0,0,0,28,0,0,176,0,32,0,0,0,0,0,0,1,1,2,0,0,1,8,61,16.375,3,0,0.0,56,0.1590909090909091,0,4.174387269895637,8.0,0.0,8.909090909090908,3584,896.0,1247
fec_rot_8,32,32,32.0,64,2,2,0,0,0,0,0,0,0,0,0,32,0,0,176,0,32,0,0,0,0,0,0,1,1,2,0,0,1,8,65,16.875,3,0,0.0,64,0.18181818181818182,0,4.174387269895637,8.0,0.0,11.636363636363637,4096,1024.0,1279
fec_rot_9,32,32,32.0,64,2,2,0,0,0,0,0,0,0,0,0,36,0,0,176,0,32,0,0,0,0,0,0,1,1,2,0,0,1,8,69,17.375,3,0,0.0,72,0.20454545454545456,0,4.174387269895637,8.0,0.0,14.727272727272728,4608,1152.0,1311
fec_rot_n2112,32,32,32.0,64,2,2,0,0,0,0,0,0,0,0,0,328,0,0,220,0,32,0,0,0,0,0,0,1,1,2,0,0,1,8,361,53.875,3,0,0.0,656,1.490909090909091,0,4.174387269895637,8.0,0.0,978.0363636363637,41984,10496.0,3775
feedback_ckt,8,8,8.0,40,5,0,0,5,0,0,0,0,0,0,0,0,0,2,36,1,2,1,0,0,0,2,1,2,1,2,1,0,1,29,4,1.9310344827586208,0,0,0.0,1,0.0,0,3.713572066704308,6.324555320336759,8.0,0.0,40,0.0,403
fetch,32,32,32.0,288,9,9,0,0,0,1,0,0,0,0,0,0,0,6,50,2,2,4,0,0,1,2,3,11,5,4,5,0,1,32,11,3.53125,1,1,0.02,3,0.0,1,5.666426688112432,16.97056274847714,96.0,0.0,864,0.0,1147
fetch8x8,512,2,116.88888888888889,2104,18,0,0,0,0,2,0,0,0,4,2,0,0,20,106,5,6,13,0,0,0,6,5,5,9,2,13,0,1,40,14,4.975,4,2,0.018867924528301886,5,0.05660377358490566,0,7.652070746116482,45.86937976471886,584.4444444444445,0.2830188679245283,10520,467.55555555555554,1910
fetch_cycle,32,32,32.0,224,7,7,0,0,0,0,0,0,0,0,0,0,0,10,85,1,3,1,0,0,3,2,14,3,2,2,4,0,1,49,11,2.3469387755102042,1,0,0.0,14,0.0,3,5.41610040220442,14.966629547095765,448.0,0.0,3136,0.0,1502
fetch_pipe,32,32,32.0,160,5,5,0,0,0,0,0,0,0,0,2,0,0,14,54,1,2,4,0,0,0,9,2,7,2,2,4,0,1,28,9,3.4642857142857144,0,0,0.0,2,0.037037037037037035,0,5.081404364984463,12.649110640673518,64.0,0.07407407407407407,320,0.0,1188
fetch_rv,62,30,35.833333333333336,430,12,3,0,0,0,1,0,0,1,9,1,0,0,22,130,3,11,18,0,0,2,5,7,8,7,2,20,0,1,47,12,4.638297872340425,4,2,0.015384615384615385,7,0.07692307692307693,2,6.066108090103747,20.73644135332772,250.83333333333334,0.5384615384615385,3010,322.5,2425
ff,1,1,1.0,1,0,0,0,0,1,0,0,0,0,0,0,0,0,1,11,1,0,1,0,0,0,0,1,1,1,2,1,0,1,13,4,1.6923076923076923,0,0,0.0,1,0.0,0,0.6931471805599453,1.0,1.0,0.0,1,0.0,128
ffe,1,1,1.0,1,0,0,0,0,1,0,4,0,0,0,0,0,0,0,53,0,0,5,0,0,0,10,7,5,1,2,5,0,1,28,10,3.2142857142857144,0,4,0.07547169811320754,7,0.0,0,0.6931471805599453,1.0,7.0,0.0,7,0.0,1199
ffe_controller,1,1,1.0,1,0,0,0,0,1,0,4,1,0,0,0,0,0,4,114,3,0,13,4,0,0,3,13,3,4,2,17,0,1,54,19,3.6666666666666665,2,5,0.043859649122807015,13,0.0,4,0.6931471805599453,1.0,13.0,0.0,13,0.0,2615
ffe_datapath,12,12,12.0,24,2,0,0,0,0,2,18,7,0,0,0,0,0,8,101,2,10,21,0,0,0,12,26,5,1,2,21,0,1,45,15,4.466666666666667,3,27,0.26732673267326734,26,0.0,0,3.2188758248682006,4.898979485566356,312.0,0.0,624,0.0,2809
fft,33,12,16.30188679245283,864,53,0,44,0,0,7,8,6,0,6,0,0,0,21,687,7,0,6,2,0,0,6,34,18,10,8,8,0,1,1594,526,2.464240903387704,7,21,0.03056768558951965,34,0.008733624454148471,2,6.762729506931879,29.393876913398138,554.2641509433962,0.296943231441048,29376,97.81132075471697,50179
fftstorebit,20,9,19.989278752436647,20509,1026,0,0,0,0,1,0,1,0,1,0,0,0,1029,3685,2,0,2565,0,0,0,0,1025,2,2560,2,2565,0,1,1044,1025,5.934865900383142,2,2,0.000542740841248304,1025,0.000271370420624152,0,9.928667851066427,143.20963654726592,20489.010721247563,0.2781546811397558,21021725,19.989278752436647,122479
fft_top,33,2,30.181818181818183,664,22,0,0,0,0,0,1,0,0,0,0,0,0,0,155,0,8,0,0,0,0,6,0,10,8,2,0,0,1,66,22,4.045454545454546,3,1,0.0064516129032258064,0,0.0,0,6.499787040655854,25.768197453450252,0.0,0.0,0,0.0,2940
fft_wrapper,32,5,16.272727272727273,179,11,2,6,0,0,1,2,2,1,0,0,0,0,3,77,1,1,1,0,0,2,8,3,7,3,2,3,0,1,37,8,2.972972972972973,0,6,0.07792207792207792,3,0.0,2,5.19295685089021,13.379088160259652,48.81818181818182,0.0,537,0.0,997
ff_checker,91,2,14.075829383886257,2970,211,12,6,157,0,9,1,0,1,27,18,0,4,358,640,39,0,108,0,0,75,3,70,10,4,2,183,0,1,155,83,8.87741935483871,30,11,0.0171875,70,0.0703125,75,7.9966538754626075,54.49770637375485,985.3080568720379,4.921875,207900,380.04739336492895,16548
fibonachi,32,32,32.0,96,3,3,0,0,0,1,0,0,1,0,0,0,0,1,25,1,0,1,0,0,0,0,3,2,1,2,1,0,1,18,6,2.111111111111111,0,2,0.08,3,0.0,0,4.574710978503383,9.797958971132712,96.0,0.0,288,0.0,398
fib_lfsr,5,4,4.666666666666667,14,3,0,0,0,0,0,0,0,1,0,0,1,0,0,36,1,0,1,0,0,0,0,1,3,1,2,1,0,1,15,6,1.6666666666666667,0,1,0.027777777777777776,3,0.027777777777777776,0,2.70805020110221,3.7416573867739413,4.666666666666667,0.08333333333333333,42,4.666666666666667,248
fifo,1,1,1.0,1,0,0,0,0,1,4,7,4,0,28,4,0,0,27,211,5,5,23,0,2,3,5,5,7,3,2,26,0,1,41,32,7.439024390243903,7,15,0.07109004739336493,5,0.15165876777251186,3,0.6931471805599453,1.0,5.0,0.7582938388625593,5,28.0,3948
fifo16,16384,1,523.9444444444445,18862,36,7,1,2,1,31,10,6,1,78,27,0,0,180,799,11,98,47,8,6,7,9,57,7,10,2,62,0,1,348,168,5.841954022988506,46,48,0.060075093867334166,57,0.13141426783479349,15,9.844957610345725,137.33899664698296,29864.833333333336,7.490613266583229,1075134,40867.666666666664,25195
fifo2axi,64,2,26.8,134,5,0,0,0,0,2,5,0,0,11,4,0,0,55,147,1,7,19,0,3,0,4,8,10,11,2,19,0,1,45,34,5.444444444444445,2,7,0.047619047619047616,8,0.10204081632653061,0,4.90527477843843,11.575836902790225,214.4,0.8163265306122449,1072,294.8,3559
fifomem,1,1,1.0,1,0,0,0,0,1,0,5,0,0,2,0,0,1,3,29,1,1,2,0,0,0,0,1,3,1,2,2,0,1,23,4,2.0869565217391304,0,5,0.1724137931034483,1,0.06896551724137931,0,0.6931471805599453,1.0,1.0,0.06896551724137931,1,2.0,423
fifo_counter,32,32,32.0,320,10,10,0,0,0,0,1,0,0,2,0,0,0,7,86,2,2,5,0,0,0,6,2,4,1,2,5,0,1,27,7,3.3703703703703702,0,1,0.011627906976744186,2,0.023255813953488372,0,5.771441123130016,17.88854381999832,64.0,0.046511627906976744,640,64.0,1112
fifo_odd_even,128,64,89.6,448,5,0,0,0,0,0,0,0,1,3,0,0,0,2,80,1,4,44,0,0,1,16,1,8,2,2,45,0,1,44,16,2.7045454545454546,1,1,0.0125,1,0.0375,1,6.1070228877422545,21.166010488516726,89.6,0.0375,448,268.79999999999995,1341
fifo_out,32,3,20.5,451,22,12,0,0,0,4,10,0,1,156,8,0,10,477,840,62,0,200,14,0,65,32,60,2,10,2,279,0,1,199,144,10.165829145728644,27,15,0.017857142857142856,60,0.19523809523809524,79,6.113682179832232,21.236760581595302,1230.0,11.714285714285714,27060,3198.0,22598
fifo_register,5,5,5.0,25,5,0,0,0,0,0,0,0,0,0,0,0,0,0,71,1,1,107,2,0,0,2,128,7,1,2,109,0,1,90,33,3.3333333333333335,4,0,0.0,128,0.0,2,3.258096538021482,5.0,640.0,0.0,3200,0.0,3086
fifo_w16_d16_a,1,1,1.0,1,0,0,0,0,1,5,13,0,1,12,2,0,0,24,126,2,7,54,0,1,1,3,4,11,4,4,55,0,1,56,12,4.142857142857143,2,19,0.15079365079365079,4,0.1111111111111111,1,0.6931471805599453,1.0,4.0,0.4444444444444444,4,12.0,2692
fifo_w16_d1_a,1,1,1.0,1,0,0,0,0,1,5,13,0,1,12,2,0,0,24,126,2,7,54,0,1,1,3,4,11,4,4,55,0,1,55,12,4.218181818181818,2,19,0.15079365079365079,4,0.1111111111111111,1,0.6931471805599453,1.0,4.0,0.4444444444444444,4,12.0,2686
fifo_w16_d81_a,1,1,1.0,1,0,0,0,0,1,3,16,2,1,13,1,0,0,39,165,11,7,41,0,0,5,14,11,7,3,2,46,0,1,48,21,6.625,13,22,0.13333333333333333,11,0.08484848484848485,5,0.6931471805599453,1.0,11.0,0.9333333333333333,11,13.0,3252
fiftyfivenm_adcblock_top_wrapper,12,5,7.333333333333333,22,3,0,0,0,0,0,0,0,1,0,0,0,0,0,252,0,0,2,0,0,0,1,0,8,3,2,2,0,1,52,30,4.4423076923076925,3,1,0.003968253968253968,0,0.0,0,3.1354942159291497,4.69041575982343,0.0,0.0,0,0.0,5297
file_reg,32,5,21.875,175,8,5,0,0,0,0,0,0,0,0,0,0,0,3,30,1,0,1,0,0,0,0,8,6,2,2,1,0,1,21,6,2.0,0,0,0.0,8,0.0,0,5.170483995038151,13.228756555322953,175.0,0.0,1400,0.0,419
filo,5,5,5.0,5,1,0,0,0,0,2,10,0,0,0,0,0,0,23,127,1,3,7,2,1,0,3,14,2,8,2,9,0,1,44,12,3.6363636363636362,2,12,0.09448818897637795,14,0.0,2,1.791759469228055,2.23606797749979,70.0,0.0,70,0.0,1735
filterbank,46,3,12.571428571428571,792,63,0,2,2,0,20,6,0,0,41,21,0,0,103,563,36,2,71,6,0,0,2,94,7,9,2,77,0,1,127,59,8.125984251968504,20,26,0.046181172291296625,94,0.11012433392539965,6,6.675823221634848,28.142494558940577,1181.7142857142858,10.351687388987568,74448,515.4285714285714,10013
final,128,8,62.18181818181818,684,11,1,1,1,0,0,1,2,0,0,0,0,0,0,125,0,0,0,0,0,0,15,0,6,3,2,0,0,1,57,15,2.807017543859649,1,3,0.024,0,0.0,0,6.529418838262226,26.153393661244042,0.0,0.0,0,0.0,2227
final_output_generator,50,2,10.666666666666666,896,84,1,1,5,0,9,0,3,0,4,3,0,63,129,520,3,8,4,16,0,7,4,3,12,3,2,27,0,1,113,122,4.442477876106195,7,12,0.023076923076923078,3,0.013461538461538462,23,6.799055862058796,29.93325909419153,32.0,0.04038461538461539,2688,42.666666666666664,11317
find_nearest_weighted,9,3,7.5,30,4,0,0,0,0,1,9,1,0,0,0,0,0,537,2012,3,0,5,6,0,2,2,6,3,2,2,13,0,1,1352,282,2.3165680473372783,7,11,0.0054671968190854875,6,0.0,8,3.4339872044851463,5.477225575051661,45.0,0.0,180,0.0,46594
fir,32,2,9.736842105263158,185,19,4,0,0,0,5,31,2,0,22,0,0,2,60,948,3,23,32,2,145,0,39,301,15,21,2,34,0,1,138,58,9.057971014492754,40,38,0.04008438818565401,301,0.023206751054852322,2,5.225746673713202,13.601470508735444,2930.7894736842104,6.985232067510549,55685,214.21052631578948,28199
firfilt,53,12,33.72074468085106,12679,376,53,57,0,0,52,0,51,1,0,0,0,0,112,898,2,264,4,0,0,0,263,6,4,8,2,4,0,1,373,375,6.008042895442359,5,104,0.11581291759465479,6,0.0,0,9.447781227991216,112.60106571431729,202.3244680851064,0.0,76074,0.0,30573
fir_100m_10_7m_bpf,46,8,20.474254742547426,7555,369,0,10,2,0,121,82,0,1,0,0,0,0,98,1054,2,274,4,0,0,0,273,6,4,5,2,4,0,1,381,553,7.028871391076115,13,204,0.1935483870967742,6,0.0,0,8.9300972286214,86.91950298983537,122.84552845528455,0.0,45330,0.0,38354
fir_125k_10k_lpf,41,12,23.94610778443114,7998,334,0,0,0,0,108,73,0,1,0,0,0,0,88,951,2,244,4,0,0,0,243,6,4,5,2,4,0,1,345,500,6.982608695652174,12,182,0.19137749737118823,6,0.0,0,8.987071812848821,89.43153806124549,143.67664670658684,0.0,47988,0.0,34413
fir_125k_6k_hpf,161,12,26.1609907120743,33800,1292,0,163,0,0,386,243,0,1,0,0,0,0,330,3371,2,964,4,0,0,2,963,6,4,5,2,6,0,1,1243,1914,7.323411102172164,15,630,0.1868881637496292,6,0.0,2,10.428245666832275,183.84776310850236,156.96594427244582,0.0,202800,0.0,132788
fir_50k_5k_lpf,121,12,23.008221993833505,22387,973,0,16,0,0,245,164,0,1,0,0,0,0,252,2471,2,714,4,0,0,4,713,6,4,5,2,8,0,1,929,1349,7.092572658772874,13,410,0.1659247268312424,6,0.0,4,10.016280380011251,149.62285921609705,138.04933196300104,0.0,134322,0.0,94283
fir_ham_v_33,36,13,31.18936877076412,9388,301,33,35,0,0,33,0,32,1,0,0,0,1,79,678,2,195,4,0,0,0,192,16,4,15,2,4,0,1,278,265,5.816546762589928,5,66,0.09734513274336283,16,0.0,0,9.147294070258548,96.8916921103146,499.0299003322259,0.0,150208,0.0,21935
fir_interp,37,2,25.323809523809523,2659,105,24,38,0,0,12,0,12,1,2,0,0,0,78,391,6,72,13,0,0,13,62,10,4,7,2,26,0,1,138,98,6.028985507246377,15,25,0.0639386189258312,10,0.005115089514066497,13,7.886081401775745,51.56549233741495,253.23809523809524,0.05115089514066497,26590,50.647619047619045,12146
five_to_twenty,3,3,3.0,3,1,0,0,0,0,1,3,4,0,2,1,0,0,6,68,1,2,4,0,0,0,0,2,4,3,2,4,0,1,26,7,2.8461538461538463,0,8,0.11764705882352941,2,0.04411764705882353,0,1.3862943611198906,1.7320508075688772,6.0,0.08823529411764706,6,6.0,717
fixed_to_float,32,5,22.0,132,6,3,0,1,0,1,5,0,0,1,0,0,1,2,55,0,2,0,0,0,1,4,0,2,1,2,1,0,1,27,4,2.037037037037037,0,6,0.10909090909090909,0,0.01818181818181818,1,4.890349128221754,11.489125293076057,0.0,0.0,0,22.0,740
fix_0xff,32,3,15.595238095238095,655,42,14,1,22,0,9,0,235,0,8,0,0,0,64,448,22,70,0,60,0,0,70,55,6,5,2,60,0,1,50,98,18.2,31,244,0.5446428571428571,55,0.017857142857142856,60,6.486160788944089,25.592967784139454,857.7380952380952,0.9821428571428571,36025,124.76190476190476,12137
fix_0xff2,32,2,14.202702702702704,1051,74,1,22,28,0,13,0,375,0,23,0,0,0,114,1174,22,139,0,336,0,0,139,62,7,4,2,336,0,1,50,181,40.54,35,388,0.33049403747870526,62,0.019591141396933562,336,6.9584483932976555,32.41913015489465,880.5675675675676,1.214650766609881,65162,326.6621621621622,38505
flag,32,3,22.333333333333332,67,3,2,0,0,0,0,0,1,1,0,0,0,0,6,47,1,0,0,2,0,6,0,1,17,1,2,8,0,1,25,8,2.0,0,2,0.0425531914893617,1,0.0,8,4.219507705176107,8.18535277187245,22.333333333333332,0.0,67,0.0,602
flagregister,8,3,5.0,15,3,0,0,1,0,0,0,0,1,0,0,0,0,8,39,1,2,0,0,0,0,0,1,4,2,2,0,0,1,21,12,2.4285714285714284,1,1,0.02564102564102564,1,0.0,0,2.772588722239781,3.872983346207417,5.0,0.0,15,0.0,839
flags,64,64,64.0,128,2,0,0,0,0,0,0,0,0,0,0,0,0,7,15,0,3,0,0,0,3,0,0,2,1,2,3,0,1,11,8,3.0,0,0,0.0,0,0.0,3,4.859812404361672,11.313708498984761,0.0,0.0,0,0.0,392
flag_array,1,1,1.0,1,0,0,0,0,1,0,3,0,0,0,0,0,1,12,67,2,0,2,0,0,0,0,4,3,1,2,2,0,1,32,5,2.625,0,3,0.04477611940298507,4,0.0,0,0.6931471805599453,1.0,4.0,0.0,4,0.0,759
flag_buf,1,1,1.0,1,0,0,0,0,1,0,3,1,0,0,0,0,0,4,60,2,2,3,0,0,0,5,12,3,2,2,3,0,1,29,5,2.6206896551724137,0,4,0.06666666666666667,12,0.0,0,0.6931471805599453,1.0,12.0,0.0,12,0.0,842
flag_sync_cpld,3,2,2.5,5,2,0,0,0,0,0,0,0,1,0,0,2,0,4,44,2,1,2,0,0,0,6,2,5,1,2,2,0,1,26,6,2.6153846153846154,0,1,0.022727272727272728,6,0.045454545454545456,0,1.791759469228055,2.23606797749979,5.0,0.2727272727272727,30,5.0,742
flexbex_ibex_alu,34,5,27.875,669,24,12,0,0,0,3,2,5,0,3,2,4,1,10,141,5,19,31,8,2,4,25,5,6,5,2,43,0,1,83,25,3.9879518072289155,2,10,0.07092198581560284,13,0.06382978723404255,12,6.507277712385012,25.865034312755125,139.375,0.8297872340425532,8697,195.125,3857
flexbex_ibex_compressed_decoder,32,2,4.481012658227848,354,79,2,0,1,0,0,0,1,0,0,2,0,0,17,123,1,1,15,12,0,0,2,2,1,3,2,27,0,1,54,118,7.166666666666667,8,1,0.008130081300813009,2,0.016260162601626018,12,5.872117789475416,18.81488772222678,8.962025316455696,0.032520325203252036,708,0.0,4617
flexbex_ibex_controller,6,3,4.636363636363637,51,11,0,0,0,0,0,0,1,0,22,23,0,0,4,363,2,2,37,6,0,1,26,30,25,26,2,44,0,1,99,56,6.96969696969697,15,1,0.0027548209366391185,30,0.12396694214876033,7,3.9512437185814275,7.14142842854285,139.0909090909091,3.71900826446281,1530,102.0,7957
flexbex_ibex_decoder,32,1,5.564102564102564,217,39,1,0,0,1,0,0,1,0,0,8,0,0,13,431,1,8,19,18,0,18,14,55,6,29,2,55,0,1,137,54,6.401459854014599,22,1,0.002320185614849188,55,0.018561484918793503,36,5.384495062789089,14.730919862656235,306.025641025641,1.0208816705336425,11935,0.0,11050
flexbex_ibex_efpga,32,2,17.5,140,8,4,0,0,0,1,0,0,0,2,1,0,0,21,83,1,1,4,4,0,0,10,4,9,3,2,8,0,1,41,10,3.2439024390243905,0,1,0.012048192771084338,4,0.03614457831325301,4,4.948759890378168,11.832159566199232,70.0,0.14457831325301204,560,35.0,1436
flexbex_ibex_ex_block,34,1,24.181818181818183,532,22,13,0,0,1,0,0,1,0,0,2,0,0,0,157,1,7,1,2,0,3,37,4,20,6,2,6,0,1,97,37,2.814432989690722,2,1,0.006369426751592357,4,0.012738853503184714,5,6.278521424165844,23.065125189341593,96.72727272727273,0.050955414012738856,2128,0.0,3745
flexbex_ibex_fetch_fifo,96,2,35.06896551724138,1017,29,7,3,0,0,12,4,6,0,3,2,0,0,13,150,5,10,15,0,1,3,17,14,7,5,2,18,0,1,61,17,5.065573770491803,6,22,0.14666666666666667,14,0.03333333333333333,3,6.925595197110468,31.89043743820395,490.9655172413793,0.4666666666666667,14238,105.20689655172414,3590
flexbex_ibex_if_stage,32,3,26.565217391304348,611,23,14,0,0,0,0,0,3,0,4,1,0,0,13,199,5,5,28,4,0,0,31,15,17,11,2,32,0,1,100,31,3.75,7,3,0.01507537688442211,15,0.02512562814070352,4,6.416732282512326,24.71841418861655,398.4782608695652,0.3768844221105528,9165,106.26086956521739,4342
flexbex_ibex_int_controller,5,2,4.0,24,6,0,0,0,0,0,0,1,0,2,0,0,0,5,75,2,3,2,4,0,0,10,4,7,2,2,6,0,1,38,10,3.0526315789473686,0,1,0.013333333333333334,4,0.02666666666666667,4,3.2188758248682006,4.898979485566356,16.0,0.10666666666666667,96,8.0,1185
flexbex_ibex_load_store_unit,32,2,14.65625,938,64,16,10,16,0,0,1,8,0,4,3,0,0,21,318,10,11,27,24,0,3,24,24,13,13,2,54,0,1,91,31,6.802197802197802,21,9,0.02830188679245283,24,0.0220125786163522,27,6.844815479208263,30.62678566222711,351.75,0.5283018867924528,22512,58.625,7618
flexbex_ibex_multdiv_fast,35,2,23.78787878787879,1570,66,24,19,0,0,1,1,4,0,7,2,2,1,28,261,4,13,12,6,0,10,24,24,11,4,2,28,0,1,90,24,6.177777777777778,13,6,0.022988505747126436,28,0.0421455938697318,16,7.359467638255621,39.6232255123179,570.909090909091,1.1800766283524904,43960,214.0909090909091,7104
flexbex_ibex_prefetch_buffer,32,2,25.8,258,10,7,0,0,0,1,0,1,0,4,5,0,0,5,149,2,3,26,2,0,4,16,7,9,6,2,32,0,1,63,16,4.301587301587301,6,2,0.013422818791946308,7,0.06040268456375839,6,5.556828061699537,16.06237840420901,180.6,0.4228187919463087,1806,103.2,2759
flexbex_ibex_register_file,32,1,13.333333333333334,80,6,2,0,0,1,15,84,15,0,0,0,0,0,27,76,2,4,2,0,2,24,11,15,9,2,2,26,0,1,49,65,4.489795918367347,3,114,1.5,15,0.0,24,4.394449154672439,8.94427190999916,200.0,0.0,1200,0.0,2888
flex_counter_master,1,1,1.0,3,3,0,0,0,3,2,5,3,0,3,0,1,0,13,60,5,3,8,0,1,1,9,4,5,2,2,9,0,1,38,12,3.8157894736842106,2,10,0.16666666666666666,6,0.06666666666666667,1,1.3862943611198906,1.7320508075688772,4.0,0.4,18,4.0,1506
flex_counter_reg,1,1,1.0,1,0,0,0,0,1,1,3,1,0,1,0,0,0,10,56,2,0,7,0,0,0,7,6,7,2,2,7,0,1,32,8,3.5625,0,5,0.08928571428571429,6,0.017857142857142856,0,0.6931471805599453,1.0,6.0,0.10714285714285714,6,1.0,1162
flex_counter_spi,1,1,1.0,1,0,0,0,0,1,1,4,1,0,0,0,0,0,7,51,2,2,5,0,0,1,7,4,5,2,2,6,0,1,30,7,3.433333333333333,0,6,0.11764705882352941,4,0.0,1,0.6931471805599453,1.0,4.0,0.0,4,0.0,1198
flex_sr_spi,1,1,1.0,1,0,0,0,0,1,0,9,1,0,1,0,0,0,4,59,2,2,20,0,0,1,12,2,10,2,2,21,0,1,34,12,3.9705882352941178,3,10,0.1694915254237288,2,0.01694915254237288,1,0.6931471805599453,1.0,2.0,0.03389830508474576,2,1.0,1285
flex_stp_sr,1,1,1.0,1,0,0,0,0,1,1,5,1,0,0,0,0,0,6,34,2,0,6,0,1,0,4,2,4,1,2,6,0,1,29,7,2.6206896551724137,0,7,0.20588235294117646,2,0.0,0,0.6931471805599453,1.0,2.0,0.0,2,0.0,772
flipflop,1,1,1.0,1,0,0,0,0,1,0,0,0,1,0,0,0,0,3,25,1,0,1,0,0,0,0,1,4,1,2,1,0,1,19,4,1.631578947368421,0,1,0.04,1,0.0,0,0.6931471805599453,1.0,1.0,0.0,1,0.0,247
flip_flop_data,1,1,1.0,1,0,0,0,0,1,0,3,0,0,0,0,0,0,2,18,1,0,0,0,0,0,0,2,2,1,2,0,0,1,16,4,1.625,0,3,0.16666666666666666,2,0.0,0,0.6931471805599453,1.0,2.0,0.0,2,0.0,272
floata,16,4,10.4,52,5,0,1,0,0,0,0,0,0,1,0,0,1,19,144,1,4,0,2,0,106,4,1,3,2,2,108,0,1,50,19,2.74,3,0,0.0,1,0.006944444444444444,108,3.970291913552122,7.211102550927978,10.4,0.006944444444444444,52,10.4,1985
float_add,16,2,8.8125,141,16,0,3,0,0,0,0,0,1,0,0,0,0,0,78,0,0,9,0,0,0,17,0,5,3,2,9,0,1,97,23,2.8969072164948453,3,1,0.01282051282051282,0,0.0,0,4.955827057601261,11.874342087037917,0.0,0.0,0,0.0,1615
float_to_fixed,32,3,16.444444444444443,148,9,3,0,2,0,1,5,0,0,0,1,0,1,2,51,0,2,7,0,0,1,6,0,1,2,2,8,0,1,23,6,2.1739130434782608,0,6,0.11764705882352941,0,0.0196078431372549,1,5.003946305945459,12.165525060596439,0.0,0.0,0,0.0,691
flopenr,1,1,1.0,1,0,0,0,0,1,0,2,0,1,0,0,0,0,2,20,1,0,2,0,0,0,0,0,2,1,2,2,0,1,20,3,1.6,0,3,0.15,0,0.0,0,0.6931471805599453,1.0,0.0,0.0,0,0.0,238
flopenrc,1,1,1.0,1,0,0,0,0,1,0,2,0,1,0,0,0,0,3,17,1,0,3,0,0,0,0,1,3,1,2,3,0,1,19,4,1.894736842105263,0,3,0.17647058823529413,1,0.0,0,0.6931471805599453,1.0,1.0,0.0,1,0.0,334
flopr,32,32,32.0,64,2,2,0,0,0,0,0,0,0,0,0,0,0,2,9,1,0,1,0,0,0,2,1,2,1,2,1,0,1,16,3,1.5625,0,0,0.0,1,0.0,0,4.174387269895637,8.0,32.0,0.0,64,0.0,169
floprc,1,1,1.0,1,0,0,0,0,1,0,2,0,1,0,0,0,0,3,16,1,0,2,0,0,0,0,1,2,1,2,2,0,1,18,4,1.7777777777777777,0,3,0.1875,1,0.0,0,0.6931471805599453,1.0,1.0,0.0,1,0.0,303
flush,3,3,3.0,3,1,0,0,0,0,0,0,1,0,0,0,0,0,13,22,1,0,6,0,0,0,0,1,3,1,2,6,0,1,15,8,2.933333333333333,0,1,0.045454545454545456,1,0.0,0,1.3862943611198906,1.7320508075688772,3.0,0.0,3,0.0,485
fmul711,18,2,7.854166666666667,377,48,0,6,9,0,3,1,2,1,21,24,1,0,10,181,2,22,1,2,0,5,22,9,9,3,2,8,0,1,61,22,4.180327868852459,4,7,0.03867403314917127,11,0.2541436464088398,7,5.934894195619588,19.4164878389476,70.6875,2.7955801104972378,4147,172.79166666666669,3699
fmul711noclk,18,2,7.854166666666667,377,48,0,6,9,0,3,1,3,1,21,24,1,0,0,182,2,22,1,2,0,5,22,9,8,3,2,8,0,1,59,22,4.237288135593221,4,8,0.04395604395604396,11,0.25274725274725274,7,5.934894195619588,19.4164878389476,70.6875,2.78021978021978,4147,172.79166666666669,3669
fmult,16,4,9.529411764705882,162,17,0,2,2,0,3,4,2,0,0,0,1,3,21,126,1,10,0,2,0,82,10,1,11,6,2,84,0,1,76,17,2.5,4,9,0.07142857142857142,3,0.007936507936507936,84,5.093750200806762,12.727922061357855,9.529411764705882,0.023809523809523808,486,9.529411764705882,2077
fmult_accum,16,4,13.75,165,12,0,4,0,0,10,0,0,0,0,0,0,0,84,235,1,0,2,2,0,0,2,5,4,3,2,4,0,1,76,24,4.947368421052632,12,10,0.0425531914893617,5,0.0,2,5.111987788356544,12.84523257866513,68.75,0.0,825,0.0,4217
fm_modulate,14,2,8.25,66,8,0,0,5,0,2,18,4,1,0,0,2,0,279,372,11,1,6,6,0,0,0,11,5,1,2,12,0,1,302,288,4.21523178807947,6,25,0.06720430107526881,15,0.005376344086021506,6,4.204692619390966,8.12403840463596,90.75,0.08064516129032259,990,16.5,14691
fnd_position_mux_4x1,4,2,3.5,14,4,0,0,0,0,0,0,0,1,0,0,0,0,0,41,1,1,0,2,0,0,0,1,2,1,2,2,0,1,24,6,1.5416666666666667,0,1,0.024390243902439025,1,0.0,2,2.70805020110221,3.7416573867739413,3.5,0.0,14,0.0,460
font_rom,24,11,15.333333333333334,46,3,0,0,0,0,0,0,0,0,0,0,0,0,2027,2221,1,0,0,2,0,0,0,2,2,1,2,2,0,1,2390,2027,2.5518828451882847,30,0,0.0,2,0.0,2,3.8501476017100584,6.782329983125268,30.666666666666668,0.0,92,0.0,99198
fooart_core,16,2,7.181818181818182,79,11,0,1,7,0,0,0,0,0,15,0,0,0,42,153,1,4,9,4,0,6,13,15,9,5,2,19,0,1,75,29,3.7866666666666666,5,0,0.0,15,0.09803921568627451,10,4.382026634673881,8.888194417315589,107.72727272727272,1.4705882352941175,1185,107.72727272727272,4009
force_end,26,2,19.375,155,8,0,0,0,0,1,0,39,0,0,0,0,0,4,86,6,3,0,16,0,0,3,6,4,1,2,16,0,1,31,16,5.032258064516129,3,40,0.46511627906976744,6,0.0,16,5.049856007249537,12.449899597988733,116.25,0.0,930,0.0,1769
forney,8,8,8.0,32,4,0,0,4,0,0,0,0,0,0,0,0,0,4,60,1,0,1,0,1,0,2,2,2,1,2,1,0,1,38,10,2.263157894736842,0,0,0.0,2,0.0,0,3.4965075614664802,5.656854249492381,16.0,0.0,64,0.0,625
forward,32,2,10.25,41,4,1,0,0,0,0,0,1,0,32,0,0,0,34,60,1,0,6,0,0,0,0,1,4,1,2,6,0,1,31,12,4.096774193548387,2,1,0.016666666666666666,1,0.5333333333333333,0,3.7376696182833684,6.4031242374328485,10.25,0.5333333333333333,41,328.0,1670
forwarding,1,1,1.0,1,0,0,0,0,1,0,4,2,0,8,0,0,0,6,50,2,0,6,0,10,0,0,8,6,2,2,6,0,1,25,8,3.48,0,6,0.12,8,0.16,0,0.6931471805599453,1.0,8.0,1.28,8,8.0,1578
forwardingmux,32,2,22.0,66,3,2,0,0,0,0,0,1,0,0,0,0,0,0,26,1,0,0,2,0,0,0,1,2,1,2,2,0,1,20,6,1.75,0,1,0.038461538461538464,1,0.0,2,4.204692619390966,8.12403840463596,22.0,0.0,66,0.0,373
forwardingunit,5,2,4.25,34,8,0,0,0,0,0,0,1,2,20,4,0,0,8,97,1,0,4,0,8,0,0,2,9,2,2,4,0,1,26,9,2.6923076923076925,0,3,0.030927835051546393,2,0.24742268041237114,0,3.5553480614894135,5.830951894845301,8.5,0.4948453608247423,68,85.0,1041
forwarding_control,5,2,3.0,9,3,0,0,0,0,0,0,0,0,12,0,0,0,18,49,1,8,12,0,23,8,2,40,2,2,2,20,0,1,37,9,3.864864864864865,0,0,0.0,40,0.24489795918367346,8,2.302585092994046,3.0,120.0,9.795918367346939,360,36.0,1962
forwarding_unit,12,5,8.0,56,7,0,0,0,0,0,0,0,0,22,4,0,0,17,35,0,4,0,0,0,4,0,0,11,4,2,4,0,1,23,11,4.260869565217392,1,0,0.0,0,0.7428571428571429,4,4.04305126783455,7.483314773547883,0.0,0.0,0,176.0,1169
forwardunit,5,2,4.0,24,6,0,0,0,0,0,0,1,0,28,0,0,0,16,27,1,0,4,0,7,0,0,11,6,3,2,4,0,1,21,9,3.0,0,1,0.037037037037037035,11,1.037037037037037,0,3.2188758248682006,4.898979485566356,44.0,11.407407407407407,264,112.0,914
forwardunit_decode,5,2,4.0,24,6,0,0,0,0,0,0,1,1,16,0,0,0,8,40,1,0,4,0,1,0,0,2,6,2,2,4,0,1,23,6,2.652173913043478,0,2,0.05,2,0.4,0,3.2188758248682006,4.898979485566356,8.0,0.8,48,64.0,1139
forward_controller,4,3,3.037037037037037,82,27,0,0,0,0,0,0,0,0,138,0,0,0,52,139,4,0,24,0,0,0,0,1,3,1,2,24,0,1,45,24,7.822222222222222,6,0,0.0,1,0.9928057553956835,0,4.418840607796598,9.055385138137417,3.037037037037037,0.9928057553956835,82,419.11111111111114,4694
forward_logic,7,3,5.0,90,18,0,0,0,0,0,3,0,0,18,0,0,0,11,81,0,5,0,0,1,0,20,0,3,5,2,0,0,1,65,20,2.6307692307692307,1,3,0.037037037037037035,0,0.2222222222222222,0,4.51085950651685,9.486832980505138,0.0,0.0,0,90.0,1914
forward_unit,7,2,4.0,40,10,0,0,0,0,0,0,1,1,25,0,0,0,34,72,1,0,9,0,0,0,0,25,11,5,2,9,0,1,37,11,4.162162162162162,2,2,0.027777777777777776,25,0.3472222222222222,0,3.713572066704308,6.324555320336759,100.0,8.680555555555555,1000,100.0,2781
fourbits_comp,4,4,4.0,8,2,0,0,0,0,0,0,0,0,32,8,4,0,0,29,0,6,0,0,0,0,2,0,5,3,2,0,0,1,27,13,4.185185185185185,3,0,0.0,8,1.5172413793103448,0,2.1972245773362196,2.8284271247461903,0.0,12.137931034482758,64,144.0,778
fourbit_4bit_adder,4,3,3.6666666666666665,11,3,0,0,0,0,0,0,0,1,0,0,0,0,0,67,0,0,0,0,0,0,1,0,2,2,2,0,0,1,18,9,3.5,0,1,0.014925373134328358,0,0.0,0,2.4849066497880004,3.3166247903554,0.0,0.0,0,0.0,815
fourbyonemux,32,2,27.0,162,6,5,0,0,0,0,0,1,1,0,0,0,0,0,24,1,0,0,2,0,0,0,1,14,1,2,2,0,1,20,6,1.75,0,2,0.08333333333333333,1,0.0,2,5.093750200806762,12.727922061357855,27.0,0.0,162,0.0,525
four_adder,32,32,32.0,64,2,2,0,0,0,1,0,1,0,0,0,0,0,0,9,1,0,0,0,0,0,0,1,3,3,2,0,0,1,11,2,1.1818181818181819,0,2,0.2222222222222222,1,0.0,0,4.174387269895637,8.0,32.0,0.0,64,0.0,142
four_bit_adder,5,4,4.333333333333333,13,3,0,0,0,0,0,0,0,1,5,2,2,0,0,41,0,3,0,0,0,0,1,0,5,3,4,0,0,1,23,10,3.0869565217391304,0,1,0.024390243902439025,4,0.21951219512195122,0,2.6390573296152584,3.605551275463989,0.0,0.8780487804878049,52,30.333333333333332,608
four_bit_barrel_shifter,7,4,5.5,11,2,0,0,0,0,0,0,0,1,0,0,0,0,0,36,0,0,1,0,0,0,0,0,2,1,2,1,0,1,19,21,3.9473684210526314,1,1,0.027777777777777776,0,0.0,0,2.4849066497880004,3.3166247903554,0.0,0.0,0,0.0,471
four_bit_barrel_shifter_more_sig,16,4,10.0,20,2,0,1,0,0,0,0,0,1,0,0,0,0,0,35,0,0,1,0,0,0,0,0,2,1,2,1,0,1,21,21,3.5714285714285716,1,1,0.02857142857142857,0,0.0,0,3.044522437723423,4.47213595499958,0.0,0.0,0,0.0,482
four_bit_rca,4,4,4.0,8,2,0,0,0,0,0,0,0,1,0,0,0,0,0,19,0,0,0,0,0,0,1,0,2,2,2,0,0,1,21,6,2.4285714285714284,0,1,0.05263157894736842,0,0.0,0,2.1972245773362196,2.8284271247461903,0.0,0.0,0,0.0,329
four_digit_seven_segment_driver,20,2,6.181818181818182,68,11,0,0,0,0,1,0,2,1,0,0,0,0,1,65,3,1,0,4,0,0,5,4,2,2,2,4,0,1,57,12,2.1578947368421053,1,4,0.06153846153846154,4,0.0,4,4.23410650459726,8.246211251235321,24.727272727272727,0.0,272,0.0,1293
four_digit_seven_segment_driver_optimized,20,2,6.777777777777778,122,18,0,0,2,0,6,1,2,0,1,0,0,3,11,133,4,3,4,4,1,1,8,7,4,5,6,9,0,1,70,12,2.9285714285714284,5,9,0.06766917293233082,7,0.007518796992481203,5,4.812184355372417,11.045361017187261,47.44444444444444,0.05263157894736842,854,6.777777777777778,1875
foward,2,2,2.0,2,1,0,0,0,0,0,1,0,0,8,0,0,0,22,51,1,0,8,0,0,0,0,11,2,1,2,8,0,1,25,8,3.96,0,1,0.0196078431372549,11,0.1568627450980392,0,1.0986122886681098,1.4142135623730951,22.0,1.7254901960784315,22,16.0,935
fpadder,32,2,16.660377358490567,883,53,2,0,5,0,4,6,0,1,60,48,0,0,27,136,5,50,5,0,0,36,13,4,2,2,2,41,0,1,72,86,6.652777777777778,5,11,0.08088235294117647,4,0.7941176470588235,36,6.784457062637643,29.715315916207253,66.64150943396227,3.176470588235294,3532,999.6226415094341,3726
fpdiv,1,1,1.0,1,0,0,0,0,1,0,8,1,2,0,0,0,4,9,38,1,1,1,0,0,0,0,1,2,1,2,1,0,1,21,9,2.238095238095238,0,11,0.2894736842105263,1,0.0,0,0.6931471805599453,1.0,1.0,0.0,1,0.0,398
fpdiv1,1,1,1.0,1,0,0,0,0,1,0,14,1,2,0,0,0,4,10,49,1,1,2,0,0,0,0,1,2,1,2,2,0,1,21,15,3.0952380952380953,1,17,0.3469387755102041,1,0.0,0,0.6931471805599453,1.0,1.0,0.0,1,0.0,539
fpdivider,32,5,20.863636363636363,459,22,3,0,4,0,4,2,0,1,1,0,1,0,8,50,1,13,1,0,0,9,6,3,3,2,2,10,0,1,38,13,3.210526315789474,1,7,0.14,5,0.04,9,6.131226489483141,21.42428528562855,62.59090909090909,0.2,2295,41.72727272727273,962
fpdiv_clk,5,4,4.666666666666667,14,3,0,0,0,0,3,12,1,0,4,0,0,4,50,365,3,0,10,4,0,1,2,8,2,2,2,15,0,1,99,54,4.666666666666667,4,16,0.043835616438356165,8,0.010958904109589041,5,2.70805020110221,3.7416573867739413,37.333333333333336,0.08767123287671233,112,18.666666666666668,4223
fpdiv_clk_acc,5,4,4.666666666666667,14,3,0,0,0,0,3,12,1,0,4,0,0,4,50,365,3,0,10,4,0,1,2,8,2,2,2,15,0,1,99,54,4.666666666666667,4,16,0.043835616438356165,8,0.010958904109589041,5,2.70805020110221,3.7416573867739413,37.333333333333336,0.08767123287671233,112,18.666666666666668,4228
fpdiv_clk_parameter,5,4,4.666666666666667,14,3,0,0,0,0,3,12,1,0,4,0,0,4,50,368,3,0,10,4,0,1,2,8,2,2,2,15,0,1,98,54,4.775510204081633,5,16,0.043478260869565216,8,0.010869565217391304,5,2.70805020110221,3.7416573867739413,37.333333333333336,0.08695652173913043,112,18.666666666666668,4191
fpga_clk_gen,32,3,8.8,132,15,3,0,0,0,0,0,0,0,6,0,0,0,3,75,2,3,3,0,0,0,9,2,12,4,2,3,0,1,29,9,3.413793103448276,0,0,0.0,2,0.08,0,4.890349128221754,11.489125293076057,17.6,0.16,264,52.800000000000004,1320
fpga_ram,1,1,1.0,1,0,0,0,0,1,0,6,2,0,0,0,0,0,3,54,1,0,1,0,0,0,0,2,4,1,2,1,0,1,22,5,2.5,0,8,0.14814814814814814,2,0.0,0,0.6931471805599453,1.0,2.0,0.0,2,0.0,702
fpga_top,1,1,1.0,1,0,0,0,0,1,0,0,0,0,0,0,0,0,0,463,0,2,0,0,0,0,88,0,11,16,2,0,0,1,339,88,2.1238938053097347,4,0,0.0,0,0.0,0,0.6931471805599453,1.0,0.0,0.0,0,0.0,12503
fplessthan,1,1,1.0,1,0,0,0,0,1,0,13,1,0,4,0,0,0,9,60,1,1,7,0,0,0,0,1,2,1,2,7,0,1,21,14,4.619047619047619,3,14,0.23333333333333334,1,0.06666666666666667,0,0.6931471805599453,1.0,1.0,0.06666666666666667,1,4.0,738
fpmod,16,3,9.5,19,2,0,1,0,0,0,8,1,0,0,0,0,0,19,195,3,0,4,4,0,1,2,6,3,2,2,9,0,1,64,25,3.890625,4,9,0.046153846153846156,6,0.0,5,2.995732273553991,4.358898943540674,57.0,0.0,114,0.0,2205
fpmodulus,5,3,4.0,8,2,0,0,0,0,0,8,1,0,0,2,0,0,15,184,3,0,4,4,0,1,2,6,3,2,2,9,0,1,59,23,3.7288135593220337,4,9,0.04891304347826087,6,0.010869565217391304,5,2.1972245773362196,2.8284271247461903,24.0,0.06521739130434782,48,0.0,1955
fpmod_acc,16,3,9.5,19,2,0,1,0,0,0,8,1,0,0,0,0,0,19,195,3,0,4,4,0,1,2,6,3,2,2,9,0,1,64,25,3.890625,4,9,0.046153846153846156,6,0.0,5,2.995732273553991,4.358898943540674,57.0,0.0,114,0.0,2213
fpmultiplier,48,5,20.842105263157894,396,19,2,0,4,0,6,1,0,1,1,1,1,0,6,39,1,10,1,0,0,7,5,2,2,2,2,8,0,1,34,10,2.911764705882353,0,8,0.20512820512820512,4,0.07692307692307693,7,5.983936280687191,19.8997487421324,41.68421052631579,0.3076923076923077,1584,41.68421052631579,797
fpsmonitor,27,4,8.11111111111111,73,9,0,0,2,0,4,1,0,0,0,0,0,0,35,83,3,3,5,0,0,19,3,8,2,3,2,24,0,1,54,11,3.111111111111111,2,5,0.060240963855421686,8,0.0,19,4.30406509320417,8.54400374531753,64.88888888888889,0.0,584,0.0,1763
fpsqrt,4,3,3.5,7,2,0,0,0,0,1,5,1,0,0,0,0,1,19,190,3,1,4,4,0,0,1,4,2,2,2,8,0,1,61,25,3.737704918032787,3,7,0.03684210526315789,4,0.0,4,2.0794415416798357,2.6457513110645907,14.0,0.0,28,0.0,2023
fpu,115,1,19.266666666666666,9826,510,54,0,4,32,7,4,0,0,57,64,2,2,110,1192,1,91,135,0,1,138,452,301,12,14,2,273,0,1,741,452,4.412955465587045,26,11,0.009228187919463088,305,0.10318791946308725,138,9.192888978362427,99.12618221237011,5799.266666666666,31.47231543624161,2996930,1136.7333333333333,55594
fpu_mul,3,3,3.0,3,1,0,0,0,0,40,41,11,1,4,10,1,1,32,236,3,13,26,2,0,7,11,9,13,4,2,35,0,1,57,36,8.210526315789474,17,93,0.3940677966101695,11,0.0635593220338983,9,1.3862943611198906,1.7320508075688772,27.0,0.6991525423728813,33,15.0,5450
fpu_top_level,62,1,16.63235294117647,1131,68,3,0,20,10,0,0,23,0,12,2,1,0,29,225,25,0,35,4,1,0,19,31,6,2,2,39,0,1,124,31,3.661290322580645,9,23,0.10222222222222223,33,0.06666666666666667,4,7.0317412587631285,33.63034344160047,515.6029411764706,2.2,37323,216.22058823529412,6775
fp_add_sub,32,2,18.028169014084508,1280,71,2,1,10,0,55,63,1,0,6,7,1,25,104,245,1,11,63,0,0,10,5,10,3,1,2,73,0,1,87,88,11.436781609195402,15,119,0.4857142857142857,12,0.05714285714285714,10,7.155396301896734,35.77708763999664,180.2816901408451,0.6857142857142857,15360,126.19718309859155,12203
fp_comp,32,2,13.5,135,10,1,0,3,0,0,0,0,0,1,4,0,0,5,45,0,22,0,0,0,10,8,0,2,1,2,10,0,1,37,22,3.7837837837837838,1,0,0.0,0,0.1111111111111111,10,4.912654885736052,11.61895003862225,0.0,0.0,0,13.5,1230
fp_decode,64,3,10.284210526315789,977,95,3,0,0,0,0,0,5,1,15,46,0,0,178,517,5,17,9,12,0,25,17,37,23,30,2,46,0,1,189,62,5.195767195767195,14,6,0.01160541586073501,37,0.11798839458413926,37,6.885509670034818,31.25699921617557,380.5157894736842,4.365570599613153,36149,154.26315789473682,18402
fp_div,51,3,23.470588235294116,399,17,4,0,2,0,0,0,0,0,0,0,0,0,0,184,0,0,15,11,0,0,14,0,2,2,2,26,0,1,86,14,2.255813953488372,1,0,0.0,0,0.0,11,5.991464547107982,19.974984355438178,0.0,0.0,0,0.0,2145
fp_float_int,32,32,32.0,96,3,3,0,0,0,0,0,0,0,0,0,0,0,0,31,0,1,0,0,0,1,1,0,5,3,2,1,0,1,18,3,1.6111111111111112,0,0,0.0,0,0.0,1,4.574710978503383,9.797958971132712,0.0,0.0,0,0.0,412
fp_int_float,32,32,32.0,96,3,3,0,0,0,0,0,0,0,0,0,0,0,0,32,0,1,0,0,0,1,1,0,5,3,2,1,0,1,18,3,1.6111111111111112,0,0,0.0,0,0.0,1,4.574710978503383,9.797958971132712,0.0,0.0,0,0.0,429
fp_log10,5,5,5.0,10,2,0,0,0,0,0,7,1,0,4,8,0,4,55,363,3,0,9,4,0,0,2,6,2,2,2,13,0,1,101,53,4.534653465346534,5,8,0.02203856749311295,6,0.03305785123966942,4,2.3978952727983707,3.1622776601683795,30.0,0.19834710743801653,60,20.0,4401
fp_min_max,32,8,18.8,188,10,2,0,4,0,0,0,0,0,1,0,1,0,5,31,0,3,0,0,0,7,7,0,2,1,2,7,0,1,19,7,2.8947368421052633,0,0,0.0,2,0.06451612903225806,7,5.241747015059643,13.711309200802088,0.0,0.12903225806451613,376,37.6,813
fp_mul,48,8,23.761904761904763,499,21,3,0,6,0,26,2,0,0,0,0,1,23,47,64,0,36,0,0,0,27,9,0,1,1,2,27,0,1,49,36,5.142857142857143,4,28,0.4375,2,0.015625,27,6.214608098422191,22.338307903688676,0.0,0.03125,998,23.761904761904763,3516
fp_reg_file,32,5,26.6,133,5,4,0,0,0,0,0,0,0,0,0,0,0,1,20,1,2,1,0,0,0,0,6,3,1,2,1,0,1,19,4,1.736842105263158,0,0,0.0,6,0.0,0,4.897839799950911,11.532562594670797,159.60000000000002,0.0,798,0.0,342
fp_sqrt,48,3,21.733333333333334,326,15,3,0,3,0,0,0,0,0,0,0,0,0,0,142,0,0,5,11,0,0,13,0,2,1,2,16,0,1,66,13,2.0606060606060606,1,0,0.0,0,0.0,11,5.7899601708972535,18.05547008526779,0.0,0.0,0,0.0,1588
fp_srec,1,1,1.0,1,0,0,0,0,1,42,29,6,1,0,0,0,3,22,138,6,2,8,0,1,8,3,11,2,1,2,16,0,1,58,30,5.0344827586206895,6,78,0.5652173913043478,11,0.0,8,0.6931471805599453,1.0,11.0,0.0,11,0.0,2517
fp_srec_hung,1,1,1.0,1,0,0,0,0,1,39,30,6,1,0,0,0,3,22,142,6,2,8,0,1,8,3,11,2,1,2,16,0,1,58,30,5.017241379310345,5,76,0.5352112676056338,11,0.0,8,0.6931471805599453,1.0,11.0,0.0,11,0.0,2506
fp_to_fp,64,3,26.333333333333332,474,18,0,0,3,0,3,2,3,1,7,9,0,0,29,120,3,0,5,2,0,10,15,5,3,4,2,17,0,1,58,18,4.137931034482759,4,9,0.075,5,0.13333333333333333,12,6.163314804034641,21.77154105707724,131.66666666666666,0.6666666666666666,2370,184.33333333333331,2932
fp_to_int,64,3,27.85185185185185,752,27,7,0,3,0,6,10,4,1,9,16,0,2,56,174,4,1,20,2,0,10,22,5,4,4,2,32,0,1,65,26,5.184615384615385,8,21,0.1206896551724138,5,0.14367816091954022,12,6.6240652277998935,27.422618401604176,139.25925925925927,0.7183908045977011,3760,250.66666666666666,4376
fraction_multiplication,7,3,3.5625,57,16,0,0,0,0,4,0,0,0,0,0,0,0,20,76,1,2,3,2,0,1,0,4,4,2,2,6,0,1,32,15,3.96875,5,4,0.05263157894736842,4,0.0,3,4.060443010546419,7.54983443527075,14.25,0.0,228,0.0,1038
frac_lut4_arith,16,1,2.4186046511627906,104,43,0,3,0,30,0,0,0,0,0,0,0,0,0,280,0,0,0,0,0,0,28,0,7,6,4,0,0,1,86,28,4.523255813953488,10,0,0.0,0,0.0,0,4.653960350157523,10.198039027185569,0.0,0.0,0,0.0,6295
frac_mult_18x18,36,1,18.25,73,4,0,0,0,1,0,0,0,0,0,0,0,0,0,2362,0,1,0,0,0,0,2,0,3,1,2,0,0,1,3528,1401,5.056972789115647,98,0,0.0,0,0.0,0,4.30406509320417,8.54400374531753,0.0,0.0,0,0.0,147717
frac_mult_18_18,36,1,18.25,73,4,0,0,0,1,0,0,0,0,0,0,0,0,0,2362,0,1,0,0,0,0,2,0,3,1,2,0,0,1,3528,1401,5.056972789115647,98,0,0.0,0,0.0,0,4.30406509320417,8.54400374531753,0.0,0.0,0,0.0,147509
frame_sync_control,65,2,18.0,72,4,0,0,0,0,3,4,1,1,9,5,0,0,41,203,7,5,22,2,0,1,1,11,6,6,2,25,0,1,69,22,4.971014492753623,8,9,0.04433497536945813,11,0.06896551724137931,3,4.290459441148391,8.48528137423857,198.0,0.7586206896551724,792,162.0,3833
frecad,3,3,3.0,6,2,0,0,0,0,2,0,0,1,0,0,0,0,7,50,1,0,4,0,0,0,0,1,3,1,2,4,0,1,20,13,2.15,1,3,0.06,1,0.0,0,1.9459101490553132,2.449489742783178,3.0,0.0,6,0.0,454
frecuencia,22,22,22.0,22,1,0,0,0,0,1,0,0,1,0,0,0,0,4,41,1,0,1,0,0,0,0,3,1,1,2,1,0,1,16,5,1.8125,0,2,0.04878048780487805,3,0.0,0,3.1354942159291497,4.69041575982343,66.0,0.0,66,0.0,392
freqdivider_pwm,12,12,12.0,48,4,0,0,0,0,3,0,0,0,0,2,0,0,13,71,2,6,7,0,0,2,2,3,2,3,2,9,0,1,28,15,3.75,1,3,0.04225352112676056,3,0.028169014084507043,2,3.8918202981106265,6.928203230275509,36.0,0.08450704225352113,144,0.0,1019
freqselector,1,1,1.0,1,0,0,0,0,1,0,6,0,5,0,0,0,0,0,19,0,1,0,0,0,0,3,0,2,1,2,0,0,1,33,10,2.515151515151515,0,11,0.5789473684210527,0,0.0,0,0.6931471805599453,1.0,0.0,0.0,0,0.0,590
frequencycounter,32,12,18.666666666666668,56,3,1,0,0,0,2,0,0,1,1,0,0,0,7,129,2,0,1,2,0,0,0,4,2,1,2,3,0,1,27,5,2.111111111111111,0,3,0.023255813953488372,4,0.007751937984496124,2,4.04305126783455,7.483314773547883,74.66666666666667,0.031007751937984496,224,18.666666666666668,651
frequencydivider,4,4,4.0,24,6,0,0,0,0,1,1,0,0,0,0,0,0,4,40,2,0,2,2,0,0,1,2,9,3,6,4,0,1,40,12,2.725,1,2,0.05,2,0.0,2,3.2188758248682006,4.898979485566356,8.0,0.0,48,0.0,960
frequency_diver,21,21,21.0,21,1,0,0,0,0,2,0,0,0,0,0,0,0,8,32,2,0,2,0,0,0,0,2,1,1,2,2,0,1,19,7,2.8421052631578947,0,2,0.0625,2,0.0,0,3.091042453358316,4.58257569495584,42.0,0.0,42,0.0,713
frequency_divide,4,2,3.0,6,2,0,0,0,0,0,0,0,1,0,0,0,0,4,43,1,0,0,2,0,0,1,1,2,1,2,2,0,1,28,12,1.9285714285714286,1,1,0.023255813953488372,1,0.0,2,1.9459101490553132,2.449489742783178,3.0,0.0,6,0.0,565
frequency_divider,10,10,10.0,20,2,0,0,0,0,4,6,0,2,0,1,0,0,24,78,2,1,8,0,0,0,0,4,2,1,2,8,0,1,27,12,4.925925925925926,2,12,0.15384615384615385,4,0.01282051282051282,0,3.044522437723423,4.47213595499958,40.0,0.05128205128205128,80,0.0,1247
frequency_monitor,20,4,11.5,69,6,0,0,0,0,6,4,3,1,2,0,1,0,18,96,5,1,7,0,1,0,1,9,2,1,2,7,0,1,44,9,3.2045454545454546,0,14,0.14583333333333334,11,0.03125,0,4.248495242049359,8.306623862918075,103.5,0.34375,759,34.5,1488
freq_change,16,9,13.777777777777779,124,9,0,6,0,0,7,5,0,0,0,2,0,0,22,106,2,0,15,0,0,0,2,8,5,7,2,15,0,1,43,11,3.86046511627907,2,12,0.11320754716981132,8,0.018867924528301886,0,4.8283137373023015,11.135528725660043,110.22222222222223,0.1509433962264151,992,0.0,2204
freq_divider,32,32,32.0,32,1,1,0,0,0,1,1,0,1,0,0,0,0,2,40,1,0,2,0,0,0,2,2,2,1,2,2,0,1,20,6,2.2,0,3,0.075,2,0.0,0,3.4965075614664802,5.656854249492381,64.0,0.0,64,0.0,401
freq_meter_calc,48,27,41.0,287,7,0,0,0,0,5,2,1,1,6,0,0,0,58,149,13,2,22,0,0,2,6,29,4,1,2,24,0,1,45,27,7.377777777777778,12,9,0.06040268456375839,29,0.040268456375838924,2,5.662960480135946,16.941074346097416,1189.0,1.1677852348993287,8323,246.0,3949
frontbus,64,2,15.833333333333334,1710,108,10,0,20,0,0,0,0,0,0,0,0,0,0,590,0,124,22,0,0,0,174,0,32,28,2,22,0,1,357,174,3.2857142857142856,4,0,0.0,0,0.0,0,7.444833273892193,41.352146256270665,0.0,0.0,0,0.0,43256
frq_divider,35,35,35.0,70,2,0,0,0,0,2,1,0,0,0,0,0,0,4,52,2,0,5,0,0,0,3,2,3,1,2,5,0,1,26,11,3.1923076923076925,1,3,0.057692307692307696,2,0.0,0,4.2626798770413155,8.366600265340756,70.0,0.0,140,0.0,618
fsm,2,2,2.0,2,1,0,0,0,0,0,0,2,0,1,0,0,0,7,38,3,1,4,2,0,0,0,2,3,1,2,6,0,1,32,8,2.375,0,2,0.05263157894736842,2,0.02631578947368421,2,1.0986122886681098,1.4142135623730951,4.0,0.05263157894736842,4,2.0,797
fsm_adc,4,4,4.0,4,1,0,0,0,0,0,0,2,0,2,0,0,0,39,182,2,0,8,2,0,0,0,5,6,4,2,10,0,1,43,23,4.162790697674419,2,2,0.01098901098901099,5,0.01098901098901099,2,1.6094379124341003,2.0,20.0,0.05494505494505495,20,8.0,2798
fsm_controller,5,5,5.0,10,2,0,0,0,0,0,3,2,1,2,0,0,0,37,440,3,0,47,6,0,0,0,4,6,3,2,53,0,1,87,92,8.655172413793103,14,6,0.013636363636363636,4,0.004545454545454545,6,2.3978952727983707,3.1622776601683795,20.0,0.01818181818181818,40,10.0,15263
fsm_lightstand,3,3,3.0,9,3,0,0,0,0,0,0,0,1,0,0,0,0,42,116,3,1,15,4,0,0,0,1,2,1,2,19,0,1,40,22,5.45,8,1,0.008620689655172414,1,0.0,4,2.302585092994046,3.0,3.0,0.0,9,0.0,2733
fsm_lightstate,3,3,3.0,12,4,0,0,0,0,0,0,0,1,0,0,0,0,28,73,3,1,16,4,0,0,0,2,3,1,2,20,0,1,36,22,5.055555555555555,5,1,0.0136986301369863,2,0.0,4,2.5649493574615367,3.4641016151377544,6.0,0.0,24,0.0,2590
fsm_motor,5,3,3.5,14,4,0,0,0,0,0,0,0,1,0,0,0,0,43,121,3,1,16,4,0,0,0,1,3,1,2,20,0,1,42,22,5.4523809523809526,8,1,0.008264462809917356,1,0.0,4,2.70805020110221,3.7416573867739413,3.5,0.0,14,0.0,2827
fsm_motor_state,4,2,2.75,11,4,0,0,0,0,0,0,0,1,0,0,0,0,37,65,3,1,14,4,0,0,0,2,3,1,2,18,0,1,34,20,5.117647058823529,6,1,0.015384615384615385,2,0.0,4,2.4849066497880004,3.3166247903554,5.5,0.0,22,0.0,2161
fsm_time,5,2,3.4,17,5,0,0,0,0,0,0,0,1,0,0,0,0,35,109,3,1,13,4,0,0,0,2,4,1,2,17,0,1,46,18,4.391304347826087,7,1,0.009174311926605505,2,0.0,4,2.8903717578961645,4.123105625617661,6.8,0.0,34,0.0,2462
fsm_timer,5,2,3.2,16,5,0,0,0,0,0,0,0,1,0,0,0,0,25,78,3,2,6,4,0,0,0,3,2,2,2,10,0,1,36,16,4.194444444444445,3,1,0.01282051282051282,3,0.0,4,2.833213344056216,4.0,9.600000000000001,0.0,48,0.0,2087
fsm_using_function,1,1,1.0,1,0,0,0,0,1,0,4,0,0,0,0,0,0,18,96,2,1,6,4,0,0,2,2,4,1,2,10,0,1,40,17,4.425,2,4,0.041666666666666664,2,0.0,4,0.6931471805599453,1.0,2.0,0.0,2,0.0,1942
fu,32,2,6.125,49,8,1,0,0,0,0,44,1,0,18,6,0,0,4,419,3,24,17,4,10,5,27,4,53,36,2,26,0,1,183,37,3.80327868852459,7,45,0.10739856801909307,4,0.057279236276849645,9,3.912023005428146,7.0,24.5,0.22911694510739858,196,110.25,10102
fulladder,1,1,1.0,1,0,0,0,0,1,0,0,0,1,2,1,3,0,0,18,0,2,0,0,0,0,0,0,3,2,2,0,0,1,12,4,2.1666666666666665,0,1,0.05555555555555555,6,0.3333333333333333,0,0.6931471805599453,1.0,0.0,2.0,6,5.0,206
fulladder4bit_s,4,4,4.0,8,2,0,0,0,0,0,0,0,1,0,0,0,0,0,44,0,0,0,0,0,0,1,0,2,2,2,0,0,1,20,6,2.5,0,1,0.022727272727272728,0,0.0,0,2.1972245773362196,2.8284271247461903,0.0,0.0,0,0.0,455
fullsystem,1,1,1.0,1,0,0,0,0,1,0,6,0,0,0,0,0,0,0,37,0,0,0,0,0,0,5,0,3,3,2,0,0,1,37,5,2.675675675675676,0,6,0.16216216216216217,0,0.0,0,0.6931471805599453,1.0,0.0,0.0,0,0.0,973
full_adder,1,1,1.0,1,0,0,0,0,1,0,0,0,1,2,1,3,0,0,18,0,2,0,0,0,0,0,0,3,2,2,0,0,1,12,4,2.1666666666666665,0,1,0.05555555555555555,6,0.3333333333333333,0,0.6931471805599453,1.0,0.0,2.0,6,5.0,206
full_adder_substractor_4bit,4,4,4.0,16,4,0,0,0,0,0,0,0,1,0,0,1,0,0,49,0,1,0,0,0,0,2,0,3,2,2,0,0,1,23,9,3.130434782608696,0,1,0.02040816326530612,2,0.02040816326530612,0,2.833213344056216,4.0,0.0,0.04081632653061224,32,4.0,902
function_f,21,21,21.0,126,6,0,0,0,0,3,0,0,0,0,4,2,0,5,21,0,5,0,0,0,10,3,0,2,2,2,10,0,1,14,14,3.857142857142857,1,3,0.14285714285714285,4,0.2857142857142857,10,4.844187086458591,11.224972160321824,0.0,1.1428571428571428,504,42.0,561
function_g,21,21,21.0,63,3,0,0,0,0,3,0,0,0,0,0,0,0,0,15,0,1,0,0,0,1,0,0,3,1,2,1,0,1,10,3,1.8,0,3,0.2,0,0.0,1,4.1588830833596715,7.937253933193772,0.0,0.0,0,0.0,174
funn_delays,22,3,12.318181818181818,271,22,0,0,0,0,0,0,0,1,58,44,0,0,189,365,8,12,4,0,0,11,11,8,10,11,2,15,0,1,46,81,13.5,11,1,0.0027397260273972603,8,0.27945205479452057,11,5.605802066295998,16.46207763315433,98.54545454545455,2.2356164383561645,2168,714.4545454545455,10275
funtions,4,2,3.0,6,2,0,0,0,0,0,0,0,1,115,85,50,0,56,395,1,0,54,2,0,0,0,3,4,2,2,56,0,1,44,137,21.931818181818183,16,1,0.002531645569620253,103,0.6329113924050633,2,1.9459101490553132,2.449489742783178,9.0,65.18987341772153,618,495.0,9328
fu_mem,32,2,19.428571428571427,136,7,4,0,0,0,0,0,0,1,1,1,0,0,8,40,1,1,1,0,0,0,1,19,3,2,2,1,0,1,48,7,1.7916666666666667,0,1,0.025,19,0.05,0,4.919980925828125,11.661903789690601,369.1428571428571,0.9500000000000001,2584,19.428571428571427,897
fwd,5,2,4.0,28,7,0,0,0,0,0,0,2,0,8,0,0,0,22,36,2,0,10,0,14,0,0,2,7,2,2,10,0,1,20,10,4.15,0,2,0.05555555555555555,2,0.2222222222222222,0,3.367295829986474,5.291502622129181,8.0,0.4444444444444444,56,32.0,1130
fwdmux,32,3,26.2,262,10,8,0,0,0,0,0,0,0,0,0,0,0,22,31,2,0,10,0,14,0,0,2,8,2,2,10,0,1,21,10,4.523809523809524,0,0,0.0,2,0.0,0,5.572154032177765,16.186414056238647,52.4,0.0,524,0.0,1144
fwdunit,4,2,3.3333333333333335,20,6,0,0,0,0,0,0,0,1,28,0,0,0,18,34,0,2,0,0,4,4,8,8,6,2,2,4,0,1,21,9,3.5238095238095237,0,1,0.029411764705882353,8,0.8235294117647058,4,3.044522437723423,4.47213595499958,26.666666666666668,6.588235294117647,160,93.33333333333334,935
f_back,10,4,7.0,14,2,0,0,0,0,2,1,0,0,0,0,0,0,9,30,2,0,4,0,0,0,0,3,2,2,2,4,0,1,20,8,2.65,0,3,0.1,3,0.0,0,2.70805020110221,3.7416573867739413,21.0,0.0,42,0.0,450
f_div,32,32,32.0,32,1,1,0,0,0,1,0,0,0,0,0,0,0,6,26,1,0,2,0,0,0,0,2,2,1,2,2,0,1,16,6,2.375,0,1,0.038461538461538464,2,0.0,0,3.4965075614664802,5.656854249492381,64.0,0.0,64,0.0,433
f_select_rom,1,1,1.0,1,0,0,0,0,1,0,2,0,0,0,0,0,0,1,66,1,1,1,2,0,0,0,1,3,1,2,3,0,1,23,31,2.869565217391304,1,2,0.030303030303030304,1,0.0,2,0.6931471805599453,1.0,1.0,0.0,1,0.0,1119
g,19,19,19.0,19,1,0,0,0,0,0,9,3,1,0,0,1,0,1,35,1,1,0,0,0,1,0,4,2,1,2,1,0,1,28,10,2.392857142857143,0,13,0.37142857142857144,6,0.02857142857142857,1,2.995732273553991,4.358898943540674,76.0,0.17142857142857143,114,19.0,626
g729_fsm,16,3,7.0,35,5,0,1,0,0,1,0,2,1,0,0,0,0,115,1144,5,0,115,4,0,0,0,41,38,38,2,119,0,1,266,127,6.853383458646617,12,4,0.0034965034965034965,41,0.0,4,3.58351893845611,5.916079783099616,287.0,0.0,1435,0.0,26962
g729_hpfilter,16,16,16.0,32,2,0,2,0,0,0,0,0,0,0,0,0,0,0,39,0,0,0,0,0,0,0,0,2,2,2,0,0,1,13,4,2.5384615384615383,0,0,0.0,0,0.0,0,3.4965075614664802,5.656854249492381,0.0,0.0,0,0.0,312
gama_red,16,16,16.0,16,1,0,1,0,0,0,0,0,1,0,0,1,0,0,32,1,0,0,0,0,0,0,1,2,1,2,0,0,1,15,3,1.4666666666666666,0,1,0.03125,3,0.03125,0,2.833213344056216,4.0,16.0,0.09375,48,16.0,194
gama_sram,16,8,12.8,64,5,0,3,2,0,0,0,0,1,0,0,0,0,4,50,1,0,2,0,0,0,0,3,3,2,2,2,0,1,23,4,2.4347826086956523,0,1,0.02,3,0.0,0,4.174387269895637,8.0,38.400000000000006,0.0,192,0.0,624
game_engine,128,2,13.88679245283019,736,53,0,7,41,0,2,6,0,1,4,1,0,0,53,256,7,80,14,0,2,0,3,11,4,2,2,14,0,1,51,80,9.450980392156863,15,9,0.03515625,11,0.01953125,0,6.602587892189336,27.129319932501073,152.75471698113208,0.21484375,8096,55.54716981132076,5390
gary,23,2,8.805555555555555,317,36,0,6,3,0,0,0,1,0,28,22,0,0,22,184,1,21,1,0,0,25,3,6,16,20,2,26,0,1,76,24,3.960526315789474,7,1,0.005434782608695652,6,0.2717391304347826,25,5.762051382780177,17.804493814764857,52.83333333333333,1.6304347826086956,1902,246.55555555555554,3733
gated_clk_cell,1,1,1.0,1,0,0,0,0,1,0,0,0,0,2,4,0,0,0,37,0,3,0,0,0,0,2,0,6,1,5,0,0,1,16,6,2.5,0,0,0.0,0,0.16216216216216217,0,0.6931471805599453,1.0,0.0,0.0,0,2.0,466
gaussianderiv_h7,16896,2,686.84,17171,25,0,5,2,0,0,0,2,1,6,3,1,0,7,17037,7,5,4,0,0,0,5,14,4,3,2,4,0,1,32730,17036,2.585945615643141,8,3,0.00017608733932030288,16,0.0005869577977343429,0,9.751035429344451,131.0381623802776,9615.76,0.009391324763749487,274736,4807.88,796109
gaussian_h7,4096,2,138.53125,4433,32,0,9,2,0,0,4097,2,1,6,3,0,0,8,4247,7,5,6,0,0,0,8,14,4,6,2,6,0,1,4462,4156,5.553563424473331,32,4100,0.9653873322345184,14,0.0021191429244172355,0,8.397057390176256,66.58077800686922,1939.4375,0.0296680009418413,62062,831.1875,231675
gearbox_20_22,22,2,13.2,198,15,0,1,1,0,2,1,0,1,0,1,0,0,20,82,4,0,2,2,0,1,0,7,4,2,2,5,0,1,43,24,3.511627906976744,3,4,0.04878048780487805,7,0.012195121951219513,3,5.293304824724492,14.071247279470288,92.39999999999999,0.08536585365853659,1386,0.0,1371
gearbox_20_66,66,2,25.428571428571427,178,7,0,0,0,0,0,0,0,1,1,0,1,0,13,101,1,1,5,2,0,0,4,5,3,2,2,7,0,1,39,10,3.282051282051282,0,1,0.009900990099009901,7,0.019801980198019802,2,5.187385805840755,13.341664064126334,127.14285714285714,0.13861386138613863,1246,50.857142857142854,1171
gearbox_32_33,64,5,33.857142857142854,237,7,1,0,0,0,0,2,0,0,2,1,0,3,22,82,1,1,6,0,0,5,1,3,4,2,2,11,0,1,32,17,3.15625,1,2,0.024390243902439025,3,0.036585365853658534,5,5.472270673671475,15.394804318340652,101.57142857142856,0.1097560975609756,711,67.71428571428571,1045
gearbox_32_66,66,2,28.833333333333332,173,6,1,0,0,0,1,0,0,0,3,0,1,0,9,95,1,2,6,0,0,0,3,4,4,3,2,6,0,1,35,7,3.085714285714286,0,1,0.010526315789473684,6,0.042105263157894736,0,5.159055299214529,13.152946437965905,115.33333333333333,0.25263157894736843,1038,115.33333333333333,1123
gearbox_33_32,64,5,38.333333333333336,230,6,2,0,0,0,1,0,0,0,3,1,0,3,20,83,1,2,5,0,0,0,1,4,4,3,2,5,0,1,29,8,3.310344827586207,0,1,0.012048192771084338,4,0.04819277108433735,0,5.442417710521793,15.165750888103101,153.33333333333334,0.1927710843373494,920,115.0,1007
gearbox_40_67,106,2,19.333333333333332,348,18,0,0,0,0,1,3,0,0,1,5,1,5,254,239,8,0,21,8,0,3,1,15,3,2,2,32,0,1,122,93,7.254098360655738,14,4,0.016736401673640166,17,0.029288702928870293,11,5.855071922202427,18.65475810617763,290.0,0.497907949790795,5916,38.666666666666664,6557
gearbox_66_20,66,2,23.529411764705884,400,17,0,1,1,0,2,1,0,1,0,2,0,0,52,111,5,0,3,4,0,0,0,6,3,2,2,7,0,1,62,37,3.870967741935484,5,4,0.036036036036036036,6,0.018018018018018018,4,5.993961427306569,20.0,141.1764705882353,0.10810810810810811,2400,0.0,2137
gearbox_66_32,66,32,43.666666666666664,131,3,1,0,0,0,0,0,0,0,0,0,0,0,0,67,0,0,0,0,0,0,2,0,4,3,2,0,0,1,23,5,2.6956521739130435,0,0,0.0,0,0.0,0,4.882801922586371,11.445523142259598,0.0,0.0,0,0.0,672
gearbox_66_40,104,2,46.31372549019608,4724,102,2,2,2,0,1,0,0,0,0,4,0,3,66,113,4,1,4,2,0,1,3,6,3,4,2,7,0,1,66,86,4.787878787878788,5,1,0.008849557522123894,6,0.035398230088495575,3,8.460622839927844,68.73136110975832,277.88235294117646,0.21238938053097345,28344,0.0,3284
gearbox_67_40,106,2,29.285714285714285,410,14,0,0,0,0,1,4,0,0,1,2,0,17,283,224,7,1,18,10,0,3,0,15,2,2,2,31,0,1,121,87,7.214876033057851,14,5,0.022321428571428572,15,0.013392857142857142,13,6.018593214496234,20.248456731316587,439.2857142857143,0.20089285714285712,6150,29.285714285714285,6604
generador_adc_in,8,7,7.666666666666667,23,3,0,0,2,0,0,0,0,0,0,0,0,0,34,101,1,0,2,2,0,0,0,1,4,1,2,4,0,1,28,36,4.0,3,0,0.0,1,0.0,2,3.1780538303479458,4.795831523312719,7.666666666666667,0.0,23,0.0,1548
general_clk_div_by_odd,1,1,1.0,1,0,0,0,0,1,2,2,0,2,0,0,1,0,10,95,3,3,5,0,0,2,1,2,2,1,2,7,0,1,32,9,3.21875,0,6,0.06315789473684211,4,0.010526315789473684,2,0.6931471805599453,1.0,2.0,0.042105263157894736,4,1.0,932
generic_counter,1,1,1.0,1,0,0,0,0,1,1,2,0,1,2,0,0,0,8,83,2,2,5,0,0,0,0,2,3,2,2,5,0,1,24,8,3.125,0,4,0.04819277108433735,2,0.024096385542168676,0,0.6931471805599453,1.0,2.0,0.04819277108433735,2,2.0,1137
generic_mux,1,1,1.0,1,0,0,0,0,1,0,2,2,1,0,0,0,0,0,25,0,1,0,0,0,0,0,0,2,1,2,0,0,1,12,3,1.5,0,5,0.2,0,0.0,0,0.6931471805599453,1.0,0.0,0.0,0,0.0,185
generic_sram_byte_en,1,1,1.0,1,0,0,0,0,1,26,6,28,2,0,0,0,0,14,120,1,0,3,0,2,10,0,2,13,6,2,13,0,1,44,37,4.431818181818182,4,62,0.5166666666666667,2,0.0,10,0.6931471805599453,1.0,2.0,0.0,2,0.0,2772
genmodulatedwave,8,5,7.0,21,3,0,0,2,0,0,1,0,0,0,0,0,0,1,14,1,0,1,0,0,0,1,1,2,1,2,1,0,1,26,4,1.5769230769230769,0,1,0.07142857142857142,1,0.0,0,3.091042453358316,4.58257569495584,7.0,0.0,21,0.0,328
genreciprocalwave,8,8,8.0,16,2,0,0,2,0,0,1,0,1,0,0,0,1,3,11,1,0,1,0,0,0,0,1,1,1,2,1,0,1,17,4,1.2941176470588236,0,2,0.18181818181818182,1,0.0,0,2.833213344056216,4.0,8.0,0.0,16,0.0,211
genrhomboidwave,8,8,8.0,24,3,0,0,3,0,1,2,0,0,0,0,0,0,2,15,1,0,2,0,0,0,0,2,1,1,2,2,0,1,18,6,1.8333333333333333,0,3,0.2,2,0.0,0,3.2188758248682006,4.898979485566356,16.0,0.0,48,0.0,273
gensinewave,16,8,14.4,72,5,0,4,1,0,0,0,0,0,0,0,0,2,6,25,0,4,0,0,0,0,4,6,2,1,2,0,0,1,41,9,2.8292682926829267,0,0,0.0,6,0.0,0,4.290459441148391,8.48528137423857,86.4,0.0,432,0.0,986
gen_1,60,5,19.6,196,10,0,0,0,0,0,0,0,0,0,0,0,0,0,15,1,0,0,0,0,0,1,1,1,10,2,0,0,1,17,9,2.0,0,0,0.0,1,0.0,0,5.2832037287379885,14.0,19.6,0.0,196,0.0,557
gen_2,60,5,19.6,196,10,0,0,0,0,0,0,0,0,0,0,0,0,0,15,1,0,0,0,0,0,1,1,1,10,2,0,0,1,17,9,2.0,0,0,0.0,1,0.0,0,5.2832037287379885,14.0,19.6,0.0,196,0.0,556
gen_3,60,5,19.6,196,10,0,0,0,0,0,0,0,0,0,0,0,0,0,15,1,0,0,0,0,0,1,1,1,10,2,0,0,1,17,9,2.0,0,0,0.0,1,0.0,0,5.2832037287379885,14.0,19.6,0.0,196,0.0,556
gen_4,60,5,19.6,196,10,0,0,0,0,0,0,0,0,0,0,0,0,0,15,1,0,0,0,0,0,1,1,1,10,2,0,0,1,17,9,2.0,0,0,0.0,1,0.0,0,5.2832037287379885,14.0,19.6,0.0,196,0.0,557
gen_regs,32,9,26.25,210,8,6,0,0,0,1,0,0,0,2,0,0,0,2,33,2,1,4,0,0,0,3,6,6,3,6,4,0,1,30,6,2.8,0,1,0.030303030303030304,6,0.06060606060606061,0,5.351858133476067,14.491376746189438,157.5,0.36363636363636365,1260,52.5,657
get_current_time,21,4,14.2,71,5,0,0,0,0,0,0,0,7,0,0,0,0,11,32,2,0,2,0,0,0,0,2,4,1,2,2,0,1,24,10,3.3333333333333335,0,7,0.21875,2,0.0,0,4.276666119016055,8.426149773176359,28.4,0.0,142,0.0,803
get_keys,10,5,7.466666666666667,112,15,0,0,4,0,0,0,0,0,0,0,0,0,3,47,1,0,1,0,0,0,9,3,2,3,2,1,0,1,36,9,2.2222222222222223,0,0,0.0,3,0.0,0,4.727387818712341,10.583005244258363,22.4,0.0,336,0.0,820
get_mvp,256,2,16.126315789473683,3064,190,0,132,0,0,43,22,9,0,44,16,0,2,266,574,14,0,31,20,0,10,0,45,27,3,2,61,0,1,94,86,12.287234042553191,34,74,0.1289198606271777,45,0.10452961672473868,30,8.027802848370312,55.35341001239219,725.6842105263157,4.70383275261324,137880,709.5578947368421,22733
get_number,8,4,6.666666666666667,20,3,0,0,2,0,0,0,0,0,0,0,0,0,10,21,1,1,0,2,0,0,0,1,1,1,2,2,0,1,33,12,1.4848484848484849,1,0,0.0,1,0.0,2,3.044522437723423,4.47213595499958,6.666666666666667,0.0,20,0.0,552
get_rw_regs,32,5,7.230769230769231,94,13,1,0,0,0,0,0,1,1,0,0,0,0,0,61,1,0,0,2,0,0,0,18,1,3,2,2,0,1,26,10,2.3076923076923075,0,2,0.03278688524590164,18,0.0,2,4.553876891600541,9.695359714832659,130.15384615384616,0.0,1692,0.0,1089
gf256_mult,15,8,9.074074074074074,245,27,0,0,4,0,0,0,0,0,127,0,56,0,0,63,0,16,0,0,0,0,23,0,2,1,2,0,0,1,34,65,12.352941176470589,13,0,0.0,112,2.9047619047619047,0,5.5053315359323625,15.652475842498529,0.0,325.3333333333333,27440,1660.5555555555557,2983
glyph_addr,10,4,7.5,30,4,0,0,0,0,1472,0,0,1,0,0,0,0,1474,1610,1,1,737,2,0,0,0,1,3,1,2,739,0,1,71,1473,105.46478873239437,25,1473,0.9149068322981366,1,0.0,2,3.4339872044851463,5.477225575051661,7.5,0.0,30,0.0,73832
gnrl_pipe_stage,1,1,1.0,1,0,0,0,0,1,0,2,0,0,2,3,0,0,0,38,0,6,0,0,0,0,5,0,5,3,2,0,0,1,26,6,2.8076923076923075,0,2,0.05263157894736842,0,0.13157894736842105,0,0.6931471805599453,1.0,0.0,0.0,0,2.0,761
goertzel,64,10,54.583333333333336,1310,24,2,0,0,0,2,0,0,0,2,0,0,0,41,261,3,0,2,4,0,0,11,26,3,2,2,6,0,1,77,24,4.1688311688311686,7,2,0.007662835249042145,26,0.007662835249042145,4,7.1785454837637,36.193922141707716,1419.1666666666667,0.19923371647509577,34060,109.16666666666667,3910
goldseqgen,31,2,12.5,100,8,0,0,1,0,12,0,5,0,20,12,1,0,24,137,6,6,10,0,0,0,15,6,7,3,2,10,0,1,57,18,4.842105263157895,5,17,0.12408759124087591,8,0.24087591240875914,0,4.61512051684126,10.0,75.0,1.927007299270073,800,262.5,3069
golomb,32,5,17.333333333333332,208,12,5,0,2,0,2,3,0,1,1,1,0,3,18,75,1,4,3,0,0,0,4,3,6,3,2,3,0,1,31,7,3.3870967741935485,0,6,0.08,3,0.02666666666666667,0,5.342334251964811,14.422205101855956,52.0,0.08,624,17.333333333333332,987
golomb_k,20,4,10.2,51,5,0,0,0,0,13,0,0,1,14,0,0,13,40,63,0,16,0,0,0,14,2,0,2,1,2,14,0,1,28,16,4.285714285714286,4,14,0.2222222222222222,0,0.2222222222222222,14,3.9512437185814275,7.14142842854285,0.0,0.0,0,142.79999999999998,1048
gpio,32,2,22.892307692307693,1488,65,41,0,21,0,0,0,3,0,64,11,3,0,87,560,29,14,57,2,0,1,30,32,37,67,2,60,0,1,133,57,6.451127819548872,19,3,0.005357142857142857,38,0.1392857142857143,3,7.305860032684009,38.57460304397182,732.5538461538462,5.292857142857143,56544,1533.7846153846153,11029
gpio0,64,4,27.157894736842106,516,19,10,0,3,0,6,78,13,3,25,6,0,1,89,1158,14,25,44,14,2,3,20,35,38,27,8,61,0,1,211,111,7.649289099526066,32,100,0.08635578583765112,35,0.02677029360967185,17,6.248042874508429,22.715633383201094,950.5263157894738,0.9369602763385146,18060,678.9473684210526,39732
gpio_apbif,32,4,16.35483870967742,3042,186,71,0,74,0,0,0,0,0,21,0,0,0,47,450,24,9,31,2,0,0,19,32,10,10,2,33,0,1,98,35,6.76530612244898,16,0,0.0,32,0.04666666666666667,2,8.02059914989697,55.154328932550705,523.3548387096774,1.4933333333333334,97344,343.4516129032258,10509
gpio_control_block,3,2,2.75,11,4,0,0,0,0,1,3,0,0,4,0,0,0,31,255,2,18,26,0,0,6,20,28,8,18,2,32,0,1,110,20,3.6636363636363636,7,4,0.01568627450980392,28,0.01568627450980392,6,2.4849066497880004,3.3166247903554,77.0,0.4392156862745098,308,11.0,5578
gpio_ctrl,8,2,7.584905660377358,804,106,0,0,95,0,7,0,0,0,8,4,1,0,34,333,14,8,16,0,7,0,21,14,13,8,2,16,0,1,63,25,8.301587301587302,15,7,0.021021021021021023,16,0.03903903903903904,0,6.690842277418564,28.35489375751565,106.18867924528301,0.6246246246246246,12864,68.26415094339622,7425
gpio_slaveinterface,32,12,28.666666666666668,344,12,10,0,0,0,3,7,6,0,0,0,0,1,9,121,4,6,8,4,1,0,14,42,8,5,2,12,0,1,60,14,4.05,3,16,0.1322314049586777,42,0.0,4,5.84354441703136,18.547236990991408,1204.0,0.0,14448,0.0,2667
gpr,1,1,1.0,1,0,0,0,0,1,0,1,2,0,10,0,0,0,16,71,3,0,10,0,0,0,9,8,9,2,2,10,0,1,36,15,4.388888888888889,2,3,0.04225352112676056,8,0.14084507042253522,0,0.6931471805599453,1.0,8.0,1.1267605633802817,8,10.0,2023
gprs,64,3,44.0,264,6,0,0,0,0,0,0,0,0,2,0,0,0,2,40,2,3,7,0,0,2,0,1,4,2,2,9,0,1,29,8,2.793103448275862,0,0,0.0,1,0.05,2,5.579729825986222,16.24807680927192,44.0,0.05,264,88.0,862
gp_registers,8,8,8.0,24,3,0,0,3,0,0,0,0,0,0,0,0,0,8,38,1,0,5,0,0,0,0,2,3,1,2,5,0,1,24,6,3.25,0,0,0.0,2,0.0,0,3.2188758248682006,4.898979485566356,16.0,0.0,48,0.0,525
grant,1,1,1.0,1,0,0,0,0,1,2,8,0,0,2,0,0,0,6,173,3,0,6,4,0,0,0,5,5,2,2,10,0,1,55,15,3.7636363636363637,3,10,0.057803468208092484,5,0.011560693641618497,4,0.6931471805599453,1.0,5.0,0.057803468208092484,5,2.0,2027
graphicscontroller_verilog,32,6,10.304347826086957,711,69,1,9,38,0,0,0,2,0,10,0,0,0,111,544,14,0,67,0,0,0,0,25,7,11,2,67,0,1,119,67,5.630252100840337,16,2,0.003676470588235294,25,0.01838235294117647,0,6.568077911411976,26.664583251946766,257.60869565217394,0.4595588235294118,17775,103.04347826086956,9134
graphicslcd_controller_verilog,10,8,9.428571428571429,66,7,0,0,2,0,28,0,0,0,52,2,0,0,44,217,3,27,13,0,0,0,0,7,3,4,2,13,0,1,53,28,6.622641509433962,7,28,0.12903225806451613,7,0.2488479262672811,0,4.204692619390966,8.12403840463596,66.0,1.7419354838709677,462,490.2857142857143,3882
gray_cnt2,1,1,1.0,1,0,0,0,0,1,1,4,0,0,0,0,0,0,2,39,1,1,1,0,0,0,3,1,2,1,2,1,0,1,32,5,1.78125,0,5,0.1282051282051282,1,0.0,0,0.6931471805599453,1.0,1.0,0.0,1,0.0,572
gray_counter,1,1,1.0,1,0,0,0,0,1,2,5,0,1,0,0,1,0,4,36,1,0,2,0,0,0,3,2,3,1,2,2,0,1,22,8,2.227272727272727,0,8,0.2222222222222222,4,0.027777777777777776,0,0.6931471805599453,1.0,2.0,0.1111111111111111,4,1.0,821
gray_scale,24,2,11.818181818181818,130,11,0,0,7,0,3,0,0,0,2,0,0,0,34,141,7,3,12,0,0,0,9,7,6,4,2,12,0,1,58,15,4.603448275862069,6,3,0.02127659574468085,7,0.014184397163120567,0,4.875197323201151,11.40175425099138,82.72727272727273,0.09929078014184398,910,23.636363636363637,2321
greset,32,2,17.0,34,2,1,0,0,0,1,0,0,0,0,0,0,0,13,59,1,1,2,2,0,0,0,3,2,1,2,4,0,1,25,8,2.56,0,1,0.01694915254237288,3,0.0,2,3.5553480614894135,5.830951894845301,51.0,0.0,102,0.0,521
gridpointsmem,16,6,11.0,22,2,0,1,0,0,30,0,1,1,0,0,0,0,0,97,1,0,0,2,0,0,0,1,1,1,2,2,0,1,105,64,1.9238095238095239,1,32,0.32989690721649484,1,0.0,2,3.1354942159291497,4.69041575982343,11.0,0.0,22,0.0,1775
group3_decoder,20,4,12.0,60,5,0,0,0,0,4,4,0,0,40,9,0,0,29,88,1,0,7,0,0,0,3,8,4,4,2,7,0,1,30,15,5.766666666666667,5,8,0.09090909090909091,8,0.5568181818181818,0,4.110873864173311,7.745966692414834,96.0,4.454545454545454,480,480.0,1863
group3_lab3_freqdivider,8,8,8.0,8,1,0,0,1,0,1,0,0,0,0,2,0,0,8,46,2,4,2,0,0,2,2,2,1,1,2,4,0,1,24,7,2.5416666666666665,0,1,0.021739130434782608,2,0.043478260869565216,2,2.1972245773362196,2.8284271247461903,16.0,0.08695652173913043,16,0.0,532
group_a_control,8,2,4.25,17,4,0,0,1,0,0,0,0,1,0,0,0,0,10,55,1,0,2,4,0,6,0,4,2,4,2,12,0,1,37,11,2.1621621621621623,1,1,0.01818181818181818,4,0.0,10,2.8903717578961645,4.123105625617661,17.0,0.0,68,0.0,899
group_b_control,8,3,5.0,15,3,0,0,1,0,0,0,0,1,0,0,0,0,10,56,1,0,2,4,0,6,0,4,2,4,2,12,0,1,36,11,2.2222222222222223,1,1,0.017857142857142856,4,0.0,10,2.772588722239781,3.872983346207417,20.0,0.0,60,0.0,897
gshare,5,2,2.4444444444444446,22,9,0,0,0,0,2,32,1,0,11,0,1,0,31,172,2,3,19,2,0,9,33,7,24,5,6,30,0,1,87,33,4.609195402298851,12,35,0.20348837209302326,9,0.06976744186046512,11,3.1354942159291497,4.69041575982343,17.111111111111114,0.627906976744186,198,29.333333333333336,4246
gxgy,24,8,11.157894736842104,212,19,0,0,12,0,4,6,4,0,0,0,0,0,4,43,1,0,2,0,0,0,0,2,6,2,2,2,0,1,24,7,2.75,0,14,0.32558139534883723,2,0.0,0,5.3612921657094255,14.560219778561036,22.31578947368421,0.0,424,0.0,559
g_cont,8,3,6.333333333333333,19,3,0,0,2,0,2,0,0,1,0,0,0,0,17,78,1,0,4,2,0,0,0,3,2,2,2,6,0,1,38,9,2.6578947368421053,0,3,0.038461538461538464,3,0.0,2,2.995732273553991,4.358898943540674,19.0,0.0,57,0.0,1523
h8fractpart,24,2,13.26,663,50,0,2,4,0,17,0,0,1,4,5,0,0,8,166,2,20,1,0,0,17,21,4,5,1,2,18,0,1,52,21,4.384615384615385,5,18,0.10843373493975904,4,0.05421686746987952,17,6.498282149476434,25.748786379167466,53.04,0.21686746987951808,2652,53.04,3370
h8integerpart,27,2,13.96078431372549,712,51,0,1,6,0,17,0,0,1,4,5,0,0,8,175,2,20,1,0,0,16,24,4,4,3,2,17,0,1,54,24,4.481481481481482,5,18,0.10285714285714286,4,0.05142857142857143,16,6.569481420414296,26.68332812825267,55.84313725490196,0.2057142857142857,2848,55.84313725490196,3376
h8_baseexprom,128,5,30.0,150,5,0,0,0,0,0,0,0,1,0,0,0,0,2,216,1,0,2,0,0,0,0,2,4,1,2,2,0,1,21,130,8.047619047619047,1,1,0.004629629629629629,2,0.0,0,5.017279836814924,12.24744871391589,60.0,0.0,300,0.0,3089
halfbandfirst,66,2,36.432432432432435,10784,296,0,2,0,0,67,0,34,1,167,66,0,1,530,1086,9,236,19,0,0,100,171,13,4,10,2,119,0,1,292,265,9.349315068493151,27,102,0.09392265193370165,13,0.214548802946593,100,9.285911558823257,103.84603988597736,473.62162162162167,2.7891344383057093,140192,6084.216216216217,48292
halfbandsecond,46,2,32.18840579710145,2221,69,0,0,0,0,13,0,7,1,32,12,0,1,111,318,6,43,13,0,0,19,34,10,4,10,2,32,0,1,95,53,6.88421052631579,15,21,0.0660377358490566,10,0.13836477987421383,19,7.706162970199576,47.12748667179272,321.8840579710145,1.3836477987421383,22210,1030.0289855072465,10279
hammingwindowmemory,16,8,12.0,24,2,0,1,1,0,0,0,1,1,0,0,0,0,0,275,1,0,0,2,0,0,0,1,1,1,2,2,0,1,493,243,1.4969574036511155,1,2,0.007272727272727273,1,0.0,2,3.2188758248682006,4.898979485566356,12.0,0.0,24,0.0,6241
hamming_decoder,1,1,1.0,1,0,0,0,0,1,0,3,0,0,8,0,13,0,0,45,0,14,2,0,0,0,6,3,1,2,2,2,0,1,39,18,3.2564102564102564,2,3,0.06666666666666667,29,0.4666666666666667,0,0.6931471805599453,1.0,3.0,13.533333333333333,29,21.0,1080
hamm_decoder,12,3,8.5,51,6,0,0,1,0,0,0,3,1,1,1,20,0,1,58,3,5,0,2,0,0,2,6,2,7,2,2,0,1,60,25,2.566666666666667,2,4,0.06896551724137931,46,0.3793103448275862,2,3.9512437185814275,7.14142842854285,51.0,17.448275862068964,2346,178.5,1627
hamm_enc,12,3,6.75,27,4,0,0,1,0,0,0,1,1,0,0,15,0,0,23,1,2,0,0,0,0,0,1,1,2,2,0,0,1,18,22,2.888888888888889,1,2,0.08695652173913043,31,0.6521739130434783,0,3.332204510175204,5.196152422706632,6.75,20.217391304347828,837,101.25,465
ham_decoder,7,3,4.666666666666667,14,3,0,0,0,0,0,0,0,1,0,2,9,0,0,27,0,9,0,0,0,0,0,0,1,3,2,0,0,1,14,18,4.0,1,1,0.037037037037037035,18,0.4074074074074074,0,2.70805020110221,3.7416573867739413,0.0,7.333333333333333,252,42.0,686
hardmax_h7,1024,2,62.23015873015873,7841,126,16,25,3,0,1,0,3,1,466,3,0,0,353,959,11,280,3,10,0,6,280,30,38,4,2,19,0,1,427,280,5.925058548009368,27,5,0.005213764337851929,30,0.48905109489051096,16,8.967249182852276,88.54942122905152,1866.904761904762,14.671532846715328,235230,28999.25396825397,29275
hardtan_h7,16,3,9.666666666666666,116,12,0,5,0,0,0,0,0,1,0,3,0,0,8,103,1,0,2,0,0,0,0,4,4,4,2,2,0,1,27,6,2.962962962962963,0,1,0.009708737864077669,4,0.02912621359223301,0,4.762173934797756,10.770329614269007,38.666666666666664,0.11650485436893204,464,0.0,835
harzardunit,5,2,3.0,21,7,0,0,0,0,0,0,4,1,49,10,1,0,36,98,4,0,9,0,0,0,8,4,8,4,2,9,0,1,60,9,3.8833333333333333,0,5,0.05102040816326531,6,0.6122448979591837,0,3.091042453358316,4.58257569495584,12.0,3.673469387755102,126,150.0,2480
hazard,1,1,1.0,1,0,0,0,0,1,0,3,0,0,2,3,0,0,2,32,0,6,8,0,0,0,2,0,5,4,2,8,0,1,21,6,2.619047619047619,0,3,0.09375,0,0.15625,0,0.6931471805599453,1.0,0.0,0.0,0,2.0,871
hazarddetect,1,1,1.0,1,0,0,0,0,1,0,1,0,0,2,2,0,0,5,23,1,0,1,0,0,0,0,1,2,1,2,1,0,1,20,5,1.95,0,1,0.043478260869565216,1,0.17391304347826086,0,0.6931471805599453,1.0,1.0,0.17391304347826086,1,2.0,370
hazarddetection,5,5,5.0,15,3,0,0,0,0,0,0,0,1,0,0,0,0,0,18,0,1,0,0,0,0,0,0,4,1,2,0,0,1,12,4,1.3333333333333333,0,1,0.05555555555555555,0,0.0,0,2.772588722239781,3.872983346207417,0.0,0.0,0,0.0,206
hazarddetectionunit,5,5,5.0,15,3,0,0,0,0,0,0,1,1,4,2,0,0,3,38,1,0,1,0,0,0,4,1,0,1,2,1,0,1,17,4,1.6470588235294117,0,2,0.05263157894736842,1,0.15789473684210525,0,2.772588722239781,3.872983346207417,5.0,0.15789473684210525,15,20.0,421
hazards_unit,5,2,3.5,7,2,0,0,0,0,0,0,2,0,17,8,0,0,18,47,2,7,4,0,0,0,4,1,2,2,2,4,0,1,41,7,3.048780487804878,0,2,0.0425531914893617,1,0.5319148936170213,0,2.0794415416798357,2.6457513110645907,3.5,0.5319148936170213,7,59.5,1583
hazardunit,32,2,29.272727272727273,322,11,10,0,0,0,0,0,4,0,40,100,0,0,44,126,4,0,19,0,0,0,0,3,11,3,4,19,0,1,64,21,5.34375,10,4,0.031746031746031744,3,1.1111111111111112,0,5.777652323222656,17.944358444926362,87.81818181818181,3.3333333333333335,966,1170.909090909091,3475
hazard_detec,32,3,18.833333333333332,113,6,3,0,0,0,0,0,1,0,0,0,0,0,8,124,1,0,24,2,0,0,0,18,3,4,2,26,0,1,40,32,6.05,8,1,0.008064516129032258,18,0.0,2,4.736198448394496,10.63014581273465,339.0,0.0,2034,0.0,3793
hazard_detect,4,4,4.0,12,3,0,0,0,0,0,0,0,1,2,2,0,0,3,15,0,1,0,0,0,1,5,0,4,1,2,1,0,1,15,5,1.9333333333333333,0,1,0.06666666666666667,0,0.26666666666666666,1,2.5649493574615367,3.4641016151377544,0.0,0.0,0,8.0,315
hazard_detection,5,5,5.0,10,2,0,0,0,0,0,0,1,1,1,2,0,0,3,26,1,0,5,0,0,0,0,5,4,2,2,5,0,1,22,4,1.7272727272727273,0,2,0.07692307692307693,5,0.11538461538461539,0,2.3978952727983707,3.1622776601683795,25.0,0.576923076923077,50,5.0,585
hazard_detection_unit,3,3,3.0,12,4,0,0,0,0,0,0,1,1,4,6,0,0,9,80,1,0,6,0,0,0,0,3,9,3,2,6,0,1,26,9,3.769230769230769,0,2,0.025,3,0.125,0,2.5649493574615367,3.4641016151377544,9.0,0.375,36,12.0,1018
hazard_forward,2,2,2.0,6,3,0,0,0,0,0,4,2,0,20,2,0,0,15,33,2,0,7,0,9,0,0,9,12,3,4,7,0,1,35,12,3.0285714285714285,1,6,0.18181818181818182,9,0.6666666666666666,0,1.9459101490553132,2.449489742783178,18.0,6.0,54,40.0,905
hazard_unit,5,2,3.5,7,2,0,0,0,0,0,0,0,0,8,0,0,0,14,30,0,2,0,0,0,6,0,0,2,1,2,6,0,1,21,6,3.0476190476190474,0,0,0.0,0,0.26666666666666666,6,2.0794415416798357,2.6457513110645907,0.0,0.0,0,28.0,746
hba_arbiter,4,4,4.0,8,2,0,0,0,0,0,0,0,0,0,2,0,0,6,46,1,0,6,0,0,0,4,1,4,1,2,6,0,1,20,9,3.25,0,0,0.0,1,0.043478260869565216,0,2.1972245773362196,2.8284271247461903,4.0,0.043478260869565216,8,0.0,833
hba_or_masters,4,4,4.0,8,2,0,0,0,0,0,11,0,0,0,9,0,0,0,53,0,4,0,0,0,0,15,0,11,4,2,0,0,1,28,15,3.0714285714285716,2,11,0.20754716981132076,0,0.16981132075471697,0,2.1972245773362196,2.8284271247461903,0.0,0.0,0,0.0,1122
hba_or_slaves,16,16,16.0,16,1,0,1,0,0,0,17,0,0,0,16,0,0,0,49,0,2,0,0,0,0,19,0,17,2,2,0,0,1,31,19,3.3225806451612905,3,17,0.3469387755102041,0,0.32653061224489793,0,2.833213344056216,4.0,0.0,0.0,0,0.0,1416
hba_reg_bank,8,4,5.333333333333333,16,3,0,0,1,0,5,16,0,0,4,1,0,0,44,206,2,0,14,6,0,0,17,55,13,6,2,20,0,1,60,30,5.466666666666667,6,21,0.10194174757281553,55,0.024271844660194174,6,2.833213344056216,4.0,293.3333333333333,1.3349514563106797,880,21.333333333333332,5348
hbc,48,3,12.702702702702704,470,37,5,0,20,0,1,5,1,0,5,7,0,0,47,192,2,23,10,4,0,6,4,8,9,11,2,20,0,1,63,23,5.571428571428571,7,7,0.036458333333333336,8,0.0625,10,6.154858094016418,21.6794833886788,101.62162162162163,0.5,3760,63.513513513513516,3922
hc595_driver,16,2,7.666666666666667,23,3,0,1,0,0,2,0,1,1,0,1,0,0,51,137,3,2,5,2,0,1,5,4,3,3,2,8,0,1,28,22,6.392857142857143,5,4,0.029197080291970802,4,0.0072992700729927005,3,3.1780538303479458,4.795831523312719,30.666666666666668,0.029197080291970802,92,0.0,3033
hdb3,8,2,3.3333333333333335,80,24,0,0,1,0,0,0,0,1,30,6,0,0,60,178,8,4,23,0,0,0,2,10,3,2,2,23,0,1,43,23,7.604651162790698,10,1,0.0056179775280898875,10,0.20224719101123595,0,4.394449154672439,8.94427190999916,33.333333333333336,2.0224719101123596,800,100.0,2948
hdb3_decode,5,2,3.7777777777777777,68,18,0,0,0,0,0,0,0,1,16,2,0,0,27,171,1,1,5,0,0,1,1,2,3,1,2,6,0,1,33,17,3.8484848484848486,3,1,0.005847953216374269,2,0.10526315789473684,1,4.23410650459726,8.246211251235321,7.555555555555555,0.21052631578947367,136,60.44444444444444,1615
hdb3_plug_b,4,2,2.3333333333333335,14,6,0,0,0,0,2,0,0,1,4,0,0,0,22,55,2,1,6,0,0,1,0,4,3,1,2,7,0,1,30,16,3.7333333333333334,1,3,0.05454545454545454,4,0.07272727272727272,1,2.70805020110221,3.7416573867739413,9.333333333333334,0.2909090909090909,56,9.333333333333334,971
hdb3_plug_v,2,2,2.0,6,3,0,0,0,0,1,0,0,1,0,0,0,0,12,43,1,0,4,0,0,0,0,2,4,1,2,4,0,1,27,8,2.7037037037037037,0,2,0.046511627906976744,2,0.0,0,1.9459101490553132,2.449489742783178,4.0,0.0,12,0.0,647
hdb3_polar,2,2,2.0,4,2,0,0,0,0,0,0,0,1,0,2,0,0,23,153,2,0,8,0,0,0,0,4,3,2,2,8,0,1,28,13,4.428571428571429,2,1,0.006535947712418301,4,0.013071895424836602,0,1.6094379124341003,2.0,8.0,0.05228758169934641,16,0.0,1866
hddecounter,12,1,4.444444444444445,40,9,0,0,0,1,0,0,0,0,2,2,0,0,0,30,0,1,0,0,0,0,7,0,3,1,2,0,0,1,36,7,2.1944444444444446,0,0,0.0,0,0.13333333333333333,0,3.713572066704308,6.324555320336759,0.0,0.0,0,8.88888888888889,703
hdmiinterface,12,5,8.5,34,4,0,0,0,0,16,4,1,1,22,2,0,0,103,397,3,3,25,4,0,0,0,7,1,3,2,29,0,1,55,58,9.4,12,22,0.055415617128463476,7,0.060453400503778336,4,3.5553480614894135,5.830951894845301,59.5,0.42317380352644834,238,187.0,6916
hdu,4,4,4.0,8,2,0,0,0,0,0,0,0,0,0,0,0,0,3,42,1,0,3,0,0,0,0,1,3,1,2,3,0,1,20,7,2.85,0,0,0.0,1,0.0,0,2.1972245773362196,2.8284271247461903,4.0,0.0,8,0.0,887
heading_one_detector,16,4,8.0,24,3,0,1,0,0,0,0,0,0,0,8,0,0,37,60,1,0,16,0,0,0,0,1,2,23,2,16,0,1,33,22,4.0,5,0,0.0,1,0.13333333333333333,0,3.2188758248682006,4.898979485566356,8.0,0.13333333333333333,24,0.0,1963
heartbeat,1,1,1.0,1,0,0,0,0,1,1,2,0,0,0,0,0,0,0,24,1,1,1,0,0,1,0,1,3,1,2,2,0,1,21,5,1.5714285714285714,0,3,0.125,1,0.0,1,0.6931471805599453,1.0,1.0,0.0,1,0.0,333
hellacachearbiter,64,1,23.766666666666666,713,30,2,0,2,2,0,0,0,0,5,1,0,0,3,170,1,34,31,0,0,8,5,4,32,34,2,39,0,1,113,34,3.3628318584070795,6,0,0.0,4,0.03529411764705882,8,6.570882962339584,26.70205984563738,95.06666666666666,0.1411764705882353,2852,118.83333333333333,6597
hevc_md_top,512,2,57.4,861,15,0,0,0,0,0,0,0,0,2,2,0,0,6,143,2,0,6,0,0,0,8,7,4,11,2,6,0,1,49,12,3.836734693877551,3,0,0.0,7,0.027972027972027972,0,6.759255270663693,29.34280150224242,401.8,0.1958041958041958,6027,114.8,2152
hex2seg,7,4,5.5,11,2,0,0,0,0,0,0,0,0,16,15,0,0,16,23,0,1,0,0,0,0,0,0,1,1,2,0,0,1,40,17,1.425,1,0,0.0,0,1.3478260869565217,0,2.4849066497880004,3.3166247903554,0.0,0.0,0,88.0,686
hex7_seg,8,4,6.0,12,2,0,0,1,0,0,0,0,0,0,0,0,0,0,30,1,0,0,2,0,0,0,1,1,1,2,2,0,1,31,18,1.6129032258064515,1,0,0.0,1,0.0,2,2.5649493574615367,3.4641016151377544,6.0,0.0,12,0.0,723
hex8,32,3,7.357142857142857,103,14,1,1,2,0,2,0,3,1,0,0,0,0,13,115,6,0,9,6,0,0,0,6,4,2,2,15,0,1,77,19,2.8701298701298703,3,6,0.05217391304347826,6,0.0,6,4.6443908991413725,10.14889156509222,44.14285714285714,0.0,618,0.0,2869
hexadecimal_to_seven_segment,7,4,5.5,11,2,0,0,0,0,0,0,0,0,16,15,0,0,16,63,0,1,0,0,0,0,0,0,1,1,2,0,0,1,40,18,1.475,1,0,0.0,0,0.49206349206349204,0,2.4849066497880004,3.3166247903554,0.0,0.0,0,88.0,929
hex_decoder,7,4,5.5,11,2,0,0,0,0,0,0,0,0,60,18,0,0,0,38,0,7,0,0,0,0,0,0,1,1,2,0,0,1,8,87,13.5,1,0,0.0,0,2.0526315789473686,0,2.4849066497880004,3.3166247903554,0.0,0.0,0,330.0,873
hex_display,8,4,5.333333333333333,16,3,0,0,1,0,0,0,1,0,0,0,0,0,0,30,1,0,0,2,0,0,0,1,1,1,2,2,0,1,47,19,1.425531914893617,1,1,0.03333333333333333,1,0.0,2,2.833213344056216,4.0,5.333333333333333,0.0,16,0.0,654
hex_to_7seg,7,4,6.0,18,3,0,0,0,0,0,0,0,0,0,0,0,0,0,39,1,0,0,2,0,0,0,1,1,1,2,2,0,1,43,19,1.4883720930232558,1,0,0.0,1,0.0,2,2.9444389791664403,4.242640687119285,6.0,0.0,18,0.0,588
hilo_reg,1,1,1.0,1,0,0,0,0,1,0,0,0,0,0,0,0,0,6,61,1,0,2,0,0,0,5,3,5,2,2,2,0,1,25,5,2.12,0,0,0.0,3,0.0,0,0.6931471805599453,1.0,3.0,0.0,3,0.0,501
hls_cdp_icvt,25,5,12.356164383561644,902,73,0,5,10,0,1,1,1,0,24,6,9,0,42,735,27,13,93,0,0,33,24,45,23,12,8,126,0,1,126,65,8.793650793650794,27,3,0.004081632653061225,63,0.053061224489795916,33,6.805722553416985,30.033314835362415,556.027397260274,3.3428571428571425,56826,407.75342465753425,14378
hls_cdp_ocvt,50,6,24.170212765957448,2272,94,0,5,17,0,1,1,1,0,32,8,12,0,56,962,36,13,123,0,0,44,29,79,29,16,10,167,0,1,147,86,9.904761904761905,30,3,0.0031185031185031187,103,0.05405405405405406,44,7.728855823852543,47.66550115125194,1909.4468085106384,5.5675675675675675,234016,1063.4893617021278,18878
hmctl_synchronizer,1,1,1.0,1,0,0,0,0,1,1,4,0,1,0,0,0,0,8,108,1,1,3,0,1,2,1,1,10,4,2,5,0,1,59,15,2.4915254237288136,1,6,0.05555555555555555,1,0.0,2,0.6931471805599453,1.0,1.0,0.0,1,0.0,1684
hostif,32,4,21.0,483,23,10,4,1,0,0,0,0,0,10,1,0,0,78,291,3,6,11,4,0,0,16,47,10,13,2,15,0,1,74,32,5.5675675675675675,9,0,0.0,47,0.037800687285223365,4,6.182084906716632,21.97726097583591,987.0,1.7766323024054982,22701,210.0,5256
housekeeping_spi,32,2,8.020408163265307,393,49,2,0,22,0,5,1,0,0,0,5,0,0,124,501,3,18,32,2,0,27,18,30,13,31,4,61,0,1,124,51,6.717741935483871,22,6,0.011976047904191617,30,0.00998003992015968,29,5.976350909297934,19.82422760159901,240.61224489795921,0.29940119760479045,11790,0.0,10490
hsltorgb,10,8,8.733333333333333,131,15,0,0,6,0,16,16,0,0,0,0,0,13,54,134,1,17,10,0,0,3,9,1,2,1,2,13,0,1,61,17,4.852459016393443,6,32,0.23880597014925373,1,0.0,3,4.882801922586371,11.445523142259598,8.733333333333333,0.0,131,0.0,2554
hsstl_phy_mac_rdata_proc,47,3,7.620689655172414,221,29,1,0,12,0,0,0,0,0,6,20,0,0,25,72,2,5,7,0,6,6,1,3,5,3,2,13,0,1,45,45,4.288888888888889,2,0,0.0,3,0.3611111111111111,6,5.402677381872279,14.866068747318506,22.862068965517242,1.0833333333333333,663,45.724137931034484,2789
hsstl_rst4mcrsw_rx_rst_fsm_v1_0,7,2,3.727272727272727,41,11,0,0,0,0,9,8,5,1,25,13,0,0,119,331,3,3,39,2,0,3,10,14,7,8,2,44,0,1,83,38,7.554216867469879,16,23,0.06948640483383686,14,0.1148036253776435,5,3.7376696182833684,6.4031242374328485,52.18181818181818,1.607250755287009,574,93.18181818181817,13343
hsstl_rst4mcrsw_rx_rst_initfsm_v1_0,4,4,4.0,4,1,0,0,0,0,3,5,3,1,7,2,0,0,98,289,2,1,25,2,0,0,10,10,9,6,2,27,0,1,71,56,6.887323943661972,12,12,0.04152249134948097,10,0.031141868512110725,2,1.6094379124341003,2.0,40.0,0.31141868512110726,40,28.0,10476
hsstl_rst4mcrsw_tx_rst_fsm_v1_1,4,2,3.0,9,3,0,0,0,0,20,10,4,1,0,4,1,0,133,326,2,0,31,2,0,2,6,20,6,17,2,35,0,1,84,53,7.559523809523809,12,35,0.10736196319018405,22,0.015337423312883436,4,2.302585092994046,3.0,60.0,0.3374233128834356,198,3.0,12471
hsst_rst_cross_sync_v1_0,4,2,3.0,9,3,0,0,0,0,1,2,0,1,0,0,0,0,18,85,2,1,7,0,0,0,1,6,2,1,2,7,0,1,39,9,3.2564102564102564,0,4,0.047058823529411764,6,0.0,0,2.302585092994046,3.0,18.0,0.0,54,0.0,1810
hsst_rst_debounce_v1_0,1,1,1.0,1,0,0,0,0,1,1,2,0,1,1,0,0,0,15,63,3,2,8,0,0,2,5,4,3,1,2,10,0,1,33,9,3.8484848484848486,0,4,0.06349206349206349,4,0.015873015873015872,2,0.6931471805599453,1.0,4.0,0.06349206349206349,4,1.0,1592
hsst_rst_wtchdg_v1_0,1,1,1.0,1,0,0,0,0,1,2,8,0,1,1,4,0,0,10,74,3,1,7,0,0,1,5,3,4,1,2,8,0,1,31,12,4.451612903225806,2,11,0.14864864864864866,3,0.06756756756756757,1,0.6931471805599453,1.0,3.0,0.20270270270270271,3,1.0,1721
hsync,1,1,1.0,1,0,0,0,0,1,1,2,0,0,0,0,0,0,1,49,1,2,1,0,0,0,0,3,1,2,2,1,0,1,24,5,2.2916666666666665,0,3,0.061224489795918366,3,0.0,0,0.6931471805599453,1.0,3.0,0.0,3,0.0,631
hs_pitch_refinement,10,5,9.166666666666666,55,6,0,0,0,0,1,9,1,0,0,2,0,0,53,497,3,0,7,4,0,0,3,11,3,3,2,11,0,1,144,74,4.340277777777778,5,11,0.022132796780684104,11,0.004024144869215292,4,4.02535169073515,7.416198487095663,100.83333333333333,0.044265593561368215,605,0.0,6068
huffman,32,2,9.324324324324325,345,37,1,6,3,0,12,27,1,0,17,8,0,2,154,568,7,6,82,4,3,0,31,46,14,5,2,86,0,1,111,68,7.558558558558558,20,40,0.07042253521126761,46,0.04401408450704225,4,5.846438775057725,18.57417562100671,428.9189189189189,2.0246478873239435,15870,158.51351351351352,10388
huffmandecoder,32,2,10.420212765957446,1959,188,2,35,38,0,27,10,0,1,124,56,0,0,268,1100,72,0,136,22,0,0,0,78,25,7,2,158,0,1,194,136,12.845360824742269,44,38,0.034545454545454546,78,0.16363636363636364,22,7.580699752224563,44.26059195266146,812.7765957446808,12.763636363636364,152802,1292.1063829787233,24197
huffmantabledc,16,3,6.6,33,5,0,1,0,0,0,0,0,0,0,0,0,0,35,78,3,1,0,4,0,0,0,3,3,2,2,4,0,1,57,19,2.5964912280701755,2,0,0.0,3,0.0,4,3.5263605246161616,5.744562646538029,19.799999999999997,0.0,99,0.0,1822
huffman_decoder,8,4,5.0,40,8,0,0,2,0,0,0,1,1,4,2,0,0,25,92,2,0,8,0,0,0,4,16,4,3,2,8,0,1,40,13,3.85,1,2,0.021739130434782608,16,0.06521739130434782,0,3.713572066704308,6.324555320336759,80.0,1.0434782608695652,640,20.0,2220
huffman_enc_chr,27,2,12.266666666666667,552,45,0,3,1,0,2,1,1,0,0,1,0,0,62,371,18,14,57,4,0,7,13,25,8,4,2,68,0,1,102,63,7.7254901960784315,21,4,0.01078167115902965,25,0.0026954177897574125,11,6.315358001522335,23.49468024894146,306.6666666666667,0.06738544474393532,13800,0.0,10859
huffman_enc_lum,27,2,12.266666666666667,552,45,0,3,1,0,2,1,1,0,0,1,0,0,62,371,18,14,57,4,0,7,13,25,8,4,2,68,0,1,102,63,7.7254901960784315,21,4,0.01078167115902965,25,0.0026954177897574125,11,6.315358001522335,23.49468024894146,306.6666666666667,0.06738544474393532,13800,0.0,10859
huffman_table32,32,7,23.666666666666668,71,3,2,0,0,0,0,0,0,0,0,0,0,0,104,129,1,0,1,2,0,0,0,1,3,1,2,3,0,1,215,107,2.0790697674418603,2,0,0.0,1,0.0,2,4.276666119016055,8.426149773176359,23.666666666666668,0.0,71,0.0,5603
huffman_table64,64,6,44.666666666666664,134,3,0,0,0,0,0,0,0,0,0,0,0,0,52,77,1,0,1,2,0,0,0,1,3,1,2,3,0,1,123,55,1.943089430894309,2,0,0.0,1,0.0,2,4.90527477843843,11.575836902790225,44.666666666666664,0.0,134,0.0,3419
hvsync_generator,10,10,10.0,40,4,0,0,0,0,2,0,0,0,4,2,0,0,19,64,4,2,6,0,0,0,0,4,2,4,2,6,0,1,24,12,3.9166666666666665,2,2,0.03125,4,0.09375,0,3.713572066704308,6.324555320336759,40.0,0.375,160,40.0,969
h_bridge,16,2,14.0,98,7,0,6,0,0,5,8,1,8,2,0,0,0,6,34,1,2,1,0,0,2,0,1,1,1,2,3,0,1,30,8,2.3333333333333335,0,22,0.6470588235294118,1,0.058823529411764705,2,4.59511985013459,9.899494936611665,14.0,0.058823529411764705,98,28.0,923
i2c,32,4,16.285714285714285,228,14,5,0,8,0,0,0,0,0,2,1,0,0,13,58,1,0,8,0,0,0,0,14,6,2,2,8,0,1,39,8,2.5128205128205128,0,0,0.0,14,0.05172413793103448,0,5.43372200355424,15.0996688705415,228.0,0.7241379310344828,3192,32.57142857142857,1262
i2cslave,8,2,7.076923076923077,92,13,0,0,11,0,0,19,0,0,10,3,0,0,40,211,4,2,13,0,0,0,6,15,4,10,2,13,0,1,61,21,4.950819672131147,5,19,0.09004739336492891,15,0.061611374407582936,0,4.532599493153256,9.591663046625438,106.15384615384615,0.9241706161137441,1380,70.76923076923077,3231
i2c_audio_config,24,2,8.636363636363637,95,11,0,2,1,0,2,0,0,0,0,0,0,0,14,98,1,2,4,2,0,0,3,19,2,2,2,6,0,1,68,13,2.661764705882353,2,2,0.02040816326530612,19,0.0,2,4.564348191467836,9.746794344808963,164.0909090909091,0.0,1805,0.0,2183
i2c_av_config,16,2,10.0,50,5,0,2,2,0,2,0,0,3,1,0,0,0,36,164,3,0,10,2,0,1,4,8,2,4,2,13,0,1,57,16,3.7017543859649122,2,5,0.03048780487804878,8,0.006097560975609756,3,3.9318256327243257,7.0710678118654755,80.0,0.04878048780487805,400,10.0,2517
i2c_ccd_config,24,4,14.0,70,5,0,2,0,0,2,0,0,1,0,0,0,0,188,320,3,0,6,4,0,0,2,7,2,1,2,10,0,1,213,172,2.2629107981220655,3,3,0.009375,7,0.0,4,4.2626798770413155,8.366600265340756,98.0,0.0,490,0.0,6494
i2c_controller,24,3,14.25,57,4,0,0,0,0,1,0,0,0,1,1,0,0,4,147,2,0,4,2,0,2,2,7,5,3,2,8,0,1,71,34,3.2816901408450705,4,1,0.006802721088435374,7,0.013605442176870748,4,4.060443010546419,7.54983443527075,99.75,0.09523809523809523,399,14.25,1808
i2c_delay,32,32,32.0,32,1,1,0,0,0,1,0,1,0,0,0,0,0,5,18,1,0,2,0,0,0,0,3,2,1,2,2,0,1,19,5,1.736842105263158,0,2,0.1111111111111111,3,0.0,0,3.4965075614664802,5.656854249492381,96.0,0.0,96,0.0,293
i2c_master_byte_ctrl,16,3,6.357142857142857,89,14,0,1,3,0,0,1,0,1,1,4,0,0,62,349,3,3,31,2,0,0,3,8,13,9,2,33,0,1,81,23,5.148148148148148,8,2,0.0057306590257879654,8,0.014326647564469915,2,4.499809670330265,9.433981132056603,50.857142857142854,0.11461318051575932,712,6.357142857142857,7053
i2c_ov7670_config,16,8,12.0,24,2,0,1,1,0,166,0,1,1,0,0,0,0,0,217,1,0,0,2,0,0,0,1,1,1,2,2,0,1,183,168,2.8469945355191255,2,168,0.7741935483870968,1,0.0,2,3.2188758248682006,4.898979485566356,12.0,0.0,24,0.0,7262
i2c_read_2byte,16,8,9.777777777777779,88,9,0,1,6,0,6,0,0,0,0,1,0,0,90,179,1,1,15,2,0,0,1,10,5,9,2,17,0,1,40,33,7.175,7,6,0.0335195530726257,10,0.00558659217877095,2,4.48863636973214,9.38083151964686,97.77777777777779,0.0558659217877095,880,0.0,3476
i2c_read_2byte_b,16,8,9.777777777777779,88,9,0,1,6,0,6,0,0,0,0,1,0,0,90,179,1,1,15,2,0,0,1,10,5,9,2,17,0,1,40,33,7.175,7,6,0.0335195530726257,10,0.00558659217877095,2,4.48863636973214,9.38083151964686,97.77777777777779,0.0558659217877095,880,0.0,3478
i2c_read_2byte_c,16,8,9.777777777777779,88,9,0,1,6,0,6,0,0,0,0,1,0,0,90,179,1,1,15,2,0,0,1,10,5,9,2,17,0,1,40,33,7.175,7,6,0.0335195530726257,10,0.00558659217877095,2,4.48863636973214,9.38083151964686,97.77777777777779,0.0558659217877095,880,0.0,3478
i2c_read_2byte_vr,16,8,9.777777777777779,88,9,0,1,6,0,6,0,0,0,0,1,0,0,90,179,1,1,15,2,0,0,1,10,5,9,2,17,0,1,40,33,7.175,7,6,0.0335195530726257,10,0.00558659217877095,2,4.48863636973214,9.38083151964686,97.77777777777779,0.0558659217877095,880,0.0,3479
i2c_read_byte_c,16,8,9.777777777777779,88,9,0,1,6,0,6,0,0,0,0,1,0,0,90,179,1,1,15,2,0,0,1,10,5,9,2,17,0,1,40,33,7.175,7,6,0.0335195530726257,10,0.00558659217877095,2,4.48863636973214,9.38083151964686,97.77777777777779,0.0558659217877095,880,0.0,3477
i2c_read_data,16,8,9.777777777777779,88,9,0,1,6,0,6,0,0,0,0,1,0,0,96,187,1,0,14,2,0,0,0,10,6,9,2,16,0,1,39,33,7.589743589743589,7,6,0.03208556149732621,10,0.0053475935828877,2,4.48863636973214,9.38083151964686,97.77777777777779,0.053475935828877004,880,0.0,3589
i2c_sda,1,1,1.0,1,0,0,0,0,1,0,0,0,1,10,1,0,0,13,89,3,4,6,0,0,1,4,3,6,1,2,7,0,1,32,8,3.4375,0,1,0.011235955056179775,3,0.12359550561797752,1,0.6931471805599453,1.0,3.0,0.3707865168539326,3,10.0,1561
i2c_user_fsm,10,3,7.166666666666667,43,6,0,0,0,0,49,51,0,0,24,56,0,0,390,966,3,8,101,6,0,1,1,173,7,7,2,108,0,1,93,182,13.03225806451613,25,100,0.10351966873706005,173,0.08281573498964803,7,3.784189633918261,6.557438524302,1239.8333333333335,14.32712215320911,7439,172.0,19166
i2c_write_2byte_b,16,8,9.416666666666666,113,12,0,2,9,0,3,0,0,0,0,0,0,0,76,155,1,1,12,2,0,0,0,9,8,8,2,14,0,1,42,28,6.142857142857143,9,3,0.01935483870967742,9,0.0,2,4.736198448394496,10.63014581273465,84.75,0.0,1017,0.0,3127
i2c_write_2byte_c,16,8,9.545454545454545,105,11,0,2,8,0,3,0,0,0,0,0,0,0,73,155,1,1,11,2,0,0,0,9,8,8,2,13,0,1,42,27,5.928571428571429,7,3,0.01935483870967742,9,0.0,2,4.663439094112067,10.246950765959598,85.9090909090909,0.0,945,0.0,3043
i2c_write_2pointer_b,16,8,9.0,81,9,0,1,7,0,3,0,0,0,0,0,0,0,71,137,1,0,11,2,0,0,0,9,6,7,2,13,0,1,36,27,6.5,7,3,0.021897810218978103,9,0.0,2,4.406719247264253,9.0,81.0,0.0,729,0.0,2763
i2c_write_2pointer_c,16,8,9.0,81,9,0,1,7,0,3,0,0,0,0,0,0,0,71,137,1,0,11,2,0,0,0,9,6,7,2,13,0,1,36,27,6.5,7,3,0.021897810218978103,9,0.0,2,4.406719247264253,9.0,81.0,0.0,729,0.0,2763
i2c_write_byte,9,8,8.11111111111111,73,9,0,0,8,0,3,0,0,0,0,0,0,0,70,146,1,1,10,2,0,0,0,9,8,8,2,12,0,1,40,26,5.925,6,3,0.02054794520547945,9,0.0,2,4.30406509320417,8.54400374531753,73.0,0.0,657,0.0,2901
i2c_write_byte_vr,9,8,8.11111111111111,73,9,0,0,8,0,3,0,0,0,0,0,0,0,70,146,1,1,10,2,0,0,0,9,8,8,2,12,0,1,40,26,5.925,6,3,0.02054794520547945,9,0.0,2,4.30406509320417,8.54400374531753,73.0,0.0,657,0.0,2904
i2c_write_pointer,9,8,8.142857142857142,57,7,0,0,6,0,3,0,0,0,0,0,0,0,67,137,1,0,9,2,0,0,0,9,6,7,2,11,0,1,36,25,6.138888888888889,6,3,0.021897810218978103,9,0.0,2,4.060443010546419,7.54983443527075,73.28571428571428,0.0,513,0.0,2646
i2c_write_pointer_vr,9,8,8.142857142857142,57,7,0,0,6,0,3,0,0,0,0,0,0,0,67,137,1,0,9,2,0,0,0,9,6,7,2,11,0,1,36,25,6.138888888888889,6,3,0.021897810218978103,9,0.0,2,4.060443010546419,7.54983443527075,73.28571428571428,0.0,513,0.0,2649
i2c_write_ptr,16,8,8.818181818181818,97,11,0,1,9,0,4,0,0,0,0,0,0,0,86,171,1,0,12,2,0,0,0,9,7,7,2,14,0,1,38,32,7.157894736842105,7,4,0.023391812865497075,9,0.0,2,4.584967478670572,9.848857801796104,79.36363636363636,0.0,873,0.0,3375
i2c_write_wdata,16,8,9.307692307692308,121,13,0,2,10,0,3,0,0,0,0,0,0,0,82,165,1,1,12,2,0,0,0,9,9,8,2,14,0,1,42,29,6.404761904761905,9,3,0.01818181818181818,9,0.0,2,4.804021044733257,11.0,83.76923076923077,0.0,1089,0.0,3309
i2s_audio,16,4,8.8,44,5,0,1,3,0,2,1,0,0,0,0,0,0,12,78,2,2,4,0,0,0,1,4,3,3,2,4,0,1,30,8,3.3666666666666667,0,3,0.038461538461538464,4,0.0,0,3.8066624897703196,6.6332495807108,35.2,0.0,176,0.0,1083
i2s_audioin,16,4,8.666666666666666,52,6,0,1,4,0,2,1,1,0,0,0,0,0,13,98,4,1,4,0,0,0,1,6,3,3,2,4,0,1,32,10,3.53125,0,4,0.04081632653061224,6,0.0,0,3.970291913552122,7.211102550927978,52.0,0.0,312,0.0,1199
i2s_decode,1,1,1.0,1,0,0,0,0,1,1,7,0,0,0,0,0,0,10,35,1,0,3,0,0,0,0,4,1,1,2,3,0,1,23,7,2.5652173913043477,0,8,0.22857142857142856,4,0.0,0,0.6931471805599453,1.0,4.0,0.0,4,0.0,539
i2s_encode,32,32,32.0,32,1,1,0,0,0,1,4,0,0,0,0,0,0,9,32,1,0,3,0,0,0,0,4,2,1,2,3,0,1,22,6,2.3636363636363638,0,5,0.15625,4,0.0,0,3.4965075614664802,5.656854249492381,128.0,0.0,128,0.0,480
i2s_in,16,4,10.0,20,2,0,1,0,0,0,1,0,1,0,0,0,0,11,56,1,1,3,0,0,0,0,6,5,3,2,3,0,1,27,6,2.6296296296296298,0,2,0.03571428571428571,6,0.0,0,3.044522437723423,4.47213595499958,60.0,0.0,120,0.0,1120
i2s_master,2,2,2.0,2,1,0,0,0,0,4,6,11,4,0,0,0,0,45,208,7,0,31,4,0,2,0,11,3,5,2,37,0,1,43,26,6.023255813953488,6,25,0.1201923076923077,11,0.0,6,1.0986122886681098,1.4142135623730951,22.0,0.0,22,0.0,2628
i2s_out,16,16,16.0,32,2,0,2,0,0,0,1,0,1,1,0,0,0,11,61,3,0,6,0,0,0,0,5,7,1,2,6,0,1,25,7,3.36,0,2,0.03278688524590164,5,0.01639344262295082,0,3.4965075614664802,5.656854249492381,80.0,0.0819672131147541,160,16.0,1068
i2s_read,16,3,9.5,57,6,0,2,0,0,1,0,1,0,0,0,0,0,13,84,2,2,5,2,0,0,0,4,4,2,2,7,0,1,43,11,3.4651162790697674,2,2,0.023809523809523808,4,0.0,2,4.060443010546419,7.54983443527075,38.0,0.0,228,0.0,1798
i2s_top,16,16,16.0,64,4,0,4,0,0,0,0,0,1,2,0,0,0,10,124,1,2,0,0,0,0,12,10,6,3,2,0,0,1,60,12,2.783333333333333,1,1,0.008064516129032258,10,0.016129032258064516,0,4.174387269895637,8.0,160.0,0.16129032258064516,640,32.0,2916
i2s_transmitter,32,2,17.75862068965517,515,29,11,0,7,0,4,12,0,1,55,0,1,0,125,508,7,7,88,8,0,24,20,40,10,8,2,120,0,1,130,52,5.561538461538461,13,17,0.03346456692913386,42,0.11023622047244094,32,6.246106765481563,22.693611435820433,710.3448275862069,4.6299212598425195,21630,994.4827586206895,14541
i2s_write,16,3,11.0,88,8,0,3,0,0,2,0,1,0,0,0,0,0,17,102,3,0,7,2,0,0,0,6,4,1,2,9,0,1,45,17,4.222222222222222,2,3,0.029411764705882353,6,0.0,2,4.48863636973214,9.38083151964686,66.0,0.0,528,0.0,2313
ibex_aes_sbox,21,8,14.095238095238095,296,21,0,0,10,0,0,0,0,0,34,0,157,0,0,422,0,7,0,0,0,2,9,166,7,1,2,2,0,1,96,166,10.927083333333334,21,0,0.0,480,0.45260663507109006,2,5.6937321388027,17.204650534085253,2339.809523809524,217.25118483412322,142080,2692.190476190476,6945
ibex_alu,192,1,29.286624203821656,4598,157,86,7,5,1,142,49,120,0,87,87,12,92,287,698,41,97,134,34,31,45,89,61,8,7,2,213,0,1,302,190,7.235099337748345,42,311,0.4455587392550143,85,0.2664756446991404,79,8.433594167539924,67.80855403265875,1786.4840764331211,22.650429799426934,390830,2899.375796178344,29958
ibex_branch_predict,32,2,13.73076923076923,357,26,9,0,1,0,1,0,1,0,5,5,0,0,8,56,1,12,0,2,0,0,17,1,5,2,2,2,0,1,41,34,3.731707317073171,3,2,0.03571428571428571,1,0.17857142857142858,2,5.8805329864007,18.894443627691185,13.73076923076923,0.17857142857142858,357,68.65384615384615,1792
ibex_compressed_decoder,32,2,4.445945945945946,329,74,2,0,1,0,0,0,1,0,0,0,0,0,12,115,1,4,11,12,0,0,8,2,4,3,2,23,0,1,59,113,6.966101694915254,8,1,0.008695652173913044,2,0.0,12,5.799092654460526,18.138357147217054,8.891891891891891,0.0,658,0.0,4753
ibex_controller,32,1,12.0,240,20,5,1,0,2,1,2,4,0,37,46,0,0,26,536,5,33,62,4,1,9,70,45,39,27,2,75,0,1,184,70,6.396739130434782,19,7,0.013059701492537313,45,0.15485074626865672,13,5.484796933490655,15.491933384829668,540.0,6.968283582089552,10800,444.0,14151
ibex_counter,64,1,39.46153846153846,513,13,8,0,0,1,1,11,1,0,0,1,0,0,3,77,2,11,7,0,0,0,11,4,6,2,2,7,0,1,44,17,4.0,3,13,0.16883116883116883,4,0.012987012987012988,0,6.2422232654551655,22.64950330581225,157.84615384615384,0.05194805194805195,2052,0.0,2116
ibex_csr,32,1,16.5,33,2,1,0,0,1,0,5,0,0,0,0,0,0,5,43,2,3,5,0,0,0,6,2,4,2,2,5,0,1,34,6,2.7941176470588234,0,5,0.11627906976744186,2,0.0,0,3.5263605246161616,5.744562646538029,33.0,0.0,66,0.0,903
ibex_decoder,32,1,7.505154639175258,728,97,10,0,1,3,0,0,4,0,11,15,0,0,182,1099,5,26,153,50,0,50,32,48,7,46,2,253,0,1,375,162,6.608,38,4,0.003639672429481347,48,0.023657870791628753,100,6.591673732008658,26.981475126464083,360.24742268041234,1.13557779799818,34944,82.55670103092784,31352
ibex_efpga,32,2,17.5,140,8,4,0,0,0,1,0,0,0,2,1,0,0,21,73,1,1,4,4,0,0,10,4,9,3,2,8,0,1,43,10,3.1627906976744184,0,1,0.0136986301369863,4,0.0410958904109589,4,4.948759890378168,11.832159566199232,70.0,0.1643835616438356,560,35.0,1445
ibex_ex_block,68,1,29.64864864864865,1097,37,19,0,0,1,7,2,0,0,0,4,0,0,5,227,0,15,5,0,0,8,56,0,26,8,2,13,0,1,127,56,3.7716535433070866,3,9,0.039647577092511016,0,0.01762114537444934,8,7.001245622069476,33.12099032335839,0.0,0.0,0,0.0,6756
ibex_fetch_fifo,32,1,24.42105263157895,464,19,8,3,0,1,19,30,11,0,22,9,0,0,16,162,6,32,21,0,2,12,32,9,8,6,2,33,0,1,79,44,6.215189873417722,9,60,0.37037037037037035,9,0.19135802469135801,12,6.142037405587356,21.540659228538015,219.78947368421055,1.722222222222222,4176,537.2631578947369,5253
ibex_id_stage,68,1,18.290697674418606,1573,86,36,1,0,6,5,3,13,0,66,35,0,0,27,792,15,103,28,16,1,24,203,26,45,72,2,68,0,1,363,203,5.132231404958677,22,21,0.026515151515151516,26,0.1275252525252525,40,7.3613754289773485,39.66106403010388,475.55813953488376,3.3156565656565653,40898,1207.186046511628,24611
ibex_int_controller,5,2,3.3333333333333335,30,9,0,0,0,0,0,0,1,0,2,0,0,0,5,80,2,3,2,4,0,0,10,4,7,2,2,6,0,1,39,10,3.128205128205128,0,1,0.0125,4,0.025,4,3.4339872044851463,5.477225575051661,13.333333333333334,0.1,120,6.666666666666667,1316
ibex_load_store_unit,32,2,17.96875,1150,64,20,11,17,0,0,0,7,0,14,14,0,0,29,338,11,18,24,22,0,4,31,27,13,16,2,50,0,1,103,34,7.407766990291262,26,7,0.020710059171597635,27,0.08284023668639054,26,7.048386408721883,33.91164991562634,485.15625,2.2366863905325447,31050,251.5625,9309
ibex_multdiv_fast,68,1,22.20212765957447,2087,94,21,34,0,2,10,14,12,0,17,3,2,1,27,387,11,46,17,6,0,11,57,36,16,6,2,34,0,1,141,57,6.588652482269503,23,36,0.09302325581395349,40,0.056847545219638244,17,7.643961949002529,45.68369512200168,799.2765957446809,2.2739018087855296,83480,421.8404255319149,11975
ibex_multdiv_slow,68,2,29.235294117647058,1491,51,21,0,0,0,2,4,2,0,21,8,1,8,37,272,3,26,48,14,0,15,40,15,16,6,2,77,0,1,91,40,6.747252747252747,15,8,0.029411764705882353,17,0.11029411764705882,29,7.307872780763706,38.61346915261564,438.52941176470586,1.875,25347,643.1764705882352,8153
ibex_poly16_mul,32,16,21.333333333333332,64,3,1,2,0,0,0,0,0,0,144,0,205,0,0,724,0,350,0,0,0,0,352,0,2,1,2,0,0,1,360,352,5.9527777777777775,4,0,0.0,410,0.48204419889502764,0,4.174387269895637,8.0,0.0,197.63812154696134,26240,7445.333333333333,13858
ibex_prefetch_buffer,32,1,17.625,564,32,14,0,0,4,3,4,0,0,29,19,0,0,19,196,5,33,27,0,2,9,50,7,14,8,2,36,0,1,106,50,4.952830188679245,5,7,0.03571428571428571,7,0.24489795918367346,9,6.336825731146441,23.748684174075834,123.375,1.7142857142857142,3948,511.125,6426
ibex_register_file_ff,32,1,14.090909090909092,155,11,4,0,0,2,9,12,11,0,1,0,0,0,7,88,3,8,5,0,2,3,15,16,10,2,2,8,0,1,58,21,3.6724137931034484,3,32,0.36363636363636365,16,0.011363636363636364,3,5.049856007249537,12.449899597988733,225.45454545454547,0.18181818181818182,2480,14.090909090909092,2287
ibex_register_file_fpga,32,1,14.125,113,8,3,0,0,2,0,5,2,0,0,0,0,0,5,49,1,6,1,0,0,4,15,2,9,2,2,5,0,1,41,15,2.902439024390244,1,7,0.14285714285714285,2,0.0,4,4.736198448394496,10.63014581273465,28.25,0.0,226,0.0,1284
ibex_register_file_latch,32,1,14.090909090909092,155,11,4,0,0,2,3,15,7,0,3,0,0,0,6,120,6,9,6,0,3,2,21,7,10,2,2,8,0,1,77,21,3.7012987012987013,2,25,0.20833333333333334,7,0.025,2,5.049856007249537,12.449899597988733,98.63636363636364,0.17500000000000002,1085,42.27272727272727,3076
ibex_sm4_sbox,21,8,14.583333333333334,175,12,0,0,5,0,0,0,0,0,34,0,95,0,0,282,0,3,0,0,0,0,4,109,4,1,2,0,0,1,87,109,7.827586206896552,10,0,0.0,299,0.4574468085106383,0,5.170483995038151,13.228756555322953,1589.5833333333335,136.77659574468086,52325,1881.25,4498
ibex_wb_stage,32,1,17.35,347,20,10,0,0,2,0,0,0,0,18,6,0,0,27,163,3,38,6,0,0,0,36,10,14,14,2,6,0,1,76,38,5.144736842105263,4,0,0.0,10,0.147239263803681,0,5.8522024797744745,18.627936010197157,173.5,1.47239263803681,3470,312.3,5267
ibuf,191,1,20.798076923076923,2163,104,21,7,4,4,5,7,0,0,13,9,0,5,26,255,1,18,49,0,0,18,73,16,14,17,2,67,0,1,170,73,3.958823529411765,11,12,0.047058823529411764,16,0.08627450980392157,18,7.679713639966372,46.50806381693394,332.7692307692308,1.380392156862745,34608,270.375,9271
ibus,16,16,16.0,32,2,0,2,0,0,0,5,4,0,0,0,0,0,1,41,1,1,0,0,0,0,2,2,2,1,2,0,0,1,25,3,1.72,0,9,0.21951219512195122,2,0.0,0,3.4965075614664802,5.656854249492381,32.0,0.0,64,0.0,402
icache,256,1,39.986666666666665,5998,150,65,1,4,12,3,1,0,0,33,19,0,6,66,527,1,45,58,0,0,8,159,38,14,6,2,66,0,1,296,159,4.391891891891892,16,4,0.007590132827324478,38,0.09867172675521822,8,8.699348067653093,77.44675590365293,1519.4933333333333,3.7495256166982927,227924,1319.56,19322
icache_tag_ram,256,20,98.66666666666667,296,3,0,0,0,0,0,0,0,0,0,0,0,0,2,61,1,1,1,0,0,0,0,2,5,1,2,1,0,1,20,5,1.75,0,0,0.0,2,0.0,0,5.6937321388027,17.204650534085253,197.33333333333334,0.0,592,0.0,512
id,26,4,15.2,76,5,0,1,0,0,8,0,13,1,10,8,0,0,236,668,13,5,25,40,0,6,14,94,8,26,2,71,0,1,168,121,6.6726190476190474,26,22,0.03293413173652695,94,0.02694610778443114,46,4.343805421853684,8.717797887081348,1428.8,2.532934131736527,7144,152.0,22957
id2exe,32,32,32.0,64,2,2,0,0,0,0,4,0,0,0,0,0,0,13,38,1,0,1,0,0,0,0,7,5,4,2,1,0,1,41,5,3.024390243902439,0,4,0.10526315789473684,7,0.0,0,4.174387269895637,8.0,224.0,0.0,448,0.0,1290
idecode,32,1,7.526315789473684,715,95,3,2,3,10,18,8,5,0,164,62,0,0,124,783,16,70,68,4,0,9,33,21,5,19,2,81,0,1,195,70,6.702564102564103,26,31,0.03959131545338442,21,0.2886334610472541,13,6.573680166960646,26.739483914241877,158.05263157894737,6.061302681992337,15015,1234.3157894736842,14026
identifier_block,29,7,12.3,123,10,0,0,0,0,0,0,0,0,0,0,0,0,8,34,1,3,3,0,0,0,1,2,4,1,2,3,0,1,26,4,2.3076923076923075,0,0,0.0,2,0.0,0,4.820281565605037,11.090536506409418,24.6,0.0,246,0.0,464
idex,4,4,4.0,8,2,0,0,0,0,0,0,0,1,0,0,0,0,0,168,0,0,0,0,0,0,0,10,24,19,2,0,0,1,84,24,3.4761904761904763,8,1,0.005952380952380952,10,0.0,0,2.1972245773362196,2.8284271247461903,40.0,0.0,80,0.0,4796
idexregs,32,2,15.971428571428572,559,35,15,0,0,0,0,0,0,0,0,0,0,0,34,138,1,16,12,0,0,0,0,80,19,16,2,12,0,1,68,19,3.426470588235294,4,0,0.0,80,0.0,0,6.327936783729195,23.643180835073778,1277.7142857142858,0.0,44720,0.0,3519
idu,64,2,10.714285714285714,225,21,1,0,2,0,0,0,5,0,94,14,0,0,14,281,5,8,16,8,0,0,28,16,6,12,2,24,0,1,121,73,4.322314049586777,9,5,0.017793594306049824,16,0.38434163701067614,8,5.420534999272286,15.0,171.42857142857142,6.149466192170818,3600,1007.1428571428571,7236
id_cache,32,2,10.5,84,8,2,0,0,0,0,0,0,1,0,0,0,0,42,71,1,0,3,0,0,0,0,21,5,5,2,3,0,1,46,5,3.5,0,1,0.014084507042253521,21,0.0,0,4.442651256490317,9.16515138991168,220.5,0.0,1764,0.0,1771
id_ex,32,2,13.0,156,12,4,0,0,0,0,0,0,0,0,0,0,0,0,134,0,0,0,0,0,0,0,10,10,9,2,0,0,1,67,33,4.208955223880597,7,0,0.0,10,0.0,0,5.056245805348308,12.489995996796797,130.0,0.0,1560,0.0,3532
id_exe,1,1,1.0,1,0,0,0,0,1,0,0,0,0,2,0,0,0,30,70,1,0,3,0,0,0,13,16,13,10,2,3,0,1,51,13,3.372549019607843,2,0,0.0,16,0.02857142857142857,0,0.6931471805599453,1.0,16.0,0.45714285714285713,16,2.0,2509
id_exe_reg,32,5,14.333333333333334,86,6,2,0,0,0,0,0,0,1,0,0,0,0,36,73,1,0,1,0,0,0,6,26,6,5,2,1,0,1,56,6,2.482142857142857,0,1,0.0136986301369863,26,0.0,0,4.465908118654584,9.273618495495704,372.6666666666667,0.0,2236,0.0,2261
id_ex_reg,1,1,1.0,1,0,0,0,0,1,0,0,0,0,0,0,0,0,0,6,0,0,0,0,0,0,0,1,0,0,2,0,0,1,3,1,1.0,0,0,0.0,1,0.0,0,0.6931471805599453,1.0,1.0,0.0,1,0.0,33
id_ex_register,32,5,21.142857142857142,296,14,8,0,0,0,0,0,0,1,0,0,0,0,1,44,1,0,1,0,0,0,0,7,8,7,2,1,0,1,28,8,2.3214285714285716,0,1,0.022727272727272728,7,0.0,0,5.6937321388027,17.204650534085253,148.0,0.0,2072,0.0,649
id_ex_stage_reg,32,2,15.4,231,15,6,0,0,0,0,0,0,0,0,0,0,0,3,115,1,0,35,0,0,0,0,79,10,8,2,35,0,1,55,36,4.781818181818182,1,0,0.0,79,0.0,0,5.44673737166631,15.198684153570664,1216.6000000000001,0.0,18249,0.0,3623
id_iex,32,5,20.428571428571427,143,7,4,0,0,0,0,0,0,0,0,0,0,0,39,64,1,0,2,0,0,0,0,4,4,4,2,2,0,1,41,4,2.8048780487804876,0,0,0.0,4,0.0,0,4.969813299576001,11.958260743101398,81.71428571428571,0.0,572,0.0,1697
id_reg,1,1,1.0,1,0,0,0,0,1,0,2,0,0,0,0,0,0,0,15,0,0,0,0,0,0,1,1,3,1,2,0,0,1,19,3,1.631578947368421,0,2,0.13333333333333333,1,0.0,0,0.6931471805599453,1.0,1.0,0.0,1,0.0,283
id_resp_fifo,128,6,16.76923076923077,218,13,0,0,8,0,5,3,0,0,8,0,2,2,159,208,5,5,9,0,0,5,2,7,6,3,2,14,0,1,38,140,11.578947368421053,4,8,0.038461538461538464,11,0.04807692307692308,5,5.389071729816501,14.7648230602334,117.38461538461539,0.5288461538461539,2398,167.6923076923077,5463
id_send_fifo,128,6,16.76923076923077,218,13,0,0,8,0,5,3,0,0,8,0,2,2,159,208,5,5,9,0,0,5,2,7,6,3,2,14,0,1,38,140,11.578947368421053,4,8,0.038461538461538464,11,0.04807692307692308,5,5.389071729816501,14.7648230602334,117.38461538461539,0.5288461538461539,2398,167.6923076923077,5473
id_stage,32,3,7.75,124,16,1,0,1,0,0,0,0,0,7,0,0,0,19,71,0,22,0,0,0,19,20,0,4,10,2,19,0,1,30,22,5.566666666666666,4,0,0.0,0,0.09859154929577464,19,4.8283137373023015,11.135528725660043,0.0,0.0,0,54.25,1825
ie,32,3,12.0,156,13,2,0,1,0,0,0,1,1,0,0,0,0,7,56,1,0,0,2,0,0,0,1,2,1,2,2,0,1,23,18,2.869565217391304,1,2,0.03571428571428571,1,0.0,2,5.056245805348308,12.489995996796797,12.0,0.0,156,0.0,1009
iex_imem,32,5,23.0,138,6,4,0,0,0,0,0,0,0,0,0,0,0,8,34,1,0,1,0,0,0,0,3,4,3,2,1,0,1,22,4,2.6818181818181817,0,0,0.0,3,0.0,0,4.9344739331306915,11.74734012447073,69.0,0.0,414,0.0,647
if,32,32,32.0,128,4,4,0,0,0,1,0,0,0,0,0,0,0,0,26,0,3,0,0,0,1,2,4,4,1,2,1,0,1,24,4,2.1666666666666665,0,1,0.038461538461538464,4,0.0,1,4.859812404361672,11.313708498984761,128.0,0.0,512,0.0,525
if2id,32,32,32.0,64,2,2,0,0,0,0,0,0,0,0,0,0,0,6,27,1,0,3,0,0,0,0,1,2,1,2,3,0,1,20,6,2.7,0,0,0.0,1,0.0,0,4.174387269895637,8.0,32.0,0.0,64,0.0,536
ifetch,1,1,1.0,1,0,0,0,0,1,3,10,0,1,14,0,0,0,26,113,1,7,9,0,0,1,15,20,9,6,2,10,0,1,52,15,4.134615384615385,3,14,0.12389380530973451,20,0.12389380530973451,1,0.6931471805599453,1.0,20.0,2.47787610619469,20,14.0,3573
ifid,1,1,1.0,1,0,0,0,0,1,0,0,0,1,0,0,0,0,0,30,0,0,0,0,0,0,0,0,7,2,2,0,0,1,23,7,2.0434782608695654,0,1,0.03333333333333333,0,0.0,0,0.6931471805599453,1.0,0.0,0.0,0,0.0,602
ifidreg,32,32,32.0,128,4,4,0,0,0,0,0,0,1,0,0,0,0,7,49,1,0,3,0,0,0,0,2,6,2,2,3,0,1,22,6,2.772727272727273,0,1,0.02040816326530612,2,0.0,0,4.859812404361672,11.313708498984761,64.0,0.0,256,0.0,538
ifidregs,32,32,32.0,192,6,6,0,0,0,0,0,0,0,0,0,0,0,6,30,1,2,2,0,0,0,0,10,5,2,2,2,0,1,23,5,2.1739130434782608,0,0,0.0,10,0.0,0,5.262690188904886,13.856406460551018,320.0,0.0,1920,0.0,591
ifid_reg,32,32,32.0,128,4,4,0,0,0,0,0,0,0,0,0,0,0,0,17,1,0,1,0,0,0,0,3,4,2,2,1,0,1,17,4,1.7647058823529411,0,0,0.0,3,0.0,0,4.859812404361672,11.313708498984761,96.0,0.0,384,0.0,329
ifsegreg,32,32,32.0,64,2,2,0,0,0,0,0,0,1,0,0,0,0,3,42,1,0,3,0,0,0,4,1,4,1,2,3,0,1,22,5,2.0,0,1,0.023809523809523808,1,0.0,0,4.174387269895637,8.0,32.0,0.0,64,0.0,502
ifstage,32,32,32.0,96,3,3,0,0,0,0,0,0,0,0,0,0,1,2,39,0,1,0,0,0,0,1,3,2,1,2,0,0,1,38,5,1.8157894736842106,0,0,0.0,3,0.0,0,4.574710978503383,9.797958971132712,96.0,0.0,288,0.0,726
ifu,6,6,6.0,6,1,0,0,0,0,0,0,0,0,0,0,0,0,17,66,2,3,6,0,0,0,7,7,8,6,2,6,0,1,42,11,3.2142857142857144,2,0,0.0,7,0.0,0,1.9459101490553132,2.449489742783178,42.0,0.0,42,0.0,1972
ifu_minidec,1,1,1.0,1,0,0,0,0,1,0,5,0,0,0,0,0,0,0,64,0,0,1,0,0,0,0,0,1,10,2,1,0,1,33,10,2.0,0,5,0.078125,0,0.0,0,0.6931471805599453,1.0,0.0,0.0,0,0.0,856
if_cache,32,32,32.0,64,2,2,0,0,0,0,0,0,1,0,0,0,0,3,31,1,0,4,0,0,0,0,1,2,1,2,4,0,1,25,5,2.64,0,1,0.03225806451612903,1,0.0,0,4.174387269895637,8.0,32.0,0.0,64,0.0,592
if_decode,16,4,6.153846153846154,80,13,0,1,4,0,0,1,0,1,0,0,0,0,1,74,2,0,2,0,0,0,0,18,2,5,2,2,0,1,40,25,2.875,1,2,0.02702702702702703,18,0.0,0,4.394449154672439,8.94427190999916,110.76923076923077,0.0,1440,0.0,1828
if_id,32,32,32.0,64,2,2,0,0,0,0,0,0,0,0,0,0,0,0,26,0,0,6,0,0,0,0,0,2,1,2,6,0,1,24,7,2.4166666666666665,0,0,0.0,0,0.0,0,4.174387269895637,8.0,0.0,0.0,0,0.0,655
if_id_reg,32,32,32.0,128,4,4,0,0,0,0,0,0,0,0,0,0,0,9,40,1,0,10,0,0,0,2,4,2,2,2,10,0,1,28,5,2.3214285714285716,0,0,0.0,4,0.0,0,4.859812404361672,11.313708498984761,128.0,0.0,512,0.0,820
if_id_register,32,32,32.0,128,4,4,0,0,0,0,0,0,1,0,0,0,0,1,28,1,0,1,0,0,0,0,2,3,2,2,1,0,1,18,3,1.6666666666666667,0,1,0.03571428571428571,2,0.0,0,4.859812404361672,11.313708498984761,64.0,0.0,256,0.0,339
if_id_stage_reg,32,32,32.0,96,3,3,0,0,0,0,0,0,0,0,0,0,0,9,38,1,0,10,0,0,0,0,2,3,1,2,10,0,1,23,6,2.739130434782609,0,0,0.0,2,0.0,0,4.574710978503383,9.797958971132712,64.0,0.0,192,0.0,680
if_pp,1,1,1.0,1,0,0,0,0,1,1,5,0,0,0,0,0,0,2,35,1,2,3,0,0,1,0,1,6,3,2,4,0,1,27,6,2.111111111111111,0,6,0.17142857142857143,1,0.0,1,0.6931471805599453,1.0,1.0,0.0,1,0.0,820
if_reg,1,1,1.0,1,0,0,0,0,1,1,0,0,0,0,0,0,0,16,58,1,0,5,0,0,0,8,4,8,3,2,5,0,1,35,8,3.0,0,1,0.017241379310344827,4,0.0,0,0.6931471805599453,1.0,4.0,0.0,4,0.0,1463
if_stage,64,64,64.0,64,1,0,0,0,0,1,0,0,0,0,0,0,0,4,35,1,2,2,0,0,1,4,1,2,2,2,3,0,1,23,5,1.8695652173913044,0,1,0.02857142857142857,1,0.0,1,4.174387269895637,8.0,64.0,0.0,64,0.0,370
iic,9,2,6.625,53,8,0,0,4,0,30,14,0,1,0,0,0,0,174,292,1,4,59,4,0,1,0,9,5,3,2,64,0,1,53,89,11.39622641509434,14,45,0.1541095890410959,9,0.0,5,3.9889840465642745,7.280109889280518,59.625,0.0,477,0.0,5976
iiitb_pwm_gen,28,4,12.0,36,3,0,0,0,0,3,1,0,0,8,0,0,0,25,66,1,4,5,0,0,3,2,5,3,1,2,8,0,1,33,9,3.606060606060606,0,4,0.06060606060606061,5,0.12121212121212122,3,3.6109179126442243,6.0,60.0,0.6060606060606061,180,96.0,1320
iiitb_sipo,4,4,4.0,8,2,0,0,0,0,0,0,0,1,0,0,0,0,2,24,1,1,1,0,0,0,0,1,2,3,4,1,0,1,24,14,2.875,1,1,0.041666666666666664,1,0.0,0,2.1972245773362196,2.8284271247461903,4.0,0.0,8,0.0,450
iir_filter,61,2,28.415384615384614,1847,65,4,9,7,0,6,6,8,0,3,1,1,0,16,214,4,3,11,0,0,13,16,11,32,7,6,24,0,1,90,27,4.444444444444445,9,20,0.09345794392523364,13,0.02336448598130841,13,7.521859252201629,42.9767378938886,312.5692307692307,0.3037383177570093,24011,113.66153846153846,3912
iis,32,5,15.166666666666666,91,6,2,0,2,0,4,2,3,1,0,0,0,1,71,180,5,1,8,2,0,0,4,7,2,3,2,10,0,1,41,51,5.512195121951219,3,10,0.05555555555555555,7,0.0,2,4.5217885770490405,9.539392014169456,106.16666666666666,0.0,637,0.0,4141
ilru,32,2,2.448529411764706,333,136,1,1,1,0,0,0,1,1,0,0,0,0,242,424,3,0,36,2,0,0,0,7,5,1,2,38,0,1,63,80,12.365079365079366,13,2,0.0047169811320754715,7,0.0,2,5.811140992976701,18.24828759089466,17.139705882352942,0.0,2331,0.0,13833
ima_adpcm_enc,20,3,12.16,304,25,0,3,1,0,7,4,0,0,4,0,0,0,156,406,6,3,29,6,0,0,1,10,4,5,2,35,0,1,199,100,3.336683417085427,12,11,0.027093596059113302,10,0.009852216748768473,6,5.720311776607412,17.435595774162696,121.6,0.09852216748768473,3040,48.64,7357
imdct,40,2,13.702127659574469,644,47,0,0,0,0,20,1,0,0,26,60,0,0,126,634,36,0,51,26,0,0,0,68,11,9,2,77,0,1,139,77,9.0,31,21,0.033123028391167195,68,0.13564668769716087,26,6.4692503167957724,25.37715508089904,931.7446808510639,9.22397476340694,43792,356.25531914893617,13079
imem,32,32,32.0,128,4,4,0,0,0,0,0,0,0,0,0,0,0,0,19,0,11,0,0,0,0,1,0,1,1,2,0,0,1,19,12,2.3684210526315788,2,0,0.0,0,0.0,0,4.859812404361672,11.313708498984761,0.0,0.0,0,0.0,472
imem_iw,32,5,23.0,138,6,4,0,0,0,0,0,0,0,0,0,0,0,8,34,1,0,1,0,0,0,0,3,4,3,2,1,0,1,22,4,2.6818181818181817,0,0,0.0,3,0.0,0,4.9344739331306915,11.74734012447073,69.0,0.0,414,0.0,744
imm,20,4,7.5,75,10,0,0,1,0,0,8,0,0,0,0,0,0,0,42,0,7,0,0,0,5,6,0,7,1,2,5,0,1,26,18,3.423076923076923,1,8,0.19047619047619047,0,0.0,5,4.330733340286331,8.660254037844387,0.0,0.0,0,0.0,1511
imm32gen,20,4,9.833333333333334,118,12,0,0,1,0,0,2,1,0,0,0,0,0,0,24,1,0,0,2,0,0,1,1,1,1,2,2,0,1,28,22,2.2142857142857144,1,3,0.125,1,0.0,2,4.77912349311153,10.862780491200215,9.833333333333334,0.0,118,0.0,626
imme,32,3,13.107142857142858,367,28,2,0,2,0,0,0,1,0,0,0,0,0,8,81,1,0,8,2,0,0,0,2,2,1,2,10,0,1,26,23,4.269230769230769,4,1,0.012345679012345678,2,0.0,2,5.908082938168931,19.157244060668017,26.214285714285715,0.0,734,0.0,1863
immediate,64,6,37.92307692307692,493,13,7,0,0,0,0,13,1,0,0,0,0,0,0,50,1,9,0,8,0,0,10,1,1,1,2,8,0,1,45,27,3.2,2,14,0.28,1,0.0,8,6.202535517187923,22.20360331117452,37.92307692307692,0.0,493,0.0,1917
immediateg,32,4,19.416666666666668,233,12,6,0,0,0,0,0,1,0,0,0,0,0,0,21,1,0,0,2,0,0,0,1,1,1,2,2,0,1,18,10,1.9444444444444444,0,1,0.047619047619047616,1,0.0,2,5.455321115357702,15.264337522473747,19.416666666666668,0.0,233,0.0,561
immediategenerator,32,4,8.947368421052632,170,19,2,0,3,0,0,0,1,0,0,0,0,0,0,18,1,0,0,2,0,0,0,1,1,1,2,2,0,1,24,32,2.75,1,1,0.05555555555555555,1,0.0,2,5.14166355650266,13.038404810405298,8.947368421052632,0.0,170,0.0,857
immediate_extractor,8,2,5.0,30,6,0,0,2,0,0,0,1,0,0,0,0,0,0,13,1,0,0,2,0,0,0,1,2,1,2,2,0,1,21,5,1.4761904761904763,0,1,0.07692307692307693,1,0.0,2,3.4339872044851463,5.477225575051661,5.0,0.0,30,0.0,372
immediate_gen,32,4,18.857142857142858,264,14,6,0,1,0,0,0,1,0,0,0,0,0,0,17,1,0,0,0,0,0,1,5,1,5,2,0,0,1,17,17,2.823529411764706,1,1,0.058823529411764705,5,0.0,0,5.579729825986222,16.24807680927192,94.28571428571429,0.0,1320,0.0,575
immediate_generator,32,3,8.764705882352942,149,17,2,0,2,0,0,0,1,0,0,0,0,0,0,25,1,0,0,2,0,0,2,1,2,1,2,2,0,1,26,26,2.3846153846153846,1,1,0.04,1,0.0,2,5.0106352940962555,12.206555615733702,8.764705882352942,0.0,149,0.0,882
immext,32,3,14.576923076923077,379,26,3,0,1,0,0,0,1,1,0,0,0,0,14,61,1,6,4,2,0,0,8,1,2,1,2,6,0,1,35,13,3.3142857142857145,2,2,0.03278688524590164,1,0.0,2,5.940171252720432,19.467922333931785,14.576923076923077,0.0,379,0.0,1634
immgen,32,5,10.41025641025641,406,39,2,0,0,0,0,0,0,0,0,0,0,0,21,44,1,6,7,2,0,0,6,1,1,1,2,9,0,1,43,23,3.488372093023256,3,0,0.0,1,0.0,2,6.008813185442595,20.149441679609886,10.41025641025641,0.0,406,0.0,1676
immgene,32,3,10.61111111111111,191,18,2,0,2,0,0,0,1,0,0,0,0,0,4,18,1,0,0,2,0,4,0,1,2,1,2,6,0,1,28,28,2.4285714285714284,1,1,0.05555555555555555,1,0.0,6,5.2574953720277815,13.820274961085254,10.61111111111111,0.0,191,0.0,812
imm_decode,32,3,11.125,178,16,2,0,1,0,0,0,0,0,6,1,0,0,11,34,1,0,1,2,0,0,3,1,3,1,2,3,0,1,32,23,2.40625,1,0,0.0,1,0.20588235294117646,2,5.187385805840755,13.341664064126334,11.125,0.20588235294117646,178,66.75,1417
imm_ext,32,4,12.166666666666666,146,12,2,0,1,0,0,0,1,0,0,0,0,0,7,25,1,0,2,2,0,0,0,1,3,1,2,4,0,1,25,17,2.28,1,1,0.04,1,0.0,2,4.990432586778736,12.083045973594572,12.166666666666666,0.0,146,0.0,904
imm_extend,32,3,9.214285714285714,129,14,1,0,1,0,0,0,1,0,2,4,0,0,4,59,1,0,10,0,0,0,7,1,8,1,2,10,0,1,35,21,3.5714285714285716,1,1,0.01694915254237288,1,0.1016949152542373,0,4.867534450455582,11.357816691600547,9.214285714285714,0.1016949152542373,129,18.428571428571427,1881
imm_gen,32,3,12.1,242,20,3,0,1,0,0,0,0,0,0,0,0,0,10,24,0,1,0,0,0,10,3,0,1,1,2,10,0,1,25,24,2.68,1,0,0.0,0,0.0,10,5.493061443340548,15.556349186104045,0.0,0.0,0,0.0,1055
imm_generator,32,4,12.0,132,11,2,0,1,0,0,1,1,0,0,0,0,0,0,31,1,1,0,2,0,0,1,1,2,1,2,2,0,1,27,17,2.0,1,2,0.06451612903225806,1,0.0,2,4.890349128221754,11.489125293076057,12.0,0.0,132,0.0,661
imm_joint,32,3,18.6875,299,16,7,0,1,0,0,0,1,0,0,0,0,0,0,49,1,5,0,2,0,0,5,1,2,1,2,2,0,1,29,15,2.8620689655172415,1,1,0.02040816326530612,1,0.0,2,5.703782474656201,17.291616465790582,18.6875,0.0,299,0.0,1180
incheck,10,3,5.666666666666667,17,3,0,0,0,0,0,0,0,1,100,25,4,0,0,69,1,4,0,27,0,0,2,1,5,1,2,27,0,1,45,20,4.955555555555556,7,1,0.014492753623188406,9,1.8695652173913044,27,2.8903717578961645,4.123105625617661,5.666666666666667,16.82608695652174,153,589.3333333333334,1633
increment,32,32,32.0,64,2,2,0,0,0,0,0,0,0,0,0,0,0,0,7,0,0,0,0,0,0,0,0,1,2,2,0,0,1,14,4,1.7142857142857142,0,0,0.0,0,0.0,0,4.174387269895637,8.0,0.0,0.0,0,0.0,185
incrementalencodercontroller,32,2,7.666666666666667,46,6,1,0,0,0,0,0,0,1,0,0,0,0,0,64,0,3,0,0,0,0,12,1,7,5,2,0,0,1,28,12,2.9285714285714284,1,1,0.015625,1,0.0,0,3.8501476017100584,6.782329983125268,7.666666666666667,0.0,46,0.0,823
incrementer,32,32,32.0,64,2,2,0,0,0,1,0,0,1,0,0,0,0,0,12,0,1,0,0,0,0,2,0,1,1,2,0,0,1,10,2,1.3,0,2,0.16666666666666666,0,0.0,0,4.174387269895637,8.0,0.0,0.0,0,0.0,142
incrementor,1,1,1.0,1,0,0,0,0,1,1,2,0,0,0,0,0,0,0,9,0,1,0,0,0,0,0,0,1,1,2,0,0,1,10,3,1.6,0,3,0.3333333333333333,0,0.0,0,0.6931471805599453,1.0,0.0,0.0,0,0.0,150
inc_enc_to_sevseg,8,4,6.739130434782608,155,23,0,0,3,0,2,5,1,0,0,0,0,0,12,173,4,2,6,2,0,2,3,4,12,5,10,10,0,1,84,22,3.1547619047619047,4,8,0.046242774566473986,4,0.0,4,5.049856007249537,12.449899597988733,26.956521739130434,0.0,620,0.0,2622
input_capture,16,16,16.0,32,2,0,2,0,0,1,0,0,1,1,0,0,0,15,102,2,3,6,0,0,0,2,5,6,2,2,6,0,1,32,9,3.46875,0,2,0.0196078431372549,5,0.00980392156862745,0,3.4965075614664802,5.656854249492381,80.0,0.049019607843137254,160,16.0,1096
input_mux,56,3,42.75,171,4,0,0,0,0,0,0,0,0,0,0,0,0,8,17,0,8,0,0,0,8,0,0,4,1,2,8,0,1,32,9,2.5,0,0,0.0,0,0.0,8,5.147494476813453,13.076696830622021,0.0,0.0,0,0.0,806
input_shifter,16,2,3.1466666666666665,236,75,0,6,0,0,2,0,0,0,0,0,0,0,92,280,2,0,6,4,0,0,1,4,13,3,6,10,0,1,77,14,5.779220779220779,21,2,0.007142857142857143,4,0.0,4,5.4680601411351315,15.362291495737216,12.586666666666666,0.0,944,0.0,6478
insert_parity,1,1,1.0,1,0,0,0,0,1,6,5,6,1,0,0,2,0,1,43,0,1,0,0,1,0,3,0,1,1,2,0,0,1,26,9,2.1153846153846154,0,18,0.4186046511627907,4,0.046511627906976744,0,0.6931471805599453,1.0,0.0,0.18604651162790697,4,2.0,530
instdecoder,32,5,10.857142857142858,76,7,1,0,0,0,0,0,0,0,0,0,0,0,0,13,0,4,0,0,0,0,0,0,1,2,2,0,0,1,11,6,2.5454545454545454,0,0,0.0,0,0.0,0,4.343805421853684,8.717797887081348,0.0,0.0,0,0.0,236
instmem,256,8,72.0,360,5,3,0,1,0,0,0,2,1,0,0,0,0,30,73,2,0,2,0,0,0,0,2,2,1,2,2,0,1,44,30,1.9545454545454546,1,3,0.0410958904109589,2,0.0,0,5.8888779583328805,18.973665961010276,144.0,0.0,720,0.0,1630
instqueue,64,6,37.4,187,5,0,0,0,0,1,0,1,0,0,0,0,0,1,80,1,0,1,0,1,0,0,3,2,1,2,1,0,1,47,44,4.787234042553192,2,2,0.025,3,0.0,0,5.236441962829949,13.674794331177344,112.19999999999999,0.0,561,0.0,2155
instrdecoder,97,4,18.75,225,12,1,0,1,0,9,252,11,0,28,4,0,0,69,364,1,0,47,18,1,1,5,4,5,1,2,66,0,1,113,177,6.929203539823009,9,272,0.7472527472527473,4,0.08791208791208792,19,5.420534999272286,15.0,75.0,0.3516483516483517,900,525.0,10521
instructioncache,4096,12,391.45454545454544,4306,11,3,0,0,0,0,0,0,0,1,0,0,0,5,102,1,0,1,0,0,2,8,2,6,1,2,3,0,1,75,73,2.6933333333333334,1,0,0.0,2,0.00980392156862745,2,8.36799688505411,65.62011886609167,782.9090909090909,0.0196078431372549,8612,391.45454545454544,3906
instructiondecoder,25,3,6.818181818181818,75,11,0,0,0,0,0,2,0,0,0,0,0,0,7,29,1,0,0,0,0,0,0,7,1,7,2,0,0,1,19,10,2.8947368421052633,0,2,0.06896551724137931,7,0.0,0,4.330733340286331,8.660254037844387,47.72727272727273,0.0,525,0.0,768
instructionmem,1,1,1.0,1,0,0,0,0,1,0,2,0,0,0,0,0,0,0,19,0,0,0,0,0,0,0,0,1,1,2,0,0,1,19,4,1.4736842105263157,0,2,0.10526315789473684,0,0.0,0,0.6931471805599453,1.0,0.0,0.0,0,0.0,434
instructionmemory,64,32,42.666666666666664,128,3,2,0,0,0,0,0,0,1,0,0,0,0,0,51,1,0,0,2,0,0,0,1,1,1,2,2,0,1,65,29,1.5538461538461539,1,1,0.0196078431372549,1,0.0,2,4.859812404361672,11.313708498984761,42.666666666666664,0.0,128,0.0,1097
instruction_cache,256,3,37.81818181818182,1248,33,12,0,3,0,2,0,1,0,0,4,0,0,19,151,2,7,2,4,1,0,6,9,4,4,2,6,0,1,55,18,3.890909090909091,3,3,0.019867549668874173,9,0.026490066225165563,4,7.130098510125578,35.32704346531139,340.3636363636364,0.23841059602649006,11232,0.0,2446
instruction_decode,32,4,22.41176470588235,381,17,11,0,0,0,0,0,0,0,0,0,0,0,0,66,0,0,0,0,0,0,21,9,12,23,2,0,0,1,43,23,2.2325581395348837,3,0,0.0,9,0.0,0,5.945420608606575,19.519221295943137,201.70588235294116,0.0,3429,0.0,1080
instruction_decoder,16,2,4.614285714285714,323,70,0,1,0,0,0,0,0,0,0,0,0,0,104,194,1,2,6,2,0,0,2,8,1,8,2,8,0,1,53,55,6.30188679245283,14,0,0.0,8,0.0,2,5.780743515792329,17.97220075561143,36.91428571428571,0.0,2584,0.0,3811
instruction_fetch,32,26,30.5,122,4,3,0,0,0,0,0,0,0,0,0,0,0,0,27,0,0,0,0,0,0,0,0,8,1,2,0,0,1,15,8,1.4666666666666666,0,0,0.0,0,0.0,0,4.812184355372417,11.045361017187261,0.0,0.0,0,0.0,258
instruction_mem,32,32,32.0,96,3,3,0,0,0,0,1,2,0,0,0,0,1,2,24,0,1,0,0,0,0,0,1,1,1,2,0,0,1,13,4,1.5384615384615385,0,3,0.125,1,0.0,0,4.574710978503383,9.797958971132712,32.0,0.0,96,0.0,251
instruction_memory,64,5,24.166666666666668,145,6,2,0,0,0,1,0,0,0,0,0,0,0,1,57,1,2,3,0,1,0,1,1,2,1,2,3,0,1,47,33,2.127659574468085,1,1,0.017543859649122806,1,0.0,0,4.983606621708336,12.041594578792296,24.166666666666668,0.0,145,0.0,2035
instruction_parser,32,3,7.454545454545454,82,11,1,0,0,0,0,0,0,0,0,0,0,0,0,20,0,6,0,0,0,0,0,0,1,6,2,0,0,1,13,7,2.6923076923076925,0,0,0.0,0,0.0,0,4.418840607796598,9.055385138137417,0.0,0.0,0,0.0,480
instruction_reg,32,5,10.666666666666666,96,9,1,2,0,0,0,0,0,0,0,0,0,0,9,27,1,0,2,0,0,0,0,1,4,4,2,2,0,1,20,8,2.65,0,0,0.0,1,0.0,0,4.574710978503383,9.797958971132712,10.666666666666666,0.0,96,0.0,684
instruction_register,1,1,1.0,1,0,0,0,0,1,0,3,0,0,0,0,0,0,3,15,1,0,2,0,0,0,0,1,3,1,2,2,0,1,19,5,2.0,0,3,0.2,1,0.0,0,0.6931471805599453,1.0,1.0,0.0,1,0.0,393
instr_de,32,3,8.575757575757576,283,33,4,0,0,0,0,0,0,1,11,3,0,0,24,168,2,32,1,0,0,7,38,25,9,24,2,8,0,1,78,38,4.269230769230769,6,1,0.005952380952380952,25,0.08333333333333333,7,5.648974238161206,16.822603841260722,214.3939393939394,2.083333333333333,7075,94.33333333333334,4020
instr_decode,7,2,4.142857142857143,29,7,0,0,0,0,0,0,1,1,0,0,0,0,4,131,1,0,4,8,0,0,0,9,3,9,2,12,0,1,60,34,4.116666666666666,3,2,0.015267175572519083,9,0.0,8,3.4011973816621555,5.385164807134504,37.28571428571429,0.0,261,0.0,3447
instr_decoder,7,3,5.0,10,2,0,0,0,0,0,0,1,1,0,0,0,0,0,24,1,0,0,2,0,0,0,1,1,1,2,2,0,1,23,7,1.3478260869565217,0,2,0.08333333333333333,1,0.0,2,2.3978952727983707,3.1622776601683795,5.0,0.0,10,0.0,385
instr_fetch,32,32,32.0,64,2,2,0,0,0,1,0,0,1,0,0,0,0,2,42,1,0,1,0,0,0,0,1,2,1,2,1,0,1,21,5,1.4761904761904763,0,2,0.047619047619047616,1,0.0,0,4.174387269895637,8.0,32.0,0.0,64,0.0,280
instr_ir,32,32,32.0,128,4,4,0,0,0,0,0,0,0,0,0,0,0,4,25,1,0,2,0,0,0,5,2,5,2,2,2,0,1,22,5,2.1363636363636362,0,0,0.0,2,0.0,0,4.859812404361672,11.313708498984761,64.0,0.0,256,0.0,437
instr_mem,128,7,43.75,175,4,1,0,1,0,4,0,1,0,0,0,0,0,1,20,1,0,0,0,1,0,0,2,1,1,2,0,0,1,17,6,2.176470588235294,0,5,0.25,2,0.0,0,5.170483995038151,13.228756555322953,87.5,0.0,350,0.0,365
instr_to_alu,4,4,4.0,8,2,0,0,0,0,0,0,1,1,0,0,0,0,0,53,1,0,0,4,0,0,0,1,1,1,2,4,0,1,40,18,1.8,1,2,0.03773584905660377,1,0.0,4,2.1972245773362196,2.8284271247461903,4.0,0.0,8,0.0,761
inst_com,32,2,4.580246913580247,371,81,2,2,0,0,24,1,1,1,0,2,0,0,18,137,1,0,17,8,0,0,0,2,1,1,2,25,0,1,50,58,7.1,9,27,0.19708029197080293,2,0.014598540145985401,8,5.918893854273146,19.261360284258224,9.160493827160494,0.029197080291970802,742,0.0,5375
inst_decoder,32,5,10.4,52,5,1,0,0,0,0,0,0,1,0,0,0,0,0,35,0,3,0,0,0,0,0,9,1,1,2,0,0,1,11,5,2.090909090909091,0,1,0.02857142857142857,9,0.0,0,3.970291913552122,7.211102550927978,93.60000000000001,0.0,468,0.0,326
inst_fetch,32,6,29.4,294,10,9,0,0,0,2,1,0,1,2,0,0,1,19,128,4,3,15,0,0,5,2,13,12,5,2,20,0,1,47,17,4.297872340425532,4,4,0.03125,13,0.015625,5,5.68697535633982,17.146428199482248,382.2,0.203125,3822,58.8,2648
inst_mem,256,2,18.10169491525424,1068,59,7,26,17,0,0,0,0,0,34,0,0,0,3,154,0,13,8,0,0,3,8,39,8,1,2,11,0,1,83,31,4.36144578313253,5,0,0.0,39,0.22077922077922077,3,6.974478911025045,32.68026927673638,705.9661016949153,8.61038961038961,41652,615.4576271186442,5375
inst_rom,1,1,1.0,1,0,0,0,0,1,1,4,1,0,0,0,0,0,0,22,1,0,0,0,0,0,0,2,1,1,2,0,0,1,16,3,1.375,0,6,0.2727272727272727,2,0.0,0,0.6931471805599453,1.0,2.0,0.0,2,0.0,318
inst_splitter,7,3,5.0,70,14,0,0,0,0,0,1,1,0,0,0,0,0,0,63,1,7,0,2,0,0,0,1,1,7,2,2,0,1,59,10,1.9322033898305084,0,2,0.031746031746031744,1,0.0,2,4.2626798770413155,8.366600265340756,5.0,0.0,70,0.0,1328
ins_reg,8,2,5.0,45,9,0,0,3,0,0,0,0,1,0,0,0,0,10,41,1,3,3,0,0,0,0,3,3,3,2,3,0,1,29,9,2.8620689655172415,0,1,0.024390243902439025,3,0.0,0,3.828641396489095,6.708203932499369,15.0,0.0,135,0.0,651
intalu,171,2,20.848484848484848,688,33,8,2,9,0,8,41,3,0,14,20,2,6,67,178,4,4,6,6,1,6,16,16,7,15,2,18,0,1,107,43,4.364485981308412,9,52,0.29213483146067415,20,0.20224719101123595,12,6.535241271013659,26.229754097208,333.57575757575756,4.044943820224719,13760,333.57575757575756,5222
intctrl,32,4,25.0,100,4,3,0,0,0,0,3,0,0,6,3,0,0,10,55,2,2,6,0,0,0,0,5,10,4,2,6,0,1,39,10,2.9743589743589745,0,3,0.05454545454545454,5,0.16363636363636364,0,4.61512051684126,10.0,125.0,0.8181818181818181,500,150.0,1126
integration_1,64,2,14.449225473321858,8395,581,28,22,50,0,37,10,1826,0,13,4,0,6,196,4075,263,323,64,536,20,0,354,276,133,63,28,600,0,1,264,958,30.24621212121212,106,1873,0.4596319018404908,276,0.0041717791411042945,536,9.035510680940524,91.62423260251624,3987.9862306368327,1.1514110429447852,2317020,187.83993115318415,109065
intensitycalc,10,10,10.0,20,2,0,0,0,0,2,0,0,0,0,0,0,3,7,17,1,0,0,0,0,0,0,1,2,1,2,0,0,1,15,3,1.7333333333333334,0,2,0.11764705882352941,1,0.0,0,3.044522437723423,4.47213595499958,10.0,0.0,20,0.0,224
interleaver,8,4,7.0,56,8,0,0,6,0,4,0,2,0,0,0,0,0,3,59,2,0,1,0,2,0,2,6,3,1,4,1,0,1,33,10,3.4545454545454546,0,6,0.1016949152542373,6,0.0,0,4.04305126783455,7.483314773547883,42.0,0.0,336,0.0,679
interleaving_unit,2,2,2.0,4,2,0,0,0,0,20,3,14,0,0,0,0,0,10,63,3,1,8,0,1,1,0,3,5,2,2,9,0,1,29,16,3.7241379310344827,1,37,0.5873015873015873,3,0.0,1,1.6094379124341003,2.0,6.0,0.0,12,0.0,1105
interpol_3,32,4,19.294117647058822,656,34,9,19,0,0,0,0,1,1,0,0,0,0,37,408,13,0,37,2,0,0,0,36,12,13,2,39,0,1,115,37,5.695652173913044,15,2,0.004901960784313725,36,0.0,2,6.48768401848461,25.612496949731394,694.5882352941176,0.0,23616,0.0,6424
interpol_3_pipe,32,12,20.695652173913043,476,23,8,10,0,0,0,0,0,1,0,0,0,0,0,124,0,0,1,0,0,0,17,0,9,2,2,1,0,1,63,17,2.7142857142857144,1,1,0.008064516129032258,0,0.0,0,6.1675164908883415,21.817424229271428,0.0,0.0,0,0.0,1924
interrupt,1,1,1.0,1,0,0,0,0,1,1,7,1,1,2,4,0,0,27,141,1,8,10,0,0,0,10,4,7,4,2,10,0,1,61,15,3.819672131147541,2,10,0.07092198581560284,4,0.0425531914893617,0,0.6931471805599453,1.0,4.0,0.1702127659574468,4,2.0,3369
interrupt_controller,32,2,24.318181818181817,535,22,13,3,0,0,0,3,0,0,22,18,0,0,34,310,4,19,7,6,0,3,13,56,13,5,2,16,0,1,95,25,4.178947368421053,7,3,0.00967741935483871,56,0.12903225806451613,9,6.284134161070802,23.130067012440755,1361.8181818181818,7.225806451612903,29960,535.0,7809
interrupt_main,32,2,18.28,457,25,12,0,1,0,0,0,2,1,148,9,0,0,252,770,15,3,178,4,0,0,2,333,12,3,2,182,0,1,127,178,11.307086614173228,22,3,0.003896103896103896,333,0.2038961038961039,4,6.126869184114185,21.37755832643195,6087.240000000001,67.8974025974026,152181,2705.44,23127
interrupt_priority_resolve,32,32,32.0,32,1,1,0,0,0,148,243,258,0,1,0,0,1,152,46,1,8,2,0,2,146,12,1,4,3,2,148,0,1,41,562,26.902439024390244,5,649,14.108695652173912,1,0.021739130434782608,146,3.4965075614664802,5.656854249492381,32.0,0.021739130434782608,32,32.0,15870
interrupt_request_reg,1,1,1.0,1,0,0,0,0,1,0,4,1,0,1,0,0,0,5,25,2,0,1,0,0,0,1,4,3,1,2,1,0,1,24,5,2.2083333333333335,0,5,0.2,4,0.04,0,0.6931471805599453,1.0,4.0,0.16,4,1.0,729
intervox_encoder,256,1,58.426829268292686,9582,164,23,31,15,13,5,8,0,0,18,16,1,7,147,772,4,40,196,0,1,67,156,50,22,12,8,263,0,1,259,156,7.579150579150579,36,13,0.01683937823834197,52,0.04533678756476684,67,9.167745974343763,97.88769074812215,2921.3414634146343,2.3575129533678756,498264,1110.109756097561,22182
inter_control_module,8,3,7.0,35,5,0,0,4,0,2,0,0,0,0,0,0,0,13,63,1,3,3,2,0,0,0,5,5,3,3,5,0,1,33,8,2.909090909090909,0,2,0.031746031746031744,5,0.0,2,3.58351893845611,5.916079783099616,35.0,0.0,175,0.0,1033
inter_mv_decoding,32,2,8.057142857142857,4512,560,9,0,511,0,18,24,0,0,358,117,0,0,1952,2612,30,17,292,396,6,159,8,47,21,12,2,847,0,1,131,292,44.00763358778626,86,42,0.016079632465543645,47,0.18185298621745788,555,8.414717399827001,67.17142249498666,378.68571428571425,8.54709035222052,212064,2884.4571428571426,88086
inter_pred_calc,20,2,7.218390804597701,3140,435,0,6,238,0,30,8,24,0,94,34,0,16,1642,2883,26,23,105,104,0,10,70,260,130,9,8,219,0,1,376,288,14.15159574468085,124,62,0.021505376344086023,260,0.044398196323274366,114,8.052296499538647,56.0357029044876,1876.781609195402,11.543531044051335,816400,678.5287356321838,71161
inter_pred_cpe,14,3,8.73076923076923,227,26,0,0,9,0,10,2,0,0,0,0,0,0,8,150,0,14,0,0,0,8,12,0,10,3,6,8,0,1,60,15,5.116666666666666,7,12,0.08,0,0.0,8,5.429345628954441,15.066519173319364,0.0,0.0,0,0.0,3211
inter_pred_fsm,256,3,18.176470588235293,618,34,0,0,0,0,4,0,35,0,12,0,0,0,174,381,10,0,52,8,0,0,0,56,10,45,13,60,0,1,91,49,7.835164835164835,13,39,0.10236220472440945,56,0.031496062992125984,8,6.428105272684596,24.859605789312106,1017.8823529411765,1.763779527559055,34608,218.11764705882354,8525
inter_pred_load,100,2,8.97752808988764,1598,178,6,6,124,0,44,57,30,0,140,50,0,24,463,1008,21,103,92,36,0,0,7,128,17,105,2,128,0,1,185,447,11.913513513513514,35,131,0.12996031746031747,128,0.1884920634920635,36,7.377133712833954,39.97499218261337,1149.123595505618,24.126984126984127,204544,1256.8539325842696,30199
inter_pred_lpe,20,4,10.80722891566265,897,83,0,3,42,0,19,0,0,0,40,80,0,0,258,591,5,53,19,4,0,33,52,112,21,5,8,56,0,1,244,56,6.528688524590164,37,19,0.032148900169204735,112,0.20304568527918782,37,6.8001700683022,29.949958263743873,1210.4096385542168,22.741116751269036,100464,432.289156626506,22672
inter_pred_pipeline,32,2,6.535911602209945,1183,181,2,0,101,0,15,8,0,0,90,30,0,0,376,782,16,23,74,82,0,59,19,15,13,21,2,215,0,1,181,80,11.342541436464089,48,23,0.029411764705882353,15,0.1534526854219949,141,7.076653815443951,34.39476704383968,98.03867403314916,2.3017902813299234,17745,588.232044198895,28609
inter_pred_reg_ctrl,32,2,15.186416184971097,10509,692,2,210,268,0,0,0,0,0,12,2,0,0,1380,1699,3,0,9,146,0,0,0,36,10,26,2,155,0,1,276,1198,25.64855072463768,208,0,0.0,36,0.00824014125956445,146,9.260082463870997,102.51341375644458,546.7109826589596,0.29664508534432016,378324,182.23699421965318,125817
inter_pred_sliding_window,8,2,7.546875,483,64,0,0,58,0,0,0,0,0,86,282,0,0,2537,2227,9,4,48,82,0,4,4,19,33,16,2,134,0,1,327,577,22.541284403669724,220,0,0.0,19,0.16524472384373598,86,6.182084906716632,21.97726097583591,143.390625,3.1396497530309837,9177,649.03125,130663
inter_pred_top,256,3,18.397163120567377,2594,141,0,0,101,0,13,6,0,0,1,1,0,0,1,711,1,9,22,0,0,13,153,4,22,27,2,35,0,1,271,153,5.022140221402214,17,19,0.026722925457102673,4,0.0028129395218002813,13,7.861341795599989,50.93132631298737,73.58865248226951,0.011251758087201125,10376,18.397163120567377,16993
intra4x4_predmode_decoding,64,2,5.462962962962963,590,108,0,4,0,0,1,0,0,0,28,24,0,0,188,307,9,5,26,14,0,8,5,29,10,4,2,48,0,1,54,69,10.962962962962964,17,1,0.003257328990228013,29,0.16938110749185667,22,6.3818160174060985,24.289915602982237,158.42592592592592,4.912052117263843,17110,152.96296296296296,12634
intra4x4_pred_mode_decoding,64,2,5.837209302325581,251,43,0,2,0,0,2,3,1,0,10,4,0,0,47,103,4,2,3,4,0,1,2,4,10,1,2,8,0,1,35,27,4.942857142857143,3,6,0.05825242718446602,4,0.13592233009708737,5,5.529429087511423,15.84297951775486,23.348837209302324,0.5436893203883495,1004,58.372093023255815,4453
intra_angletoang,7,5,5.666666666666667,17,3,0,0,0,0,0,8,1,1,0,0,0,0,18,33,1,0,0,2,0,0,0,1,1,1,2,2,0,1,33,21,1.6666666666666667,1,10,0.30303030303030304,1,0.0,2,2.8903717578961645,4.123105625617661,5.666666666666667,0.0,17,0.0,654
intra_border,14,3,10.08,252,25,0,0,0,0,5,1,1,1,10,26,0,11,49,130,1,6,6,0,0,3,6,13,12,7,2,9,0,1,49,17,4.8979591836734695,4,8,0.06153846153846154,13,0.27692307692307694,3,5.53338948872752,15.874507866387544,131.04,3.6,3276,100.8,3700
intra_bypass,13,2,4.851851851851852,393,81,0,0,0,0,23,148,185,1,290,62,0,22,463,778,7,6,127,24,27,27,0,37,19,9,2,178,0,1,165,189,11.66060606060606,34,357,0.4588688946015424,37,0.4524421593830334,51,5.976350909297934,19.82422760159901,179.51851851851853,16.740359897172237,14541,1407.0370370370372,22591
intra_exchangexy,3,3,3.0,6,2,0,0,0,0,0,0,1,1,2,0,0,0,0,30,1,0,1,0,0,0,0,1,3,1,2,1,0,1,18,4,2.2222222222222223,0,2,0.06666666666666667,1,0.06666666666666667,0,1.9459101490553132,2.449489742783178,3.0,0.06666666666666667,6,6.0,342
intra_fsm,9,2,4.555555555555555,41,9,0,0,0,0,0,0,1,1,4,0,0,0,17,221,2,0,13,8,0,2,0,7,5,4,2,23,0,1,173,103,7.121387283236994,12,2,0.00904977375565611,7,0.01809954751131222,10,3.7376696182833684,6.4031242374328485,31.888888888888886,0.12669683257918554,287,18.22222222222222,10251
intra_inputtrafo,13,3,8.875,71,8,0,0,0,0,2,3,0,1,2,0,0,8,19,33,0,5,0,0,0,5,2,0,4,3,2,5,0,1,20,7,3.0,0,6,0.18181818181818182,0,0.06060606060606061,5,4.276666119016055,8.426149773176359,0.0,0.0,0,17.75,652
intra_lut1,12,3,3.020109689213894,1652,547,0,0,0,0,0,0,1,1,0,0,0,0,545,172,1,0,0,2,0,0,0,1,2,1,2,2,0,1,152,547,6.427631578947368,3,2,0.011627906976744186,1,0.0,2,7.410347097821024,40.64480286580315,3.020109689213894,0.0,1652,0.0,11449
intra_lut2,20,3,5.060344827586207,2348,464,0,0,0,0,0,0,1,1,0,0,0,0,0,161,1,0,0,2,0,3,0,1,2,1,2,5,0,1,130,464,6.384615384615385,3,2,0.012422360248447204,1,0.0,5,7.761744984658913,48.45616575834287,5.060344827586207,0.0,2348,0.0,11158
intra_mode2angle,7,4,5.8,29,5,0,0,0,0,0,19,1,1,4,0,0,0,21,50,1,3,0,2,0,2,3,2,1,1,2,4,0,1,44,21,2.0681818181818183,1,21,0.42,2,0.08,4,3.4011973816621555,5.385164807134504,11.6,0.16,58,23.2,1014
intra_pidx,13,2,7.75,31,4,0,0,0,0,0,0,0,1,2,0,0,2,5,23,0,3,0,0,0,1,1,0,3,1,2,1,0,1,16,5,2.1875,0,1,0.043478260869565216,0,0.08695652173913043,1,3.4657359027997265,5.5677643628300215,0.0,0.0,0,15.5,344
intra_pixctrl,54,2,6.105263157894737,464,76,0,3,24,0,41,47,33,1,58,2,0,10,143,526,12,1,43,20,5,7,8,40,13,3,2,70,0,1,136,77,9.294117647058824,28,122,0.23193916349809887,40,0.11406844106463879,27,6.142037405587356,21.540659228538015,244.21052631578948,4.562737642585551,18560,354.10526315789474,14054
intra_pred_calc,16,2,8.385964912280702,956,114,0,7,64,0,44,0,4,0,50,15,0,106,759,837,7,10,120,0,0,8,8,88,28,18,2,128,0,1,164,88,9.231707317073171,46,48,0.05734767025089606,88,0.07765830346475508,8,6.863803391452954,30.919249667480614,737.9649122807018,6.833930704898447,84128,419.2982456140351,26589
intra_pred_fsm,8,2,3.3,66,20,0,0,1,0,18,3,15,0,96,70,0,18,259,437,18,7,30,14,0,0,4,25,15,25,2,44,0,1,83,50,8.301204819277109,21,36,0.08237986270022883,25,0.37986270022883295,14,4.204692619390966,8.12403840463596,82.5,9.496567505720824,1650,316.79999999999995,11791
intra_pred_l1,20,3,4.806451612903226,149,31,0,0,0,0,24,35,49,1,0,0,0,0,17,187,5,4,3,0,5,0,3,14,6,4,2,3,0,1,74,51,5.837837837837838,10,109,0.5828877005347594,14,0.0,0,5.0106352940962555,12.206555615733702,67.29032258064517,0.0,2086,0.0,3832
intra_pred_l2,20,2,4.225806451612903,262,62,0,0,0,0,52,46,52,1,20,8,0,15,69,265,7,0,38,4,4,5,1,32,16,1,2,47,0,1,105,102,7.066666666666666,14,151,0.569811320754717,32,0.10566037735849057,9,5.572154032177765,16.186414056238647,135.2258064516129,3.3811320754716983,8384,84.51612903225806,6821
intra_pred_pe,17,2,11.134146341463415,913,82,0,39,10,0,4,0,0,0,118,52,0,1,1538,1626,5,9,266,118,0,268,14,207,37,102,4,652,0,1,210,291,18.21904761904762,81,4,0.0024600246002460025,207,0.1045510455104551,386,6.81783057145415,30.215889859476256,2304.768292682927,21.642066420664207,188991,1313.829268292683,66613
intra_pred_pipeline,64,2,8.925925925925926,964,108,0,4,15,0,20,17,0,0,104,56,0,2,394,744,12,43,107,30,7,56,38,192,30,15,10,193,0,1,195,71,8.558974358974359,39,37,0.04973118279569892,192,0.21505376344086022,86,6.872128101338986,31.04834939252005,1713.7777777777778,41.29032258064516,185088,928.2962962962963,29310
intra_pred_precalc,16,4,9.596491228070175,547,57,0,4,39,0,21,6,5,0,10,0,0,8,124,292,6,0,16,8,0,2,0,22,45,3,2,26,0,1,79,45,6.772151898734177,14,32,0.1095890410958904,22,0.03424657534246575,10,6.306275286948016,23.388031127053,211.12280701754383,0.7534246575342465,12034,95.96491228070175,5359
intra_pred_regs,32,2,8.706896551724139,2020,232,5,0,189,0,59,6,4,0,176,22,1,8,493,1049,23,9,68,38,0,17,9,122,32,19,2,123,0,1,199,130,10.175879396984925,39,69,0.0657769304099142,124,0.18970448045757865,55,7.611347717403621,44.94441010848846,1062.2413793103449,23.523355576739753,250480,1541.1206896551726,26992
intra_pred_reg_ctrl,32,2,7.811594202898551,1078,138,1,5,111,0,0,0,0,0,94,36,0,0,500,839,16,0,44,30,0,6,0,667,24,13,2,80,0,1,162,147,10.777777777777779,54,0,0.0,667,0.15494636471990464,36,6.983789965258135,32.83291031876401,5210.333333333333,103.3492252681764,719026,734.2898550724638,34927
intra_pred_top,32,2,10.211538461538462,531,52,5,0,30,0,1,1,0,0,0,0,0,0,0,295,0,0,0,0,0,0,40,4,20,22,2,0,0,1,98,40,4.6020408163265305,3,2,0.006779661016949152,4,0.0,0,6.2766434893416445,23.043437243605826,40.84615384615385,0.0,2124,0.0,6718
intra_pseudoaddr,8,3,4.714285714285714,33,7,0,0,1,0,1,5,8,1,10,0,0,0,27,2387,3,0,20,4,1,0,0,3,5,1,2,24,0,1,1641,18154,15.54174283973187,9,15,0.006284038542103058,3,0.0041893590280687055,4,3.5263605246161616,5.744562646538029,14.142857142857142,0.012568077084206116,99,47.142857142857146,309822
intra_read,16,2,6.0,264,44,0,3,8,0,95,29,20,1,126,52,18,89,339,482,6,2,107,2,2,47,1,30,14,8,2,156,0,1,105,128,11.771428571428572,32,145,0.3008298755186722,66,0.4066390041493776,49,5.579729825986222,16.24807680927192,180.0,26.83817427385892,17424,864.0,14141
intra_recon,4,2,3.6666666666666665,66,18,0,0,0,0,12,29,37,1,0,0,0,2,8,79,2,1,1,2,2,3,4,7,8,1,2,6,0,1,54,34,4.111111111111111,3,79,1.0,7,0.0,5,4.204692619390966,8.12403840463596,25.666666666666664,0.0,462,0.0,2216
intra_refposgen,48,2,9.727272727272727,107,11,0,1,2,0,1,2984,6,1,2,0,0,0,25,2352,2,0,23,2,1,0,0,4,5,2,2,25,0,1,1634,18076,26.575887392900857,9,2992,1.272108843537415,4,0.0008503401360544217,2,4.68213122712422,10.344080432788601,38.90909090909091,0.003401360544217687,428,19.454545454545453,552499
intra_s2refsubsti,16,2,5.896551724137931,342,58,0,3,13,0,11,61,60,1,480,140,4,14,275,514,9,12,48,4,13,8,11,37,30,3,2,60,0,1,197,248,8.446700507614214,33,133,0.2587548638132296,45,1.2140077821011672,12,5.8377304471659395,18.49324200890693,218.17241379310343,54.63035019455253,15390,2853.9310344827586,17427
intra_s3refsubsti,8,3,5.9,59,10,0,0,5,0,4,23,22,1,0,0,0,0,2,95,4,1,2,2,2,0,2,9,6,2,2,4,0,1,53,24,4.037735849056604,5,50,0.5263157894736842,9,0.0,2,4.0943445622221,7.681145747868608,53.1,0.0,531,0.0,2194
intra_sramctrl,9,8,8.428571428571429,59,7,0,0,4,0,1,20,19,1,0,0,0,0,1,93,2,1,2,0,1,0,1,4,9,2,2,2,0,1,54,23,3.574074074074074,2,41,0.44086021505376344,4,0.0,0,4.0943445622221,7.681145747868608,33.714285714285715,0.0,236,0.0,1835
intra_util,54,2,7.782608695652174,358,46,0,2,18,0,2,11,9,0,138,36,0,8,111,261,4,3,22,2,1,1,17,23,9,4,2,25,0,1,111,56,6.045045045045045,17,22,0.0842911877394636,23,0.6666666666666666,3,5.883322388488279,18.920887928424502,179.0,15.333333333333332,8234,1074.0,7652
intra_util_w,16,2,6.666666666666667,140,21,0,1,1,0,8,8,4,1,48,14,0,18,85,169,4,0,17,0,1,0,0,14,9,3,2,17,0,1,59,21,5.88135593220339,10,21,0.1242603550295858,14,0.3668639053254438,0,4.948759890378168,11.832159566199232,93.33333333333334,5.136094674556213,1960,320.0,3740
intra_write,16,2,6.642857142857143,186,28,0,1,5,0,37,25,28,1,52,30,0,14,92,342,7,0,29,4,5,26,0,37,16,6,2,59,0,1,97,49,7.43298969072165,16,91,0.26608187134502925,37,0.23976608187134502,30,5.231108616854587,13.638181696985855,245.7857142857143,8.871345029239766,6882,345.42857142857144,7760
intr_capturer,32,32,32.0,192,6,6,0,0,0,0,4,0,0,5,1,0,0,7,62,2,8,3,0,0,0,5,10,5,1,2,3,0,1,36,8,2.9722222222222223,0,4,0.06451612903225806,10,0.0967741935483871,0,5.262690188904886,13.856406460551018,320.0,0.967741935483871,1920,160.0,1509
intr_periph,32,8,22.4,112,5,3,0,2,0,3,10,1,0,4,1,0,0,20,220,2,0,11,4,1,1,1,5,15,2,2,16,0,1,53,20,4.150943396226415,5,14,0.06363636363636363,5,0.022727272727272728,5,4.727387818712341,10.583005244258363,112.0,0.11363636363636365,560,89.6,3284
int_compare,9,8,8.428571428571429,59,7,0,0,4,0,0,2,1,0,0,0,0,0,0,26,1,1,9,2,0,0,2,2,2,2,2,11,0,1,22,6,2.1818181818181817,0,3,0.11538461538461539,2,0.0,2,4.0943445622221,7.681145747868608,16.857142857142858,0.0,118,0.0,424
int_sum_block_tp1,2,2,2.0,4,2,0,0,0,0,23,23,38,0,6,6,0,0,18,159,10,8,18,2,0,0,8,13,17,1,2,20,0,1,61,38,6.655737704918033,8,84,0.5283018867924528,13,0.07547169811320754,2,1.6094379124341003,2.0,26.0,0.9811320754716981,52,12.0,4169
int_to_fp,64,3,22.8,342,15,3,0,2,0,3,3,2,1,3,7,0,1,14,99,2,0,1,2,0,7,15,3,4,2,2,10,0,1,54,15,3.1481481481481484,1,9,0.09090909090909091,3,0.10101010101010101,9,5.8377304471659395,18.49324200890693,68.4,0.30303030303030304,1026,68.4,2071
inversesubbytes,128,8,68.0,272,4,0,0,2,0,3,0,0,0,0,0,0,0,1,279,0,1,0,2,1,0,0,0,2,1,2,2,0,1,277,258,2.895306859205776,1,3,0.010752688172043012,0,0.0,2,5.60947179518496,16.492422502470642,0.0,0.0,0,0.0,6469
invmixcolumns,128,4,41.714285714285715,292,7,0,0,4,0,36,0,20,0,0,0,20,2,6,81,0,4,1,2,1,0,0,0,4,1,2,3,0,1,35,53,5.514285714285714,5,56,0.691358024691358,40,0.24691358024691357,2,5.680172609017068,17.08800749063506,0.0,9.876543209876543,11680,834.2857142857143,2074
invsubbytes,8,4,5.6,308,55,0,0,22,0,0,0,0,1,0,0,0,0,0,737,0,1,0,34,0,0,0,0,18,1,2,34,0,1,321,19,3.218068535825545,41,1,0.0013568521031207597,0,0.0,34,5.733341276897746,17.549928774784245,0.0,0.0,0,0.0,12074
in_i2s,32,6,14.666666666666666,44,3,1,0,0,0,1,8,0,0,0,0,0,0,4,49,3,2,3,0,0,0,2,7,3,4,2,3,0,1,31,8,3.129032258064516,0,9,0.1836734693877551,7,0.0,0,3.8066624897703196,6.6332495807108,102.66666666666666,0.0,308,0.0,1147
in_lj,32,6,14.666666666666666,44,3,1,0,0,0,3,8,0,0,0,0,0,1,4,45,1,2,5,0,0,0,2,6,3,6,2,5,0,1,28,10,3.107142857142857,0,11,0.24444444444444444,6,0.0,0,3.8066624897703196,6.6332495807108,88.0,0.0,264,0.0,1115
io,1,1,1.0,1,0,0,0,0,1,0,7,0,0,0,0,0,0,6,43,2,1,2,4,0,0,2,10,6,2,2,6,0,1,36,7,2.361111111111111,0,7,0.16279069767441862,10,0.0,4,0.6931471805599453,1.0,10.0,0.0,10,0.0,699
iocontroller,16,2,10.642857142857142,149,14,0,6,4,0,0,4,1,1,12,14,0,0,15,139,2,5,3,4,0,0,1,9,12,9,2,7,0,1,67,13,2.7761194029850746,2,6,0.04316546762589928,9,0.18705035971223022,4,5.0106352940962555,12.206555615733702,95.78571428571428,1.683453237410072,1341,127.71428571428571,2330
ioc_irq,8,2,5.0,65,13,0,0,6,0,0,0,0,1,10,6,0,0,11,58,1,3,4,0,0,3,1,2,7,3,2,7,0,1,38,11,2.8947368421052633,1,1,0.017241379310344827,2,0.27586206896551724,3,4.189654742026425,8.06225774829855,10.0,0.5517241379310345,130,50.0,1034
iodrp_controller,8,3,6.9,69,10,0,0,7,0,1,1,4,1,7,2,0,0,38,295,9,3,29,4,0,1,12,31,8,6,2,34,0,1,107,28,3.822429906542056,9,7,0.023728813559322035,31,0.030508474576271188,5,4.248495242049359,8.306623862918075,213.9,0.9457627118644069,2139,48.300000000000004,5733
iodrp_mcb_controller,9,2,4.0,152,38,0,0,6,0,1,1,5,1,13,2,0,8,65,420,10,4,50,6,0,3,13,36,10,8,2,59,0,1,127,67,5.393700787401575,15,8,0.01904761904761905,36,0.03571428571428571,9,5.030437921392435,12.328828005937952,144.0,1.2857142857142856,5472,52.0,9781
ipsl_expd_apb_mux,32,4,13.538461538461538,352,26,8,2,0,0,0,0,0,0,0,8,0,0,14,99,0,8,0,0,0,10,16,0,16,10,2,10,0,1,65,16,2.723076923076923,2,0,0.0,0,0.08080808080808081,10,5.8664680569332965,18.76166303929372,0.0,0.0,0,0.0,3809
ipsl_pcie_apb2dbi_v1_0,32,10,26.571428571428573,186,7,5,1,0,0,0,0,0,0,16,2,0,0,23,102,3,2,11,0,0,0,2,8,11,8,2,11,0,1,40,11,4.525,2,0,0.0,8,0.17647058823529413,0,5.231108616854587,13.638181696985855,212.57142857142858,1.411764705882353,1488,425.14285714285717,2607
ipsl_pcie_apb_cross_v1_0,32,2,15.470588235294118,263,17,6,3,0,0,0,0,0,0,14,0,0,0,47,233,20,2,37,0,0,0,2,20,12,8,2,37,0,1,52,37,8.826923076923077,14,0,0.0,20,0.060085836909871244,0,5.575949103146316,16.217274740226856,309.4117647058824,1.201716738197425,5260,216.58823529411765,5315
ipsl_pcie_apb_mux_v1_1,32,4,10.8,432,40,8,4,0,0,0,0,0,0,0,16,0,0,24,107,0,14,0,0,0,16,22,0,16,14,2,16,0,1,70,27,3.3285714285714287,6,0,0.0,0,0.14953271028037382,16,6.07073772800249,20.784609690826528,0.0,0.0,0,0.0,4225
ipsl_pcie_cfg_ctrl,128,3,28.75,460,16,4,2,2,0,0,0,0,0,0,0,0,0,0,114,0,0,0,0,0,0,12,5,13,9,2,0,0,1,44,13,3.840909090909091,2,0,0.0,5,0.0,0,6.133398042996649,21.447610589527216,143.75,0.0,2300,0.0,3943
ipsl_pcie_cfg_ctrl_apb,32,2,10.873417721518987,859,79,10,4,51,0,0,0,1,0,52,0,0,0,59,250,24,14,46,4,0,0,4,95,11,12,2,50,0,1,63,47,8.761904761904763,18,1,0.004,95,0.208,4,6.756932389247553,29.30870177950569,1032.9746835443038,19.759999999999998,81605,565.4177215189873,6459
ipsl_pcie_cfg_init_v1_3,48,4,41.186440677966104,2430,59,5,0,0,0,1,3,0,0,14,2,0,0,46,560,6,47,16,0,0,13,2,12,4,7,2,29,0,1,257,84,3.9182879377431905,19,4,0.007142857142857143,12,0.02857142857142857,13,7.796057974316123,49.29503017546495,494.23728813559325,0.34285714285714286,29160,576.6101694915254,14342
ipsl_pcie_cfg_trans,128,3,38.61904761904762,811,21,3,1,2,0,40,0,40,0,17,1,0,0,42,178,4,6,11,4,0,1,3,14,16,9,2,16,0,1,65,23,5.2615384615384615,8,80,0.449438202247191,14,0.10112359550561797,5,6.699500340161678,28.478061731796284,540.6666666666667,1.4157303370786516,11354,656.5238095238095,6030
ipsl_pcie_dma_controller,128,4,26.6,1197,45,23,1,0,0,3,1,0,0,108,31,0,0,130,574,38,21,96,2,0,13,21,73,17,12,2,111,0,1,117,96,9.948717948717949,22,4,0.006968641114982578,73,0.2421602787456446,15,7.088408778675395,34.597687784012386,1941.8000000000002,17.677700348432058,87381,2872.8,15378
ipsl_pcie_dma_mrd_tx_ctrl,128,2,20.5,656,32,2,1,3,0,4,1,1,0,61,12,0,0,73,367,17,19,48,4,1,8,23,20,13,7,2,60,0,1,99,48,7.262626262626263,18,6,0.01634877384196185,20,0.1989100817438692,12,6.48768401848461,25.612496949731394,410.0,3.978201634877384,13120,1250.5,9151
ipsl_pcie_dma_mwr_tx_ctrl,128,2,27.8,973,35,4,1,3,0,44,1,41,0,46,13,0,0,76,400,17,20,49,4,0,8,24,20,17,11,2,61,0,1,104,49,7.403846153846154,20,86,0.215,20,0.1475,12,6.881411303642535,31.192947920964443,556.0,2.9499999999999997,19460,1278.8,10659
ipsl_pcie_dma_rx_mwr_wr_ctrl,128,2,40.22222222222222,362,9,0,1,1,0,0,1,0,0,0,0,0,0,0,65,0,0,0,0,0,0,5,0,9,5,2,0,0,1,36,9,2.0,0,1,0.015384615384615385,0,0.0,0,5.8944028342648505,19.026297590440446,0.0,0.0,0,0.0,1734
ipsl_pcie_dma_tlp_rcv,128,2,26.73134328358209,1791,67,2,2,9,0,48,0,42,0,56,10,0,0,168,608,22,15,62,4,0,0,15,50,12,26,2,66,0,1,129,106,8.387596899224807,24,90,0.14802631578947367,50,0.10855263157894737,4,7.491087593534876,42.320207938997655,1336.5671641791043,5.427631578947369,89550,1496.955223880597,17081
ipsl_pcie_dma_wr_ctrl,256,2,34.567567567567565,1279,37,2,5,2,0,15,11,43,0,6,0,0,0,46,282,20,10,57,6,0,9,7,21,9,5,2,72,0,1,71,35,7.492957746478873,14,69,0.24468085106382978,21,0.02127659574468085,15,7.154615356913663,35.76310948449533,725.9189189189188,0.44680851063829785,26859,207.4054054054054,6355
ipsl_pcie_seio_intf_v1_0,2,2,2.0,4,2,0,0,0,0,0,0,1,0,5,0,0,0,14,91,4,1,8,2,0,0,1,7,4,2,2,10,0,1,39,10,3.8205128205128207,0,1,0.01098901098901099,7,0.054945054945054944,2,1.6094379124341003,2.0,14.0,0.3846153846153846,28,10.0,2146
ipsxb_clk_gen_32bit,16,16,16.0,32,2,0,2,0,0,1,2,0,1,0,0,0,0,7,45,2,0,3,0,0,0,0,2,3,1,2,3,0,1,23,7,2.391304347826087,0,4,0.08888888888888889,2,0.0,0,3.4965075614664802,5.656854249492381,32.0,0.0,64,0.0,534
ipsxb_cmd_parser_32bit,32,4,10.666666666666666,128,12,1,0,8,0,0,0,2,1,16,14,0,0,32,260,10,4,65,2,0,0,12,10,5,5,2,67,0,1,86,32,5.593023255813954,10,3,0.011538461538461539,10,0.11538461538461539,2,4.859812404361672,11.313708498984761,106.66666666666666,1.153846153846154,1280,170.66666666666666,6029
ipsxb_seu_rs232_intf,32,8,20.0,80,4,2,0,2,0,0,0,0,1,0,0,0,0,6,107,2,4,48,0,0,0,6,2,6,4,2,48,0,1,48,11,3.0,1,1,0.009345794392523364,2,0.0,0,4.394449154672439,8.94427190999916,40.0,0.0,160,0.0,2952
ipsxb_seu_uart_rx,8,2,4.142857142857143,29,7,0,0,1,0,2,0,0,1,7,0,0,0,30,153,8,6,33,0,0,0,5,9,5,2,2,33,0,1,47,24,5.74468085106383,5,3,0.0196078431372549,9,0.0457516339869281,0,3.4011973816621555,5.385164807134504,37.28571428571429,0.4117647058823529,261,29.000000000000004,2900
ipsxb_seu_uart_tx,38,2,11.5,115,10,1,0,4,0,2,0,1,1,14,0,0,0,26,150,7,3,34,2,0,0,8,7,5,2,2,36,0,1,50,20,5.28,5,4,0.02666666666666667,7,0.09333333333333334,2,4.7535901911063645,10.723805294763608,80.5,0.6533333333333333,805,161.0,3016
ipsxb_uart_ctrl_32bit,32,8,27.96,699,25,20,0,1,0,0,0,0,1,0,0,0,0,0,157,0,5,24,0,0,0,9,0,7,21,2,24,0,1,72,21,3.5833333333333335,3,1,0.006369426751592357,0,0.0,0,6.551080335043404,26.43860813280457,0.0,0.0,0,0.0,5650
ipsxb_ver_ctrl_32bit,32,2,29.695652173913043,683,23,21,0,0,0,1,0,0,1,8,2,1,0,73,235,8,3,23,4,0,0,3,26,9,20,2,27,0,1,99,26,4.767676767676767,12,2,0.00851063829787234,28,0.04680851063829787,4,6.52795791762255,26.13426869074396,772.0869565217391,1.3106382978723403,19124,267.2608695652174,6341
ip_rx,48,3,17.74418604651163,763,43,12,9,14,0,4,5,2,1,38,8,0,0,127,362,21,2,53,2,0,0,2,23,10,10,2,55,0,1,89,53,7.865168539325842,18,12,0.03314917127071823,23,0.1270718232044199,2,6.638567789166521,27.622454633866266,408.1162790697675,2.9226519337016574,17549,674.2790697674419,8851
ip_tx,48,4,14.705882352941176,1000,68,7,13,32,0,7,0,1,1,6,4,0,0,135,366,13,0,37,4,0,0,0,23,17,5,2,41,0,1,126,38,5.388888888888889,17,9,0.02459016393442623,23,0.0273224043715847,4,6.90875477931522,31.622776601683793,338.235294117647,0.6284153005464481,23000,88.23529411764706,10114
ip_tx_mode,16,3,10.2,102,10,0,4,4,0,2,0,1,1,0,2,0,0,37,145,5,0,14,2,0,0,0,7,9,4,2,16,0,1,52,14,4.3076923076923075,5,4,0.027586206896551724,7,0.013793103448275862,2,4.634728988229636,10.099504938362077,71.39999999999999,0.09655172413793103,714,0.0,3144
iqit,16,2,9.202127659574469,865,94,0,25,0,0,13,10,4,0,28,30,0,2,488,850,20,37,142,42,16,59,18,33,33,359,10,243,0,1,199,139,10.482412060301508,43,27,0.03176470588235294,33,0.06823529411764706,101,6.763884908562435,29.410882339705484,303.67021276595744,2.251764705882353,28545,257.6595744680851,29272
ir,16,16,16.0,32,2,0,2,0,0,0,0,0,0,0,0,0,0,1,17,1,0,2,0,0,0,0,1,2,1,2,2,0,1,17,4,1.8823529411764706,0,0,0.0,1,0.0,0,3.4965075614664802,5.656854249492381,16.0,0.0,32,0.0,243
irda_receive_terasic,32,2,18.727272727272727,206,11,4,0,2,0,4,5,0,0,8,2,0,0,56,312,11,1,31,0,0,0,0,12,4,2,2,31,0,1,50,31,8.0,16,9,0.028846153846153848,12,0.03205128205128205,0,5.332718793265369,14.352700094407323,224.72727272727272,0.3846153846153846,2472,149.8181818181818,4866
irig_state,5,2,3.6666666666666665,22,6,0,0,0,0,2,5,1,0,16,3,0,0,25,178,2,1,16,2,0,10,0,9,6,7,2,28,0,1,67,36,5.298507462686567,9,8,0.0449438202247191,9,0.10674157303370786,12,3.1354942159291497,4.69041575982343,33.0,0.9606741573033708,198,58.666666666666664,5372
irm,32,32,32.0,64,2,2,0,0,0,0,0,0,0,0,0,0,0,0,31,0,0,0,0,0,0,9,0,7,2,2,0,0,1,17,9,2.9411764705882355,0,0,0.0,0,0.0,0,4.174387269895637,8.0,0.0,0.0,0,0.0,651
irq_interface,32,2,28.133333333333333,422,15,13,0,0,0,2,0,2,1,4,0,0,0,113,321,3,4,24,6,0,0,12,13,7,10,2,30,0,1,72,72,6.263888888888889,11,5,0.01557632398753894,13,0.012461059190031152,6,6.0473721790462776,20.54263858417414,365.73333333333335,0.16199376947040497,5486,112.53333333333333,6301
ir_decode,23,3,13.5,54,4,0,0,0,0,0,0,1,0,0,0,0,0,3,266,2,0,2,2,0,0,0,2,3,1,2,4,0,1,109,73,2.4220183486238533,2,1,0.0037593984962406013,2,0.0,2,4.007333185232471,7.3484692283495345,27.0,0.0,108,0.0,5081
ir_extern,32,5,13.066666666666666,196,15,2,2,0,0,0,0,0,0,0,0,0,0,0,26,0,10,3,0,0,3,2,0,2,4,2,6,0,1,23,10,3.260869565217391,0,0,0.0,0,0.0,3,5.2832037287379885,14.0,0.0,0.0,0,0.0,711
islemci,32,4,13.461538461538462,350,26,6,0,1,0,18,58,4,1,17,0,2,3,50,130,2,0,22,0,4,1,0,4,2,1,2,23,0,1,40,87,8.15,10,81,0.6230769230769231,8,0.14615384615384616,1,5.860786223465865,18.708286933869708,53.84615384615385,1.1692307692307693,2800,255.76923076923077,4400
isp1362_if,16,2,13.666666666666666,82,6,0,5,0,0,0,0,0,0,1,0,0,0,0,84,0,10,0,0,0,9,0,0,16,9,2,9,0,1,36,16,3.6666666666666665,1,0,0.0,0,0.011904761904761904,9,4.418840607796598,9.055385138137417,0.0,0.0,0,13.666666666666666,2268
iteration,32,31,31.8,159,5,4,0,0,0,0,0,0,1,0,0,0,0,0,38,0,0,0,0,0,0,1,0,2,1,2,0,0,1,20,3,1.5,0,1,0.02631578947368421,0,0.0,0,5.075173815233827,12.609520212918492,0.0,0.0,0,0.0,430
iterator,6,4,5.333333333333333,16,3,0,0,0,0,1,0,0,0,0,0,0,0,0,10,0,1,0,0,0,1,0,0,3,4,2,1,0,1,10,3,2.0,0,1,0.1,0,0.0,1,2.833213344056216,4.0,0.0,0.0,0,0.0,223
iter_addsub,1,1,1.0,1,0,0,0,0,1,0,0,0,0,3,2,5,0,2,43,1,1,1,0,0,3,0,1,3,1,2,4,0,1,22,7,2.1363636363636362,0,0,0.0,11,0.23255813953488372,3,0.6931471805599453,1.0,1.0,2.558139534883721,11,8.0,332
i_cache,1,1,1.0,1,0,0,0,0,1,1,3,7,0,6,0,0,0,17,50,2,0,5,0,1,0,8,5,8,2,2,5,0,1,39,9,3.5641025641025643,0,11,0.22,5,0.12,0,0.6931471805599453,1.0,5.0,0.6,5,6.0,1607
jfifgen,32,2,10.173913043478262,234,23,1,0,10,0,7,1,0,0,4,0,0,0,78,288,2,1,15,2,0,0,12,24,10,4,2,17,0,1,69,36,5.36231884057971,7,8,0.027777777777777776,24,0.013888888888888888,2,5.459585514144159,15.297058540778355,244.17391304347828,0.3333333333333333,5616,40.69565217391305,4824
jitter_killer,32,4,18.0,36,2,1,0,0,0,2,0,0,0,4,0,0,0,24,67,1,0,5,2,0,0,2,3,2,1,2,7,0,1,24,13,3.6666666666666665,1,2,0.029850746268656716,3,0.05970149253731343,2,3.6109179126442243,6.0,54.0,0.1791044776119403,108,72.0,1078
jpeg_bitbuffer,40,3,13.153846153846153,171,13,1,0,3,0,3,1,2,0,12,4,0,1,18,161,3,4,22,2,0,0,1,7,8,4,2,24,0,1,56,42,3.8392857142857144,2,6,0.037267080745341616,7,0.09937888198757763,2,5.147494476813453,13.076696830622021,92.07692307692307,0.6956521739130435,1197,157.84615384615384,2640
jpeg_decode_fsm,32,2,11.977272727272727,527,44,1,22,11,0,11,5,0,1,4,19,0,3,153,455,1,19,37,6,0,0,0,14,7,20,2,43,0,1,132,72,5.946969696969697,14,17,0.03736263736263736,14,0.05054945054945055,6,6.269096283706261,22.956480566497994,167.6818181818182,0.7076923076923077,7378,47.90909090909091,14950
jpeg_dht,256,2,22.4375,718,32,0,2,17,0,0,0,0,1,4,0,0,0,16,106,2,3,4,2,0,0,1,8,13,2,2,6,0,1,43,13,3.6744186046511627,1,1,0.009433962264150943,8,0.03773584905660377,2,6.577861357721047,26.795522013948524,179.5,0.3018867924528302,5744,89.75,2293
jpeg_dht_std_cx_ac,16,2,13.890243902439025,2278,164,0,119,5,0,0,0,1,0,0,0,0,0,162,865,1,2,162,0,0,0,0,2,164,2,2,162,0,1,343,165,4.795918367346939,8,1,0.0011560693641618498,2,0.0,0,7.731492029245684,47.7283982551269,27.78048780487805,0.0,4556,0.0,21175
jpeg_dht_std_cx_dc,11,2,5.857142857142857,82,14,0,0,2,0,0,0,1,0,0,0,0,0,12,116,1,2,12,0,0,0,0,2,14,2,2,12,0,1,52,15,2.7884615384615383,7,1,0.008620689655172414,2,0.0,0,4.418840607796598,9.055385138137417,11.714285714285714,0.0,164,0.0,1893
jpeg_dht_std_y_ac,16,2,14.103658536585366,2313,164,0,125,4,0,0,0,1,0,0,0,0,0,162,865,1,2,162,0,0,0,0,2,164,2,2,162,0,1,347,165,4.740634005763689,8,1,0.0011560693641618498,2,0.0,0,7.746732907753622,48.093658625644196,28.20731707317073,0.0,4626,0.0,20855
jpeg_dht_std_y_dc,9,2,4.928571428571429,69,14,0,0,2,0,0,0,1,0,0,0,0,0,12,114,1,2,12,0,0,0,0,2,14,2,2,12,0,1,50,15,2.9,7,1,0.008771929824561403,2,0.0,0,4.248495242049359,8.306623862918075,9.857142857142858,0.0,138,0.0,1854
jpeg_dqt,64,6,18.8,188,10,0,0,6,0,0,0,0,1,4,0,0,0,8,72,2,1,2,0,0,1,0,4,8,1,2,3,0,1,28,8,2.857142857142857,0,1,0.013888888888888888,4,0.05555555555555555,1,5.241747015059643,13.711309200802088,75.2,0.2222222222222222,752,75.2,1077
jpeg_get_pixels,64,3,14.020661157024794,3393,242,0,0,198,0,1,0,9,0,8,0,0,0,5,226,10,4,2,18,0,0,0,10,29,5,2,20,0,1,71,29,8.014084507042254,5,10,0.04424778761061947,10,0.035398230088495575,18,8.129764445794171,58.249463516842795,140.20661157024793,0.35398230088495575,33930,112.16528925619835,10137
jpeg_idct_fifo,1,1,1.0,1,0,0,0,0,1,4,8,0,0,8,0,0,0,13,124,1,3,7,0,0,0,0,4,6,3,2,7,0,1,34,9,3.588235294117647,0,12,0.0967741935483871,4,0.06451612903225806,0,0.6931471805599453,1.0,4.0,0.25806451612903225,4,8.0,1467
jpeg_idct_x,32,3,25.642857142857142,1436,56,40,7,2,0,14,15,7,2,0,0,0,8,169,429,11,3,18,4,0,0,4,46,10,3,2,22,0,1,101,53,6.99009900990099,13,38,0.08857808857808858,46,0.0,4,7.270312886079025,37.89459064299283,1179.5714285714284,0.0,66056,0.0,7968
jpeg_idct_y,32,3,24.64406779661017,1454,59,40,7,2,0,14,15,7,2,0,0,0,8,169,507,11,3,18,6,0,0,4,47,11,3,2,24,0,1,162,66,5.611111111111111,15,38,0.07495069033530571,47,0.0,6,7.282761179605593,38.13135192987524,1158.2711864406779,0.0,68338,0.0,9851
jpeg_input,16,2,6.052631578947368,230,38,0,3,14,0,2,4,2,0,156,47,0,0,165,571,22,19,87,4,0,1,20,23,10,18,2,92,0,1,146,87,7.184931506849315,26,8,0.014010507880910683,23,0.3555166374781086,5,5.442417710521793,15.165750888103101,139.21052631578948,8.176882661996498,5290,944.2105263157895,13568
jpeg_mcu_id,16,2,13.416666666666666,161,12,0,8,0,0,10,0,1,4,22,2,0,0,51,195,2,3,17,2,0,2,4,7,9,3,2,21,0,1,57,18,5.035087719298246,7,15,0.07692307692307693,7,0.12307692307692308,4,5.087596335232384,12.68857754044952,93.91666666666666,0.8615384615384616,1127,295.16666666666663,3634
jpeg_mcu_proc,32,2,9.870967741935484,306,31,1,11,4,0,7,6,4,0,32,9,0,5,81,454,15,10,46,4,0,0,7,16,25,9,2,50,0,1,119,42,5.647058823529412,16,17,0.037444933920704845,16,0.09030837004405286,4,5.726847747587197,17.4928556845359,157.93548387096774,1.4449339207048457,4896,315.8709677419355,8557
jpeg_output_fifo,1,1,1.0,1,0,0,0,0,1,4,8,0,0,8,0,0,0,13,124,1,3,7,0,0,0,0,4,6,4,2,7,0,1,34,9,3.588235294117647,0,12,0.0967741935483871,4,0.06451612903225806,0,0.6931471805599453,1.0,4.0,0.25806451612903225,4,8.0,1469
jpeg_regdata,96,7,27.134615384615383,2822,104,69,14,14,0,9,3,0,1,11,6,0,0,95,261,3,3,19,2,0,2,1,8,12,3,2,23,0,1,94,96,5.595744680851064,11,13,0.04980842911877394,8,0.06513409961685823,4,7.945555428253489,53.1224999411737,217.07692307692307,0.5210727969348659,22576,298.4807692307692,8415
jpeg_stream,128,7,40.857142857142854,286,7,0,0,2,0,1,3,0,0,4,1,0,4,21,59,3,3,8,0,0,0,1,3,5,3,2,8,0,1,31,11,3.7096774193548385,1,4,0.06779661016949153,3,0.0847457627118644,0,5.659482215759621,16.911534525287763,122.57142857142856,0.2542372881355932,858,163.42857142857142,1349
jpeg_ycbcr2rgb,32,4,16.37037037037037,884,54,12,12,8,0,4,2,4,1,0,0,0,0,74,233,2,11,5,0,0,6,7,36,8,8,2,11,0,1,93,36,4.451612903225806,5,11,0.04721030042918455,36,0.0,6,6.785587645007929,29.732137494637012,589.3333333333334,0.0,31824,0.0,5887
jpeg_ziguzagu,128,2,18.208333333333332,874,48,4,6,0,0,3,1,0,1,22,2,0,0,78,339,7,9,32,4,0,2,3,10,11,5,2,38,0,1,126,66,6.476190476190476,17,5,0.014749262536873156,10,0.07079646017699115,6,6.774223886357614,29.563490998188964,182.08333333333331,0.7079646017699115,8740,400.5833333333333,11460
jsq,4,4,4.0,8,2,0,0,0,0,2,0,0,0,0,0,0,0,12,44,2,0,5,0,0,0,0,2,1,1,2,5,0,1,20,8,3.3,0,2,0.045454545454545456,2,0.0,0,2.1972245773362196,2.8284271247461903,8.0,0.0,16,0.0,459
jtag_io_in0,1,1,1.0,1,0,0,0,0,1,0,0,0,1,1,1,0,0,4,60,1,3,2,0,0,0,3,1,4,1,2,2,0,1,26,5,2.0384615384615383,0,1,0.016666666666666666,1,0.03333333333333333,0,0.6931471805599453,1.0,1.0,0.03333333333333333,1,1.0,831
jtag_io_out0,32,32,32.0,32,1,1,0,0,0,0,0,0,1,5,1,0,0,5,68,1,4,2,0,0,0,4,1,6,2,2,2,0,1,29,6,2.3793103448275863,0,1,0.014705882352941176,1,0.08823529411764706,0,3.4965075614664802,5.656854249492381,32.0,0.08823529411764706,32,160.0,1136
jump_control_block,16,2,10.222222222222221,92,9,0,5,0,0,1,0,0,1,34,6,0,0,15,95,2,17,2,0,0,5,5,3,4,2,2,7,0,1,46,38,4.217391304347826,2,2,0.021052631578947368,3,0.42105263157894735,5,4.532599493153256,9.591663046625438,30.666666666666664,1.263157894736842,276,347.55555555555554,1956
jump_or_branch,32,32,32.0,96,3,3,0,0,0,0,0,0,0,0,0,0,0,6,26,1,0,2,0,0,0,0,2,2,2,2,2,0,1,19,6,2.8421052631578947,0,0,0.0,2,0.0,0,4.574710978503383,9.797958971132712,64.0,0.0,192,0.0,488
kbd_decoder,8,3,5.666666666666667,17,3,0,0,1,0,0,0,0,0,0,0,0,0,32,66,1,0,2,2,0,0,0,3,2,3,2,4,0,1,48,9,2.5625,0,0,0.0,3,0.0,2,2.8903717578961645,4.123105625617661,17.0,0.0,51,0.0,1138
kbitwidthreg,1,1,1.0,1,0,0,0,0,1,0,2,0,0,0,0,0,0,4,35,1,0,2,0,0,0,0,1,2,1,2,2,0,1,23,6,1.8695652173913044,0,2,0.05714285714285714,1,0.0,0,0.6931471805599453,1.0,1.0,0.0,1,0.0,359
kcode8to10,10,8,9.333333333333334,28,3,0,0,1,0,0,0,1,0,0,0,0,0,0,35,1,1,0,2,0,3,0,1,2,1,2,5,0,1,47,6,1.425531914893617,0,1,0.02857142857142857,1,0.0,5,3.367295829986474,5.291502622129181,9.333333333333334,0.0,28,0.0,696
kernel_fetcher,64,2,20.32,508,25,0,13,0,0,4,19,3,1,145,1,0,0,171,267,4,40,12,0,0,64,49,17,12,5,2,76,0,1,104,63,8.403846153846153,14,27,0.10112359550561797,17,0.5468164794007491,64,6.2324480165505225,22.538855339169288,345.44,9.295880149812735,8636,2946.4,9825
key,4,4,4.0,4,1,0,0,0,0,0,4,0,1,13,3,0,0,32,152,7,6,22,0,0,0,6,5,7,2,2,22,0,1,35,22,6.285714285714286,4,5,0.03289473684210526,5,0.10526315789473684,0,1.6094379124341003,2.0,20.0,0.5263157894736842,20,52.0,3085
key4x4funcmod_module,20,4,4.615384615384615,120,26,0,0,0,0,5,0,0,1,4,0,0,0,66,163,4,1,28,0,0,0,4,12,3,3,3,28,0,1,78,30,4.294871794871795,8,6,0.03680981595092025,12,0.024539877300613498,0,4.795790545596741,10.954451150103322,55.38461538461538,0.294478527607362,1440,18.46153846153846,3985
keyboard,11,8,8.428571428571429,59,7,0,0,6,0,2,0,0,0,0,0,0,0,3,68,1,0,3,0,0,0,0,5,2,2,2,3,0,1,27,6,2.5925925925925926,0,2,0.029411764705882353,5,0.0,0,4.0943445622221,7.681145747868608,42.142857142857146,0.0,295,0.0,768
keyexpansion,32,4,18.4,276,15,6,0,7,0,6,6,9,1,2,0,2,0,4,331,1,0,2,4,1,0,1,2,5,1,2,6,0,1,308,261,2.961038961038961,4,22,0.06646525679758308,6,0.012084592145015106,4,5.6240175061873385,16.61324772583615,36.8,0.07250755287009064,1656,73.6,9800
keygenerator,128,4,26.095238095238095,548,21,0,18,0,0,1,0,0,1,0,0,0,0,24,57,1,0,2,2,0,0,2,4,2,2,2,4,0,1,58,25,4.051724137931035,8,2,0.03508771929824561,4,0.0,2,6.3080984415095305,23.40939982143925,104.38095238095238,0.0,2192,0.0,2623
keytr,16,3,8.6,43,5,0,1,0,0,1,0,0,0,0,1,0,0,10,112,4,2,5,0,0,1,0,4,3,3,2,6,0,1,31,6,3.032258064516129,0,1,0.008928571428571428,4,0.008928571428571428,1,3.784189633918261,6.557438524302,34.4,0.03571428571428571,172,0.0,823
key_board,20,4,7.0,42,6,0,0,0,0,1,0,1,1,0,0,0,0,38,146,5,1,11,6,0,0,1,6,2,3,2,17,0,1,80,18,3.0125,3,3,0.02054794520547945,6,0.0,6,3.7612001156935624,6.48074069840786,42.0,0.0,252,0.0,3989
key_control,4,4,4.0,8,2,0,0,0,0,0,0,0,1,0,0,0,0,11,107,1,0,5,0,0,0,7,1,3,1,2,5,0,1,43,11,2.8372093023255816,1,1,0.009345794392523364,1,0.0,0,2.1972245773362196,2.8284271247461903,4.0,0.0,8,0.0,1897
key_ctrl,30,30,30.0,120,4,0,0,0,0,2,0,0,0,0,0,0,0,6,73,3,3,3,0,0,0,9,3,4,3,2,3,0,1,34,11,2.9705882352941178,1,2,0.0273972602739726,3,0.0,0,4.795790545596741,10.954451150103322,90.0,0.0,360,0.0,1029
key_debounce,16,2,8.75,35,4,0,1,0,0,3,0,0,0,6,0,0,0,34,123,5,3,14,2,0,2,6,11,3,1,2,18,0,1,45,14,4.777777777777778,6,3,0.024390243902439025,11,0.04878048780487805,4,3.58351893845611,5.916079783099616,96.25,0.5365853658536586,385,52.5,2129
key_filter,20,20,20.0,20,1,0,0,0,0,1,1,0,1,2,0,0,0,13,43,2,0,5,0,0,0,3,2,3,1,2,5,0,1,24,9,2.9583333333333335,0,3,0.06976744186046512,2,0.046511627906976744,0,3.044522437723423,4.47213595499958,40.0,0.09302325581395349,40,40.0,815
key_funcmod,28,2,7.6,38,5,0,0,0,0,15,5,0,0,6,0,0,0,52,101,3,1,17,2,0,0,2,6,2,1,2,19,0,1,52,27,4.846153846153846,8,20,0.19801980198019803,6,0.0594059405940594,2,3.6635616461296463,6.164414002968976,45.599999999999994,0.3564356435643564,228,45.599999999999994,2238
key_generate,128,4,30.6,612,20,9,0,8,0,0,0,0,1,0,0,14,0,0,46,0,8,0,0,0,0,1,0,2,1,2,0,0,1,26,9,3.1923076923076925,0,1,0.021739130434782608,28,0.30434782608695654,0,6.418364935936212,24.73863375370596,0.0,8.521739130434783,17136,428.40000000000003,696
key_xor,128,4,87.33333333333333,524,6,0,0,1,0,0,0,0,1,0,0,10,0,0,69,0,1,0,2,0,0,0,0,4,1,2,2,0,1,39,12,1.8205128205128205,2,1,0.014492753623188406,20,0.14492753623188406,2,6.263398262591624,22.891046284519195,0.0,2.898550724637681,10480,873.3333333333333,1199
ksa,8,8,8.0,32,4,0,0,4,0,0,0,0,1,35,17,9,0,0,140,0,61,0,0,0,0,2,0,2,2,2,0,0,1,22,61,12.318181818181818,7,1,0.007142857142857143,18,0.4357142857142857,0,3.4965075614664802,5.656854249492381,0.0,7.842857142857143,576,352.0,1872
l1,1,1,1.0,1,0,0,0,0,1,1,12,0,0,4,0,0,1,20,61,1,0,5,0,1,0,8,7,6,3,2,5,0,1,39,9,3.8461538461538463,0,13,0.21311475409836064,7,0.06557377049180328,0,0.6931471805599453,1.0,7.0,0.45901639344262296,7,4.0,1699
lab05,8,4,5.333333333333333,16,3,0,0,1,0,0,0,0,0,4,0,0,0,4,21,1,0,2,0,0,0,0,1,2,1,2,2,0,1,24,7,2.125,0,0,0.0,1,0.19047619047619047,0,2.833213344056216,4.0,5.333333333333333,0.19047619047619047,16,21.333333333333332,370
lab1,16,1,4.6,69,15,0,1,2,4,1,0,0,1,0,0,1,0,0,52,0,3,0,0,0,0,1,0,2,5,2,0,0,1,19,6,2.473684210526316,0,2,0.038461538461538464,2,0.019230769230769232,0,4.248495242049359,8.306623862918075,0.0,0.038461538461538464,138,4.6,564
lab4_alu,32,3,20.0,140,7,4,0,0,0,0,0,0,0,5,3,1,0,1,32,0,9,2,0,0,1,4,0,3,2,2,3,0,1,34,11,3.1176470588235294,2,0,0.0,2,0.28125,1,4.948759890378168,11.832159566199232,0.0,0.5625,280,120.0,735
lab7_1,7,2,3.8181818181818183,42,11,0,0,0,0,0,6,1,0,0,0,0,0,1,69,3,1,2,4,0,0,4,24,5,2,4,6,0,1,47,11,3.0,2,7,0.10144927536231885,24,0.0,4,3.7612001156935624,6.48074069840786,91.63636363636364,0.0,1008,0.0,1615
lab7_3,1,1,1.0,1,0,0,0,0,1,0,7,2,0,0,0,0,0,2,32,1,2,1,0,0,0,2,6,3,2,2,1,0,1,26,5,2.076923076923077,0,9,0.28125,6,0.0,0,0.6931471805599453,1.0,6.0,0.0,6,0.0,640
lab7_6,1,1,1.0,1,0,0,0,0,1,5,7,0,0,0,0,0,0,9,47,1,0,3,0,3,0,1,2,5,1,2,3,0,1,27,18,3.111111111111111,1,12,0.2553191489361702,2,0.0,0,0.6931471805599453,1.0,2.0,0.0,2,0.0,909
lab7_7,1,1,1.0,1,0,0,0,0,1,1,8,4,0,0,0,0,0,10,52,1,0,3,2,0,0,0,3,5,1,2,5,0,1,31,12,2.6451612903225805,1,13,0.25,3,0.0,2,0.6931471805599453,1.0,3.0,0.0,3,0.0,872
lag_window_pipe,32,12,21.066666666666666,632,30,11,13,0,0,0,0,4,1,0,0,0,0,0,162,4,0,4,8,0,0,0,4,24,7,2,12,0,1,78,24,2.91025641025641,1,5,0.030864197530864196,4,0.0,8,6.450470422144176,25.13961017995307,84.26666666666667,0.0,2528,0.0,2921
latches,14,2,5.714285714285714,80,14,0,0,5,0,0,0,0,1,2,0,0,0,5,82,1,9,1,2,0,2,1,3,8,9,2,5,0,1,46,9,2.4782608695652173,0,1,0.012195121951219513,3,0.024390243902439025,4,4.394449154672439,8.94427190999916,17.142857142857142,0.07317073170731708,240,11.428571428571429,1330
latticedatamemory,32,4,11.333333333333334,136,12,2,0,8,0,0,1,0,0,0,0,0,0,0,109,0,1,0,0,0,1,1,0,6,1,2,1,0,1,35,9,3.3142857142857145,0,1,0.009174311926605505,0,0.0,1,4.919980925828125,11.661903789690601,0.0,0.0,0,0.0,1367
lbp,8,2,6.7272727272727275,74,11,0,0,6,0,11,10,2,0,2,0,0,2,63,209,8,0,4,6,0,8,1,10,3,6,2,18,0,1,53,24,5.849056603773585,8,23,0.11004784688995216,10,0.009569377990430622,14,4.31748811353631,8.602325267042627,67.27272727272728,0.09569377990430622,740,13.454545454545455,4470
lcd,64,4,6.225,249,40,0,0,0,0,1,0,0,2,2,0,0,0,111,308,4,4,8,4,0,1,0,19,3,4,2,13,0,1,58,75,6.413793103448276,7,3,0.00974025974025974,19,0.006493506493506494,5,5.521460917862246,15.7797338380595,118.27499999999999,0.12337662337662339,4731,12.45,6087
lcd24x3,72,3,11.166666666666666,201,18,0,0,1,0,5,1,4,1,0,7,0,0,11,133,5,0,7,4,1,2,1,8,10,2,2,13,0,1,70,21,2.8142857142857145,3,11,0.08270676691729323,8,0.05263157894736842,6,5.308267697401205,14.177446878757825,89.33333333333333,0.42105263157894735,1608,0.0,1866
lcdverilog,33,16,21.666666666666668,65,3,0,2,0,0,3,0,0,1,2,0,0,0,24,87,1,0,23,0,0,0,0,4,2,4,2,23,0,1,35,24,4.628571428571429,5,4,0.04597701149425287,4,0.022988505747126436,0,4.189654742026425,8.06225774829855,86.66666666666667,0.09195402298850575,260,43.333333333333336,1705
lcd_counter,16,16,16.0,64,4,0,4,0,0,10,8,0,32,31,6,0,0,25,54,1,0,4,0,0,0,0,9,4,5,2,4,0,1,31,13,4.32258064516129,2,50,0.9259259259259259,9,0.6851851851851852,0,4.174387269895637,8.0,144.0,6.166666666666667,576,496.0,1349
lcd_display,24,11,15.333333333333334,46,3,0,0,0,0,0,0,7,8,8,0,0,0,14,60,1,0,5,0,0,0,0,1,4,1,2,5,0,1,36,9,2.361111111111111,0,15,0.25,1,0.13333333333333333,0,3.8501476017100584,6.782329983125268,15.333333333333334,0.13333333333333333,46,122.66666666666667,1142
lcd_driver,24,11,15.333333333333334,92,6,0,0,0,0,8,7,0,1,6,0,0,0,17,108,3,8,6,0,0,4,1,4,3,9,2,10,0,1,55,10,3.272727272727273,0,16,0.14814814814814814,4,0.05555555555555555,4,4.532599493153256,9.591663046625438,61.333333333333336,0.2222222222222222,368,92.0,2505
lcu_4,4,4,4.0,12,3,0,0,0,0,0,0,0,1,0,0,0,0,0,45,0,0,0,0,0,0,11,0,3,3,2,0,0,1,28,31,4.964285714285714,4,1,0.022222222222222223,0,0.0,0,2.5649493574615367,3.4641016151377544,0.0,0.0,0,0.0,955
ldpc_ctrl,13,2,5.25,84,16,0,0,0,0,5,0,1,0,7,5,0,0,69,343,20,11,47,2,0,1,9,20,7,10,2,50,0,1,99,47,6.595959595959596,17,6,0.01749271137026239,20,0.03498542274052478,3,4.442651256490317,9.16515138991168,105.0,0.6997084548104957,1680,36.75,7038
ldpc_muxreg,1,1,1.0,1,0,0,0,0,1,2,8,2,1,0,0,0,0,3,55,1,2,1,0,1,0,1,2,4,1,2,1,0,1,33,8,2.090909090909091,0,13,0.23636363636363636,2,0.0,0,0.6931471805599453,1.0,2.0,0.0,2,0.0,706
ldpc_ram_behav,1,1,1.0,1,0,0,0,0,1,0,8,2,1,0,0,0,0,3,45,1,1,1,0,0,0,0,3,5,1,2,1,0,1,25,5,2.08,0,11,0.24444444444444444,3,0.0,0,0.6931471805599453,1.0,3.0,0.0,3,0.0,569
ldpc_shuffle,3,2,2.5,5,2,0,0,0,0,31,47,17,2,0,2,0,0,17,198,0,5,42,0,6,10,7,7,9,1,2,52,0,1,67,56,5.373134328358209,6,97,0.4898989898989899,7,0.010101010101010102,10,1.791759469228055,2.23606797749979,17.5,0.07070707070707072,35,0.0,5197
ldpc_vpu,1,1,1.0,1,0,0,0,0,1,20,54,0,0,12,4,0,0,25,161,9,3,8,0,1,0,11,54,8,5,2,8,0,1,58,66,6.172413793103448,5,74,0.45962732919254656,54,0.09937888198757763,0,0.6931471805599453,1.0,54.0,5.366459627329192,54,12.0,4002
leadingone,32,32,32.0,32,1,1,0,0,0,1,7,0,0,2,0,0,1,4,70,1,0,1,0,2,0,0,2,6,1,2,1,0,1,31,7,2.806451612903226,0,8,0.11428571428571428,2,0.02857142857142857,0,3.4965075614664802,5.656854249492381,64.0,0.05714285714285714,64,64.0,828
led,32,24,26.666666666666668,80,3,1,0,0,0,0,0,0,1,0,0,0,0,3,24,1,0,2,0,0,0,4,1,4,1,2,2,0,1,22,5,1.8181818181818181,0,1,0.041666666666666664,1,0.0,0,4.394449154672439,8.94427190999916,26.666666666666668,0.0,80,0.0,339
led7,8,4,6.0,12,2,0,0,1,0,3,5,4,0,0,0,0,0,1,44,1,2,0,2,1,0,1,1,1,1,2,2,0,1,59,28,1.9491525423728813,2,12,0.2727272727272727,1,0.0,2,2.5649493574615367,3.4641016151377544,6.0,0.0,12,0.0,1110
ledg,9,9,9.0,9,1,0,0,0,0,0,0,0,1,5,0,0,0,5,67,1,4,2,0,0,0,4,1,6,2,2,2,0,1,28,6,2.4285714285714284,0,1,0.014925373134328358,1,0.07462686567164178,0,2.302585092994046,3.0,9.0,0.07462686567164178,9,45.0,1037
ledr,18,18,18.0,18,1,0,0,0,0,0,0,0,1,5,0,0,0,5,67,1,4,2,0,0,0,4,1,6,2,2,2,0,1,28,6,2.4285714285714284,0,1,0.014925373134328358,1,0.07462686567164178,0,2.9444389791664403,4.242640687119285,18.0,0.07462686567164178,18,90.0,1039
leds,26,4,15.0,30,2,0,0,0,0,1,0,0,0,0,0,0,0,1,19,1,3,0,0,0,0,0,1,2,3,2,0,0,1,18,7,1.9444444444444444,0,1,0.05263157894736842,1,0.0,0,3.4339872044851463,5.477225575051661,15.0,0.0,30,0.0,330
ledscan,12,3,6.863636363636363,151,22,0,0,14,0,1,0,0,0,0,0,0,0,11,52,2,0,0,2,0,0,0,3,5,2,2,2,0,1,32,7,2.25,0,1,0.019230769230769232,3,0.0,2,5.0238805208462765,12.288205727444508,20.59090909090909,0.0,453,0.0,808
led_7seg,20,4,7.8,39,5,0,0,0,0,1,0,2,1,6,0,0,0,11,82,3,1,6,2,0,0,0,4,2,3,2,8,0,1,47,18,2.5319148936170213,2,4,0.04878048780487805,4,0.07317073170731707,2,3.6888794541139363,6.244997998398398,31.2,0.2926829268292683,156,46.8,1375
led_blink,26,26,26.0,26,1,0,0,0,0,1,0,0,1,0,0,0,0,7,58,1,1,2,0,0,0,0,2,2,1,2,2,0,1,23,6,2.347826086956522,0,2,0.034482758620689655,2,0.0,0,3.295836866004329,5.0990195135927845,52.0,0.0,52,0.0,553
led_counter1,24,8,16.0,32,2,0,0,1,0,2,0,0,0,0,0,0,0,6,43,2,0,2,0,0,0,3,3,3,1,2,2,0,1,22,5,2.227272727272727,0,2,0.046511627906976744,3,0.0,0,3.4965075614664802,5.656854249492381,48.0,0.0,96,0.0,531
led_counter2,24,3,8.6,43,5,0,0,1,0,2,1,0,0,0,0,0,0,16,77,3,0,7,0,0,0,4,10,3,1,2,7,0,1,29,14,3.8620689655172415,2,3,0.03896103896103896,10,0.0,0,3.784189633918261,6.557438524302,86.0,0.0,430,0.0,1269
led_switch,1,1,1.0,1,0,0,0,0,1,1,2,0,0,0,0,0,0,1,48,1,0,0,0,1,1,0,1,2,1,2,1,0,1,17,7,2.176470588235294,0,3,0.0625,1,0.0,1,0.6931471805599453,1.0,1.0,0.0,1,0.0,371
leftshifter,32,2,20.357142857142858,285,14,3,1,0,0,0,0,0,1,0,0,0,0,6,22,0,5,1,0,0,7,2,0,2,1,2,8,0,1,16,7,3.25,0,1,0.045454545454545456,0,0.0,7,5.655991810819852,16.881943016134134,0.0,0.0,0,0.0,472
left_barrel_shifter,16,16,16.0,48,3,0,3,0,0,0,0,0,0,0,0,0,0,0,83,0,1,1,0,0,0,5,0,2,1,2,1,0,1,83,64,4.9156626506024095,11,0,0.0,0,0.0,0,3.8918202981106265,6.928203230275509,0.0,0.0,0,0.0,2289
left_shift,26,2,14.222222222222221,384,27,0,1,2,0,0,0,1,0,0,0,0,0,0,116,1,0,29,2,0,0,0,2,1,2,2,31,0,1,40,29,4.95,6,1,0.008620689655172414,2,0.0,2,5.953243334287785,19.595917942265423,28.444444444444443,0.0,768,0.0,2995
left_shifter,16,2,8.666666666666666,26,3,0,1,1,0,0,0,1,0,0,0,0,0,0,15,1,0,8,2,0,0,0,1,2,1,2,10,0,1,19,5,1.736842105263158,0,1,0.06666666666666667,1,0.0,2,3.295836866004329,5.0990195135927845,8.666666666666666,0.0,26,0.0,338
left_shister_reverse,8,2,5.0625,81,16,0,0,3,0,0,0,1,1,0,0,0,0,0,42,1,1,0,2,0,0,3,1,2,1,2,2,0,1,24,17,2.5,1,2,0.047619047619047616,1,0.0,2,4.406719247264253,9.0,5.0625,0.0,81,0.0,593
letter_overflow_comparator,8,8,8.0,8,1,0,0,1,0,0,0,2,1,0,0,0,0,6,42,2,0,2,0,0,0,0,2,2,1,2,2,0,1,32,4,1.75,0,3,0.07142857142857142,2,0.0,0,2.1972245773362196,2.8284271247461903,16.0,0.0,16,0.0,622
level_decoding,16,2,7.176470588235294,244,34,0,1,5,0,7,1,0,0,18,0,0,2,120,207,9,1,28,4,0,5,1,10,8,21,2,37,0,1,66,28,6.5,10,8,0.03864734299516908,10,0.08695652173913043,9,5.501258210544727,15.620499351813308,71.76470588235294,0.8695652173913043,2440,129.1764705882353,5854
levinson_durbin,8,4,6.0,30,5,0,0,1,0,4,28,2,0,0,0,0,0,445,1475,3,0,18,14,0,3,3,13,2,3,2,35,0,1,444,144,5.34009009009009,21,34,0.02305084745762712,13,0.0,17,3.4339872044851463,5.477225575051661,78.0,0.0,390,0.0,22857
levinson_durbin_3mult,31,4,21.6875,347,16,0,0,1,0,3,28,1,0,0,0,0,0,308,1483,3,0,18,10,0,3,4,14,2,3,2,31,0,1,433,194,4.97459584295612,30,32,0.02157788267026298,14,0.0,13,5.8522024797744745,18.627936010197157,303.625,0.0,4858,0.0,21595
levinson_durbin_multchange,8,4,6.166666666666667,37,6,0,0,1,0,4,39,2,0,0,0,0,0,450,1771,3,0,18,14,0,3,3,14,2,4,2,35,0,1,462,203,5.640692640692641,32,45,0.025409373235460192,14,0.0,17,3.6375861597263857,6.082762530298219,86.33333333333334,0.0,518,0.0,26222
lfsr,4,3,3.6666666666666665,11,3,0,0,0,0,0,0,0,1,0,0,2,0,1,33,1,0,1,0,0,0,0,1,3,1,2,1,0,1,14,5,1.6428571428571428,0,1,0.030303030303030304,5,0.06060606060606061,0,2.4849066497880004,3.3166247903554,3.6666666666666665,0.30303030303030304,55,7.333333333333333,242
lfsr_7,7,6,6.666666666666667,20,3,0,0,0,0,0,0,0,0,0,0,1,0,2,23,1,1,1,0,0,0,0,8,2,1,2,1,0,1,18,7,1.7777777777777777,0,0,0.0,10,0.043478260869565216,0,3.044522437723423,4.47213595499958,53.333333333333336,0.43478260869565216,200,6.666666666666667,267
lfsr_race,15,14,14.666666666666666,44,3,0,0,0,0,0,0,0,0,0,0,3,0,2,25,1,1,1,0,0,0,0,10,2,1,2,1,0,1,19,9,1.7894736842105263,0,0,0.0,16,0.12,0,3.8066624897703196,6.6332495807108,146.66666666666666,1.92,704,44.0,298
lg_1,1,1,1.0,1,0,0,0,0,1,0,0,0,0,36,0,0,0,0,9,0,6,0,0,0,1,0,0,14,6,2,1,0,1,27,14,3.6666666666666665,1,0,0.0,0,4.0,1,0.6931471805599453,1.0,0.0,0.0,0,36.0,503
lhn_7bit_adder,7,6,6.666666666666667,20,3,0,0,0,0,0,0,0,0,3,2,2,0,0,26,0,2,0,0,0,0,1,0,3,3,4,0,0,1,23,14,4.173913043478261,4,0,0.0,4,0.2692307692307692,0,3.044522437723423,4.47213595499958,0.0,1.0769230769230769,80,33.333333333333336,659
lhn_mul12_emu,11,3,6.25,25,4,0,0,0,0,0,0,0,0,0,0,0,0,0,13,0,1,0,0,0,0,1,0,2,1,2,0,0,1,13,5,1.8461538461538463,0,0,0.0,0,0.0,0,3.258096538021482,5.0,0.0,0.0,0,0.0,253
lhn_m_reg,7,7,7.0,14,2,0,0,0,0,0,0,0,0,0,0,0,0,1,12,1,0,1,0,0,0,0,2,2,1,2,1,0,1,17,4,1.588235294117647,0,0,0.0,2,0.0,0,2.70805020110221,3.7416573867739413,14.0,0.0,28,0.0,211
lhn_one_stage,7,3,5.25,42,8,0,0,0,0,0,0,0,0,0,0,0,0,0,28,0,3,0,0,0,0,4,6,3,2,2,0,0,1,34,5,2.235294117647059,0,0,0.0,6,0.0,0,3.7612001156935624,6.48074069840786,31.5,0.0,252,0.0,695
lhn_ph_reg,7,7,7.0,14,2,0,0,0,0,0,0,0,0,0,0,0,0,1,14,1,0,1,0,0,0,0,2,2,1,2,1,0,1,17,4,1.588235294117647,0,0,0.0,2,0.0,0,2.70805020110221,3.7416573867739413,14.0,0.0,28,0.0,217
lhn_pipeline,11,4,6.6,33,5,0,0,0,0,0,0,0,0,0,0,0,0,0,18,0,0,0,0,0,0,2,0,3,1,2,0,0,1,35,6,2.2,0,0,0.0,0,0.0,0,3.5263605246161616,5.744562646538029,0.0,0.0,0,0.0,672
lifo,1,1,1.0,1,0,0,0,0,1,2,10,0,0,2,0,0,0,5,72,2,4,10,0,0,2,5,4,5,1,2,12,0,1,34,8,3.4411764705882355,0,12,0.16666666666666666,4,0.027777777777777776,2,0.6931471805599453,1.0,4.0,0.1111111111111111,4,2.0,1180
limc,16,16,16.0,64,4,0,4,0,0,0,0,0,0,4,0,0,0,4,62,1,0,2,0,0,0,0,3,3,2,2,2,0,1,33,8,2.3333333333333335,0,0,0.0,3,0.06451612903225806,0,4.174387269895637,8.0,48.0,0.1935483870967742,192,64.0,1371
limd,16,16,16.0,96,6,0,6,0,0,2,2,0,0,4,0,0,0,4,71,1,0,2,0,0,0,0,4,4,2,2,2,0,1,32,8,2.65625,0,4,0.056338028169014086,4,0.056338028169014086,0,4.574710978503383,9.797958971132712,64.0,0.22535211267605634,384,64.0,1466
linear,128,8,14.666666666666666,528,36,0,0,34,0,0,0,0,1,0,0,0,0,0,324,0,16,0,2,0,0,0,0,2,1,2,2,0,1,530,273,1.609433962264151,4,1,0.0030864197530864196,0,0.0,2,6.270988431858299,22.978250586152114,0.0,0.0,0,0.0,10617
line_buffer_j,16,2,10.4,104,10,0,1,0,0,1,0,0,0,5,0,0,0,15,115,1,5,3,0,0,8,3,2,10,4,2,11,0,1,48,15,3.2083333333333335,1,1,0.008695652173913044,2,0.043478260869565216,8,4.653960350157523,10.198039027185569,20.8,0.08695652173913043,208,52.0,1741
load,6,6,6.0,6,1,0,0,0,0,0,0,1,0,0,8,0,0,5,23,1,0,1,0,0,0,1,1,1,1,2,1,0,1,27,6,1.7407407407407407,0,1,0.043478260869565216,1,0.34782608695652173,0,1.9459101490553132,2.449489742783178,6.0,0.34782608695652173,6,0.0,333
loadable_4bit_up_counter,4,4,4.0,8,2,0,0,0,0,1,0,0,1,0,0,0,0,3,37,1,0,2,0,0,0,0,1,2,1,2,2,0,1,20,6,1.8,0,2,0.05405405405405406,1,0.0,0,2.1972245773362196,2.8284271247461903,4.0,0.0,8,0.0,361
loadable_counter_5bit,5,5,5.0,10,2,0,0,0,0,1,0,0,0,0,0,0,0,4,26,1,0,2,0,0,1,0,1,2,1,2,3,0,1,21,6,1.9523809523809523,0,1,0.038461538461538464,1,0.0,1,2.3978952727983707,3.1622776601683795,5.0,0.0,10,0.0,350
loadbuffer,52,3,16.636363636363637,183,11,0,0,0,0,19,34,15,0,8,2,0,0,28,91,1,0,9,0,5,0,11,8,11,2,2,9,0,1,42,34,5.595238095238095,5,68,0.7472527472527473,8,0.10989010989010989,0,5.214935757608986,13.527749258468683,133.0909090909091,0.8791208791208791,1464,133.0909090909091,2582
loadlogic,32,2,13.263157894736842,252,19,3,5,9,0,0,0,1,0,0,0,0,0,2,85,1,0,2,6,0,0,0,10,4,1,2,8,0,1,29,17,4.413793103448276,2,1,0.011764705882352941,10,0.0,6,5.53338948872752,15.874507866387544,132.63157894736844,0.0,2520,0.0,1912
loadshift,8,8,8.0,16,2,0,0,2,0,0,0,0,1,0,0,0,1,2,41,1,1,2,0,0,0,0,2,2,1,2,2,0,1,20,6,2.0,0,1,0.024390243902439025,2,0.0,0,2.833213344056216,4.0,16.0,0.0,32,0.0,335
loaduse,5,5,5.0,5,1,0,0,0,0,0,0,0,0,3,3,0,0,2,15,0,4,0,0,0,0,1,0,2,1,2,0,0,1,20,4,2.55,0,0,0.0,0,0.4,0,1.791759469228055,2.23606797749979,0.0,0.0,0,15.0,335
load_modifier,32,8,18.666666666666668,112,6,2,2,2,0,0,0,1,1,0,0,0,0,0,25,1,0,1,2,0,1,2,1,2,1,2,4,0,1,25,9,1.8,0,2,0.08,1,0.0,3,4.727387818712341,10.583005244258363,18.666666666666668,0.0,112,0.0,639
load_stream,64,6,28.714285714285715,804,28,6,1,5,0,5,1,0,1,8,1,0,2,29,109,1,17,3,0,0,8,6,4,5,4,2,11,0,1,45,17,4.311111111111111,1,7,0.06422018348623854,4,0.08256880733944955,8,6.690842277418564,28.35489375751565,114.85714285714286,0.3302752293577982,3216,229.71428571428572,2049
load_unit,32,3,22.333333333333332,67,3,2,0,0,0,0,0,1,1,0,0,0,0,0,16,1,0,0,2,0,0,0,1,2,1,2,2,0,1,16,4,1.5,0,2,0.125,1,0.0,2,4.219507705176107,8.18535277187245,22.333333333333332,0.0,67,0.0,244
loco_top,32,6,12.6,126,10,2,0,7,0,0,0,0,1,0,0,0,0,0,136,0,1,36,0,0,0,25,0,3,1,2,36,0,1,64,25,3.140625,1,1,0.007352941176470588,0,0.0,0,4.844187086458591,11.224972160321824,0.0,0.0,0,0.0,2393
log10,1,1,1.0,1,0,0,0,0,1,0,4,0,0,0,0,0,0,0,45,0,1,0,0,0,0,2,0,1,1,2,0,0,1,59,23,2.7796610169491527,3,4,0.08888888888888889,0,0.0,0,0.6931471805599453,1.0,0.0,0.0,0,0.0,1378
logical_alu,8,3,4.75,38,8,0,0,1,0,0,0,1,1,0,0,0,0,8,58,1,0,0,2,0,0,1,3,4,2,2,2,0,1,46,17,2.4565217391304346,4,2,0.034482758620689655,3,0.0,2,3.6635616461296463,6.164414002968976,14.25,0.0,114,0.0,950
logical_tile_clb_mode_default__fle_mode_physical__fabric_mode_default__ff,2,1,1.2380952380952381,26,21,0,0,0,16,0,0,0,1,0,0,0,0,0,96,0,0,0,0,0,0,9,0,9,2,2,0,0,1,32,9,2.71875,0,1,0.010416666666666666,0,0.0,0,3.295836866004329,5.0990195135927845,0.0,0.0,0,0.0,1993
logical_tile_clb_mode_default__fle_mode_physical__fabric_mode_default__frac_logic_mode_default__frac_lut4_arith,18,1,4.76,119,25,0,3,0,11,0,0,0,1,0,0,0,0,0,94,0,0,0,0,0,0,10,0,6,4,2,0,0,1,33,10,2.6363636363636362,0,1,0.010638297872340425,0,0.0,0,4.787491742782046,10.908712114635714,0.0,0.0,0,0.0,2718
logical_tile_mult_18_mode_default__mult_18_core_mode_mult_18x18__mult_18x18_slice_mode_default__mult_18x18,36,1,13.9375,223,16,0,0,0,7,0,0,0,1,0,0,0,0,0,82,0,0,0,0,0,0,7,0,6,2,2,0,0,1,27,7,2.5185185185185186,0,1,0.012195121951219513,0,0.0,0,5.4116460518550396,14.933184523068078,0.0,0.0,0,0.0,1956
logical_unit,32,2,26.0,130,5,4,0,0,0,0,0,1,0,1,1,1,0,0,28,1,4,0,2,0,0,1,1,3,1,2,2,0,1,30,5,1.9666666666666666,0,1,0.03571428571428571,3,0.10714285714285714,2,4.875197323201151,11.40175425099138,26.0,0.3214285714285714,390,52.0,500
logicunit,1,1,1.0,1,0,0,0,0,1,0,0,0,0,8,0,0,0,0,45,0,8,0,0,0,0,3,0,4,3,6,0,0,1,50,18,3.94,2,0,0.0,0,0.17777777777777778,0,0.6931471805599453,1.0,0.0,0.0,0,8.0,987
logic_unit,2,2,2.0,2,1,0,0,0,0,0,4,1,0,2,2,0,0,4,67,2,0,2,2,0,0,6,4,6,2,2,4,0,1,36,10,3.1666666666666665,0,5,0.07462686567164178,4,0.05970149253731343,2,1.0986122886681098,1.4142135623730951,8.0,0.23880597014925373,8,4.0,1729
lookuptable,1,1,1.0,1,0,0,0,0,1,0,0,0,0,0,0,0,0,32,60,1,1,1,0,0,0,0,1,3,1,2,1,0,1,20,34,4.85,2,0,0.0,1,0.0,0,0.6931471805599453,1.0,1.0,0.0,1,0.0,1127
look_ahead_adder_64,64,2,3.823529411764706,390,102,0,0,0,0,0,0,0,1,0,0,0,0,0,91,0,1,0,0,0,0,11,0,5,4,4,0,0,1,102,38,3.5098039215686274,5,1,0.01098901098901099,0,0.0,0,5.968707559985366,19.748417658131498,0.0,0.0,0,0.0,3499
loopreduce,1,1,1.0,1,0,0,0,0,1,9,7,1,0,0,0,0,0,4,40,3,2,5,0,0,0,1,3,5,2,2,5,0,1,29,8,2.9655172413793105,0,17,0.425,3,0.0,0,0.6931471805599453,1.0,3.0,0.0,3,0.0,686
loudness,19,2,10.5,21,2,0,0,0,0,1,0,3,1,0,0,0,0,5,60,2,0,4,0,0,0,1,2,4,1,2,4,0,1,24,8,2.7083333333333335,0,5,0.08333333333333333,2,0.0,0,3.091042453358316,4.58257569495584,21.0,0.0,42,0.0,700
loudness_taskb,19,2,11.75,47,4,0,0,0,0,1,0,3,1,0,0,0,0,5,248,2,1,4,0,0,0,1,3,4,1,2,4,0,1,26,8,2.6923076923076925,0,5,0.020161290322580645,3,0.0,0,3.871201010907891,6.855654600401044,35.25,0.0,141,0.0,1005
lr4_matrix_disp_v10,128,3,23.285714285714285,163,7,0,0,3,0,1,0,0,1,2,0,0,0,4,194,3,129,4,2,0,0,1,3,4,2,2,6,0,1,196,130,3.0969387755102042,4,2,0.010309278350515464,3,0.010309278350515464,2,5.099866427824199,12.767145334803704,69.85714285714286,0.030927835051546393,489,46.57142857142857,5911
lrelu_h7,16,3,10.0,130,13,0,7,0,0,0,0,0,1,0,0,0,0,4,115,1,1,1,0,0,0,3,4,4,4,2,1,0,1,36,6,2.361111111111111,0,1,0.008695652173913044,4,0.0,0,4.875197323201151,11.40175425099138,40.0,0.0,520,0.0,936
lru,1,1,1.0,1,0,0,0,0,1,5,6,1,1,0,1,0,0,10,67,2,0,1,2,5,1,0,2,3,1,2,4,0,1,32,17,3.71875,3,13,0.19402985074626866,2,0.014925373134328358,3,0.6931471805599453,1.0,2.0,0.029850746268656716,2,0.0,1225
lr_cell,7,2,4.5,9,2,0,0,0,0,32,0,32,0,6,0,0,0,28,145,10,0,21,0,0,0,0,10,12,7,2,21,0,1,53,33,5.981132075471698,6,64,0.4413793103448276,10,0.041379310344827586,0,2.302585092994046,3.0,45.0,0.41379310344827586,90,27.0,3271
ls,16,8,10.0,40,4,0,1,3,0,1,0,0,0,0,0,0,0,79,155,1,1,5,8,0,1,12,10,11,10,2,14,0,1,73,18,4.47945205479452,9,1,0.0064516129032258064,10,0.0,9,3.713572066704308,6.324555320336759,100.0,0.0,400,0.0,4667
lsb,32,3,23.19047619047619,487,21,14,0,0,0,8,8,0,0,6,2,0,0,79,230,1,5,22,2,4,0,28,19,25,11,2,24,0,1,85,46,5.847058823529411,13,16,0.06956521739130435,19,0.034782608695652174,2,6.1903154058531475,22.06807649071391,440.6190476190476,0.6608695652173913,9253,139.14285714285714,6841
lsbuffer,2,2,2.0,4,2,0,0,0,0,6,11,2,0,12,2,1,1,58,286,5,10,8,0,2,6,58,25,46,15,4,14,0,1,123,58,5.715447154471545,12,19,0.06643356643356643,27,0.05244755244755245,6,1.6094379124341003,2.0,50.0,1.416083916083916,108,26.0,8499
lse,1,1,1.0,1,0,0,0,0,1,39,18,4,0,0,0,0,0,6,151,2,0,2,0,0,0,9,11,7,3,2,2,0,1,59,14,3.2711864406779663,2,61,0.40397350993377484,11,0.0,0,0.6931471805599453,1.0,11.0,0.0,11,0.0,3378
lsp_get_tdist,32,3,15.886363636363637,699,44,9,16,4,0,0,0,1,1,0,0,0,0,12,247,5,0,13,2,0,0,0,27,17,20,2,15,0,1,86,27,4.3604651162790695,8,2,0.008097165991902834,27,0.0,2,6.551080335043404,26.43860813280457,428.9318181818182,0.0,18873,0.0,4276
lsp_get_tdist_pipe,32,12,19.11111111111111,688,36,10,14,0,0,0,0,4,1,0,0,0,0,0,213,4,0,2,8,0,0,27,4,16,2,2,10,0,1,100,27,3.11,2,5,0.023474178403755867,4,0.0,8,6.535241271013659,26.229754097208,76.44444444444444,0.0,2752,0.0,3741
lsp_prev_compose,32,2,13.142857142857142,552,42,6,8,4,0,0,0,1,1,0,0,0,0,15,225,7,0,10,2,0,0,5,12,12,8,2,12,0,1,63,17,5.285714285714286,6,2,0.008888888888888889,12,0.0,2,6.315358001522335,23.49468024894146,157.71428571428572,0.0,6624,0.0,3782
lsp_prev_compose_pipe,32,12,20.545454545454547,452,22,8,7,0,0,0,0,4,1,0,0,0,0,0,129,4,0,0,8,0,0,0,4,18,5,2,8,0,1,68,18,2.7941176470588234,1,5,0.03875968992248062,4,0.0,8,6.115892125483034,21.2602916254693,82.18181818181819,0.0,1808,0.0,2203
lsp_prev_compose_top,32,12,19.0,456,24,7,7,0,0,0,0,0,1,0,0,0,0,0,119,0,0,0,0,0,0,16,0,16,2,2,0,0,1,45,16,4.4,2,1,0.008403361344537815,0,0.0,0,6.124683390894205,21.354156504062622,0.0,0.0,0,0.0,2208
lsp_prev_extract,32,2,12.782608695652174,588,46,6,11,4,0,0,0,1,1,0,0,0,0,14,237,7,0,10,2,0,0,3,14,13,9,2,12,0,1,70,19,5.214285714285714,6,2,0.008438818565400843,14,0.0,2,6.3784261836515865,24.24871130596428,178.95652173913044,0.0,8232,0.0,4317
lsp_prev_extract_pipe,32,12,19.733333333333334,592,30,10,8,0,0,0,0,4,1,0,0,0,0,0,190,4,0,1,8,0,0,21,4,13,2,2,9,0,1,89,21,3.247191011235955,2,5,0.02631578947368421,4,0.0,8,6.385194398997726,24.331050121192877,78.93333333333334,0.0,2368,0.0,3293
lsp_prev_update,32,2,15.36,384,25,6,5,0,0,0,0,1,1,0,0,0,0,13,210,3,0,12,2,0,0,7,13,7,8,2,14,0,1,69,13,4.6521739130434785,3,2,0.009523809523809525,13,0.0,2,5.953243334287785,19.595917942265423,199.68,0.0,4992,0.0,3366
lsp_prev_update_pipe,32,12,19.555555555555557,352,18,6,4,0,0,0,0,4,1,0,0,0,0,0,144,4,0,1,8,0,0,10,4,8,2,2,9,0,1,64,10,3.125,0,5,0.034722222222222224,4,0.0,8,5.8664680569332965,18.76166303929372,78.22222222222223,0.0,1408,0.0,2581
lsp_stability_fsm,32,4,11.882352941176471,808,68,9,17,14,0,0,0,1,1,0,0,0,0,35,402,7,0,55,2,0,0,0,20,7,9,2,57,0,1,96,34,6.541666666666667,16,2,0.004975124378109453,20,0.0,2,6.695798917058491,28.42534080710379,237.64705882352942,0.0,16160,0.0,6865
lsp_stability_pipe,32,12,21.263157894736842,404,19,8,4,0,0,0,0,4,1,0,0,0,0,0,149,4,0,2,8,0,0,12,4,7,2,2,10,0,1,68,12,3.161764705882353,1,5,0.03355704697986577,4,0.0,8,6.003887067106539,20.09975124224178,85.05263157894737,0.0,1616,0.0,2664
lsu,512,2,78.59,7859,100,41,0,0,0,18,79,110,3,142,90,0,9,111,1143,5,66,28,6,0,52,141,47,51,54,4,86,0,1,351,141,6.769230769230769,38,210,0.1837270341207349,47,0.20297462817147857,58,8.969541885423252,88.65100112237876,3693.73,9.539807524059492,369373,11159.78,32740
lui_or_auipc,32,7,23.833333333333332,143,6,3,0,0,0,1,0,1,1,0,0,0,0,0,37,1,0,0,2,0,0,0,1,2,1,2,2,0,1,19,4,1.4736842105263157,0,3,0.08108108108108109,1,0.0,2,4.969813299576001,11.958260743101398,23.833333333333332,0.0,143,0.0,389
lut,1,1,1.0,1,0,0,0,0,1,0,2,0,0,0,0,0,0,0,81,1,0,0,2,0,0,0,1,1,1,2,2,0,1,91,66,2.2967032967032965,3,2,0.024691358024691357,1,0.0,2,0.6931471805599453,1.0,1.0,0.0,1,0.0,2062
lut4ab_configmem,1,1,1.0,1,0,0,0,0,1,0,24,0,0,0,0,0,0,0,4360,0,0,0,0,0,0,20,0,2,2,2,0,0,1,655,618,9.50381679389313,10,24,0.005504587155963303,0,0.0,0,0.6931471805599453,1.0,0.0,0.0,0,0.0,73545
lut4ab_switch_matrix,4,1,2.381443298969072,462,194,0,0,0,16,908,471,0,0,0,0,0,0,0,4686,0,469,0,0,0,0,469,0,1946,275,2,0,0,1,1210,658,8.284297520661157,99,1379,0.29428083653435766,0,0.0,0,6.137727054086234,21.494185260204677,0.0,0.0,0,0.0,127103
lz77_decoder,9,3,5.571428571428571,39,7,0,0,2,0,1,0,0,0,0,0,0,0,29,53,1,0,1,0,0,4,0,5,5,10,2,5,0,1,24,29,4.041666666666667,1,1,0.018867924528301886,5,0.0,4,3.6888794541139363,6.244997998398398,27.857142857142854,0.0,195,0.0,1326
lz77_encoder,2048,2,113.10526315789474,2149,19,0,0,3,0,7,13,1,0,4,2,0,0,79,170,2,18,2,4,1,29,4,11,3,6,2,35,0,1,54,35,6.7407407407407405,12,21,0.12352941176470589,11,0.03529411764705882,33,7.673223121121708,46.357307945997036,1244.157894736842,0.38823529411764707,23639,452.42105263157896,4586
lzc,28,5,12.666666666666666,38,3,0,0,0,0,0,2,1,0,1,0,0,0,3,25,1,1,1,0,1,1,0,2,1,1,2,2,0,1,21,7,2.0952380952380953,0,3,0.12,2,0.04,1,3.6635616461296463,6.164414002968976,25.333333333333332,0.08,76,12.666666666666666,478
lzcnt,32,2,7.0,91,13,1,1,1,0,14,4,17,0,8,0,0,0,8,49,1,0,8,2,4,0,1,5,1,1,2,10,0,1,32,46,4.75,1,35,0.7142857142857143,5,0.16326530612244897,2,4.5217885770490405,9.539392014169456,35.0,0.8163265306122448,455,56.0,1186
lzc_div_m,24,5,11.333333333333334,34,3,0,0,0,0,0,2,1,0,1,0,0,0,3,25,1,1,1,0,1,1,0,2,1,1,2,2,0,1,21,7,2.0952380952380953,0,3,0.12,2,0.04,1,3.5553480614894135,5.830951894845301,22.666666666666668,0.08,68,11.333333333333334,484
lzc_mul,48,6,20.0,60,3,0,0,0,0,0,2,1,0,1,0,0,0,3,25,1,1,1,0,1,1,0,2,1,1,2,2,0,1,21,7,2.0952380952380953,0,3,0.12,2,0.04,1,4.110873864173311,7.745966692414834,40.0,0.08,120,20.0,483
lzc_sqrt,24,5,11.333333333333334,34,3,0,0,0,0,0,3,1,0,1,0,0,0,3,25,1,1,1,0,1,1,0,2,1,1,2,2,0,1,21,7,2.142857142857143,0,4,0.16,2,0.04,1,3.5553480614894135,5.830951894845301,22.666666666666668,0.08,68,11.333333333333334,491
l_abs,32,32,32.0,128,4,4,0,0,0,1,0,1,1,0,0,0,0,2,41,1,0,2,0,0,0,0,1,1,1,2,2,0,1,20,6,2.15,0,3,0.07317073170731707,1,0.0,0,4.859812404361672,11.313708498984761,32.0,0.0,128,0.0,441
l_add,32,32,32.0,160,5,5,0,0,0,1,0,1,1,12,0,0,0,10,71,1,0,4,0,0,0,1,3,1,2,2,4,0,1,24,13,3.3333333333333335,1,3,0.04225352112676056,3,0.16901408450704225,0,5.081404364984463,12.649110640673518,96.0,0.5070422535211268,480,384.0,786
l_mac,32,16,25.6,128,5,3,2,0,0,0,0,1,0,2,2,0,0,4,45,1,0,2,0,0,0,3,1,2,2,2,2,0,1,27,7,2.3333333333333335,0,1,0.022222222222222223,1,0.08888888888888889,0,4.859812404361672,11.313708498984761,25.6,0.08888888888888889,128,51.2,519
l_msu,32,16,25.6,128,5,3,2,0,0,0,0,1,0,2,2,0,0,4,45,1,0,3,0,0,0,3,1,2,2,2,3,0,1,27,7,2.3333333333333335,0,1,0.022222222222222223,1,0.08888888888888889,0,4.859812404361672,11.313708498984761,25.6,0.08888888888888889,128,51.2,519
l_mult,32,16,25.6,128,5,3,2,0,0,0,0,3,0,20,2,0,0,18,87,1,2,7,0,0,0,2,2,1,2,2,7,0,1,25,12,4.4,2,3,0.034482758620689655,2,0.25287356321839083,0,4.859812404361672,11.313708498984761,51.2,0.5057471264367817,256,512.0,1112
l_negate,32,32,32.0,128,4,4,0,0,0,1,0,1,1,0,0,0,0,1,35,1,0,1,0,0,0,0,1,1,1,2,1,0,1,20,4,1.5,0,3,0.08571428571428572,1,0.0,0,4.859812404361672,11.313708498984761,32.0,0.0,128,0.0,341
l_shl,32,2,22.25,178,8,4,3,0,0,1,2,2,1,4,0,0,1,22,198,5,1,36,2,0,0,1,26,3,3,2,38,0,1,52,21,5.115384615384615,6,6,0.030303030303030304,26,0.020202020202020204,2,5.187385805840755,13.341664064126334,578.5,0.5252525252525253,4628,89.0,2669
l_shr,32,16,25.6,128,5,3,2,0,0,1,1,1,1,12,4,0,2,19,80,1,2,17,0,0,0,2,2,2,2,2,17,0,1,31,12,3.0,1,4,0.05,2,0.2,0,4.859812404361672,11.313708498984761,51.2,0.4,256,307.20000000000005,991
l_sub,32,32,32.0,160,5,5,0,0,0,2,0,1,1,12,0,0,0,10,70,1,1,8,0,0,0,1,3,1,2,2,8,0,1,27,13,3.1481481481481484,1,4,0.05714285714285714,3,0.17142857142857143,0,5.081404364984463,12.649110640673518,96.0,0.5142857142857142,480,384.0,828
m00_axi,8,2,3.5,56,16,0,0,2,0,12,29,2,7,71,50,0,1,148,898,22,36,58,2,1,0,52,34,17,31,2,60,0,1,134,74,8.119402985074627,25,50,0.0556792873051225,34,0.13474387527839643,2,4.04305126783455,7.483314773547883,119.0,4.581291759465478,1904,248.5,41825
ma,257,8,194.4375,3111,16,0,0,4,0,5,2,5,0,5,2,0,3,24,98,4,7,8,0,0,6,6,6,10,4,4,14,0,1,35,16,5.514285714285714,1,12,0.12244897959183673,6,0.07142857142857142,6,8.043020885298283,55.776339069537364,1166.625,0.42857142857142855,18666,972.1875,1383
mac,256,17,50.25806451612903,1558,31,0,0,0,0,4,18,16,1,0,0,0,0,6,77,1,0,0,0,2,0,5,10,3,1,2,0,0,1,44,11,2.659090909090909,2,39,0.5064935064935064,10,0.0,0,7.351799869057777,39.4715087119811,502.5806451612903,0.0,15580,0.0,1444
machine,4,2,3.25,13,4,0,0,0,0,0,0,2,1,0,2,0,0,12,389,3,0,9,4,0,0,0,5,2,3,2,13,0,1,83,26,5.963855421686747,16,3,0.007712082262210797,5,0.005141388174807198,4,2.6390573296152584,3.605551275463989,16.25,0.025706940874035987,65,0.0,4941
mac_1,256,17,52.6875,1686,32,0,0,0,0,4,18,16,1,0,0,0,0,6,69,1,0,0,0,2,0,5,4,3,1,2,0,0,1,44,11,2.6818181818181817,2,39,0.5652173913043478,4,0.0,0,7.430707082545968,41.060930335295616,210.75,0.0,6744,0.0,1081
mac_acc,128,8,52.333333333333336,314,6,0,0,2,0,0,0,0,1,0,0,0,0,0,40,0,0,0,0,0,0,2,0,5,1,2,0,0,1,21,5,1.7619047619047619,0,1,0.025,0,0.0,0,5.752572638825633,17.72004514666935,0.0,0.0,0,0.0,414
mac_controller,3,3,3.0,3,1,0,0,0,0,0,0,0,1,1,0,0,0,6,48,2,0,4,4,0,0,0,6,3,6,2,8,0,1,38,11,3.5,1,1,0.020833333333333332,6,0.020833333333333332,4,1.3862943611198906,1.7320508075688772,18.0,0.125,18,3.0,1146
mac_rx,64,4,13.352941176470589,681,51,5,3,38,0,4,0,1,1,7,11,0,0,153,426,20,2,56,12,0,0,2,26,8,9,2,68,0,1,103,56,8.048543689320388,25,6,0.014084507042253521,26,0.04225352112676056,12,6.525029657843462,26.095976701399778,347.1764705882353,1.0985915492957745,17706,93.47058823529412,11563
mac_tx,32,4,12.363636363636363,136,11,2,1,5,0,2,0,1,1,6,8,0,0,77,241,13,0,28,4,0,0,0,16,6,7,2,32,0,1,66,35,6.984848484848484,16,4,0.016597510373443983,16,0.058091286307053944,4,4.919980925828125,11.661903789690601,197.8181818181818,0.9294605809128631,2176,74.18181818181819,5899
mac_tx_mode,16,3,7.666666666666667,46,6,0,1,3,0,1,0,1,1,0,2,0,0,33,125,4,0,12,2,0,0,0,6,8,3,2,14,0,1,45,12,4.266666666666667,5,3,0.024,6,0.016,2,3.8501476017100584,6.782329983125268,46.0,0.096,276,0.0,2564
mac_tx_top,48,8,18.56,464,25,4,6,12,0,0,0,0,1,0,1,0,0,0,230,0,1,9,0,0,0,22,0,24,7,2,9,0,1,83,24,3.783132530120482,4,1,0.004347826086956522,0,0.004347826086956522,0,6.142037405587356,21.540659228538015,0.0,0.0,0,0.0,9147
mac_unit,10,4,6.473684210526316,123,19,0,0,0,0,3,1,2,0,6,2,0,3,16,128,3,0,4,0,1,0,5,9,8,6,10,4,0,1,74,25,4.554054054054054,6,6,0.046875,9,0.0625,0,4.820281565605037,11.090536506409418,58.26315789473684,0.5625,1107,38.8421052631579,2122
main,32,1,20.258426966292134,1803,89,42,3,7,2,3,26,6,1,145,26,0,0,79,1308,15,179,78,8,0,4,129,15,12,12,2,90,0,1,420,179,4.59047619047619,23,36,0.027522935779816515,15,0.13073394495412843,12,7.4977617006225685,42.46174749112429,303.87640449438203,1.9610091743119265,27045,2937.4719101123596,24204
mainalu,32,3,14.0,126,9,3,0,0,0,1,1,2,0,1,1,1,3,20,74,2,10,11,2,0,2,6,2,5,2,2,15,0,1,55,13,3.2181818181818183,5,4,0.05405405405405406,4,0.04054054054054054,4,4.844187086458591,11.224972160321824,28.0,0.16216216216216217,504,28.0,1858
maincontrol,32,2,7.111111111111111,64,9,1,0,0,0,0,0,1,0,0,0,0,0,0,191,1,0,0,14,0,0,3,10,1,10,2,14,0,1,47,35,5.425531914893617,12,1,0.005235602094240838,10,0.0,14,4.174387269895637,8.0,71.11111111111111,0.0,640,0.0,4655
maindec,11,2,4.8,24,5,0,0,0,0,0,0,1,1,0,0,0,0,0,31,1,1,0,2,0,0,0,1,1,6,2,2,0,1,35,9,1.6285714285714286,0,2,0.06451612903225806,1,0.0,2,3.2188758248682006,4.898979485566356,4.8,0.0,24,0.0,697
maindecoder,7,2,3.6666666666666665,11,3,0,0,0,0,0,0,1,0,0,0,0,0,35,70,1,0,0,2,0,0,0,14,1,7,2,2,0,1,32,14,3.9375,1,1,0.014285714285714285,14,0.0,2,2.4849066497880004,3.3166247903554,51.33333333333333,0.0,154,0.0,1900
main_controller,3,3,3.0,6,2,0,0,0,0,0,0,0,1,4,0,0,0,71,164,1,0,10,2,0,0,0,5,7,4,2,12,0,1,40,42,6.1,8,1,0.006097560975609756,5,0.024390243902439025,2,1.9459101490553132,2.449489742783178,15.0,0.12195121951219512,30,12.0,4852
main_ctrl,7,2,3.1666666666666665,19,6,0,0,0,0,0,0,1,0,0,0,0,0,0,175,2,0,0,4,0,0,0,44,2,11,2,4,0,1,51,52,6.215686274509804,17,1,0.005714285714285714,44,0.0,4,2.995732273553991,4.358898943540674,139.33333333333331,0.0,836,0.0,5450
main_decoder,11,2,5.5,22,4,0,0,0,0,0,0,1,1,0,0,0,0,0,36,1,1,0,2,0,0,4,1,1,3,2,2,0,1,44,14,1.6590909090909092,1,2,0.05555555555555555,1,0.0,2,3.1354942159291497,4.69041575982343,5.5,0.0,22,0.0,1177
main_memory,512,9,257.8,1289,5,0,0,0,0,0,0,0,0,0,0,0,0,4,32,1,0,2,0,0,0,0,2,5,1,2,2,0,1,22,5,2.3181818181818183,0,0,0.0,2,0.0,0,7.162397497355718,35.90264614203248,515.6,0.0,2578,0.0,480
makeclock,1,1,1.0,1,0,0,0,0,1,0,0,6,0,2,0,0,0,9,149,4,3,13,0,0,0,0,4,6,4,2,13,0,1,45,10,3.888888888888889,0,6,0.040268456375838924,4,0.013422818791946308,0,0.6931471805599453,1.0,4.0,0.053691275167785234,4,2.0,2182
makergb,3,3,3.0,3,1,0,0,0,0,0,0,0,0,3,0,0,0,27,85,2,0,8,0,0,0,0,2,2,4,2,8,0,1,30,12,5.033333333333333,2,0,0.0,2,0.03529411764705882,0,1.3862943611198906,1.7320508075688772,6.0,0.07058823529411765,6,9.0,1314
mapint,10,3,9.277777777777779,334,36,0,0,0,0,86,41,0,0,0,0,0,0,55,113,7,0,0,0,5,15,0,5,2,1,2,15,0,1,57,182,8.385964912280702,5,127,1.1238938053097345,5,0.0,15,5.814130531825066,18.275666882497067,46.38888888888889,0.0,1670,0.0,2747
maquinaestadosimple,4,3,3.5,7,2,0,0,0,0,0,0,0,0,0,0,0,0,2,68,2,0,1,2,0,0,0,2,1,1,2,3,0,1,35,11,2.6285714285714286,2,0,0.0,2,0.0,2,2.0794415416798357,2.6457513110645907,7.0,0.0,14,0.0,1165
markers,16,3,6.5,104,16,0,3,0,0,0,3,113,0,2,0,0,0,24,315,10,33,0,64,6,0,29,10,7,4,2,64,0,1,48,58,11.645833333333334,15,116,0.3682539682539683,10,0.006349206349206349,64,4.653960350157523,10.198039027185569,65.0,0.06349206349206349,1040,13.0,7497
mask_16,16,4,12.0,36,3,0,2,0,0,0,0,0,0,8,0,0,0,0,126,4,0,4,8,0,0,0,1,1,1,2,12,0,1,70,71,3.857142857142857,1,0,0.0,1,0.06349206349206349,8,3.6109179126442243,6.0,12.0,0.06349206349206349,36,96.0,3216
mask_32,32,5,23.0,69,3,2,0,0,0,0,0,0,0,8,0,0,0,0,190,4,0,4,8,0,0,0,1,1,1,2,12,0,1,118,135,3.9152542372881354,1,0,0.0,1,0.042105263157894736,8,4.248495242049359,8.306623862918075,23.0,0.042105263157894736,69,184.0,7824
master,1,1,1.0,1,0,0,0,0,1,0,0,0,0,0,0,0,0,0,2,0,0,0,0,0,0,0,0,0,0,0,0,0,1,0,0,0.0,0,0,0.0,0,0.0,0,0.6931471805599453,1.0,0.0,0.0,0,0.0,1
master_slave_select,1,1,1.0,1,0,0,0,0,1,0,0,1,0,1,0,0,0,0,32,1,0,9,0,0,0,9,4,9,4,2,9,0,1,27,9,2.6666666666666665,0,1,0.03125,4,0.03125,0,0.6931471805599453,1.0,4.0,0.125,4,1.0,827
master_state_machine,4,2,2.5,10,4,0,0,0,0,0,0,0,1,0,6,0,0,9,78,2,1,3,2,0,0,0,2,7,1,2,5,0,1,32,8,2.75,0,1,0.01282051282051282,2,0.07692307692307693,2,2.3978952727983707,3.1622776601683795,5.0,0.15384615384615385,20,0.0,1277
master_timer,32,1,5.72,143,25,1,0,0,2,0,0,2,0,6,6,0,0,15,211,4,0,24,4,0,7,11,12,9,6,2,35,0,1,78,27,5.217948717948718,9,2,0.009478672985781991,12,0.05687203791469194,11,4.969813299576001,11.958260743101398,68.64,0.6824644549763033,1716,34.32,4800
mathsm,24,2,8.666666666666666,130,15,0,0,0,0,1,0,2,1,1,6,0,0,22,419,5,2,23,4,0,1,2,17,3,7,2,28,0,1,112,31,5.839285714285714,14,4,0.00954653937947494,17,0.016706443914081145,5,4.875197323201151,11.40175425099138,147.33333333333331,0.2840095465393795,2210,8.666666666666666,6830
maxn,8,8,8.0,152,19,0,0,19,0,0,0,0,0,0,0,0,0,9,52,0,18,0,0,0,9,17,0,12,1,2,9,0,1,37,18,3.891891891891892,3,0,0.0,0,0.0,9,5.030437921392435,12.328828005937952,0.0,0.0,0,0.0,1395
max_select,9,8,8.666666666666666,78,9,0,0,3,0,0,1,4,0,0,0,0,0,1,27,4,3,4,0,0,0,3,4,2,1,2,4,0,1,21,4,2.5714285714285716,0,5,0.18518518518518517,4,0.0,0,4.3694478524670215,8.831760866327848,34.666666666666664,0.0,312,0.0,554
ma_4_mod,259,2,215.16666666666666,3873,18,0,0,1,0,10,1,3,0,0,2,1,8,36,92,4,5,5,2,0,0,4,10,5,1,2,7,0,1,43,10,4.046511627906977,0,14,0.15217391304347827,12,0.03260869565217391,2,8.262042843966942,62.23343153000644,2151.6666666666665,0.3913043478260869,46476,215.16666666666666,1653
mbist_wrapper,32,2,12.657894736842104,481,38,10,0,0,0,0,0,0,0,0,0,0,0,0,153037,0,45,2038,0,0,0,3941,988,422,351,2,2038,0,1,37772,65062,10.385656041512231,223,0,0.0,988,0.0,0,6.1779441140506,21.93171219946131,12506.0,0.0,475228,0.0,4209908
mcb_soft_calibration,16,2,7.288461538461538,379,52,0,2,28,0,14,7,3,2,49,12,0,2,503,1545,21,24,116,8,1,3,46,82,19,31,2,127,0,1,414,169,6.449275362318841,36,26,0.016828478964401296,82,0.039482200647249194,11,5.940171252720432,19.467922333931785,597.6538461538462,3.237540453074434,31078,357.13461538461536,46295
mclkgen,3,2,2.3333333333333335,7,3,0,0,0,0,2,0,0,0,0,0,0,0,5,34,2,2,3,0,0,0,0,3,1,1,2,3,0,1,23,7,2.608695652173913,0,2,0.058823529411764705,3,0.0,0,2.0794415416798357,2.6457513110645907,7.0,0.0,21,0.0,472
mcpu8_1,20,4,8.238095238095237,519,63,0,2,0,0,3,1,0,0,0,2,0,0,64,281,10,59,12,0,0,8,11,10,42,44,26,20,0,1,164,59,5.310975609756097,15,4,0.014234875444839857,10,0.0071174377224199285,8,6.253828811575473,22.781571499789035,82.38095238095238,0.07117437722419928,5190,0.0,7329
mcu,1,1,1.0,1,0,0,0,0,1,0,0,1,0,0,0,0,0,20,48,1,0,12,0,0,0,7,5,7,5,2,12,0,1,31,7,3.3870967741935485,0,1,0.020833333333333332,5,0.0,0,0.6931471805599453,1.0,5.0,0.0,5,0.0,1735
mdf,7,3,5.0,10,2,0,0,0,0,0,0,0,1,0,0,0,0,0,45,0,0,0,0,0,0,5,0,2,3,2,0,0,1,22,6,2.1818181818181817,0,1,0.022222222222222223,0,0.0,0,2.3978952727983707,3.1622776601683795,0.0,0.0,0,0.0,419
mdu_top,3,3,3.0,3,1,0,0,0,0,0,17,4,0,19,6,0,4,35,117,3,4,8,0,0,7,20,13,6,2,2,15,0,1,54,20,5.055555555555555,5,21,0.1794871794871795,13,0.21367521367521367,7,1.3862943611198906,1.7320508075688772,39.0,2.7777777777777777,39,57.0,2999
md_fetch,512,6,28.433962264150942,3014,106,0,0,0,0,0,0,0,0,0,0,0,0,114,80,1,0,1,2,0,0,0,3,5,3,2,3,0,1,62,110,6.225806451612903,6,0,0.0,3,0.0,2,8.011355109161286,54.89990892524322,85.30188679245282,0.0,9042,0.0,3856
md_top,512,4,54.86363636363637,1207,22,0,0,0,0,4,5,0,0,0,0,0,0,0,257,0,0,0,0,0,0,59,0,4,6,2,0,0,1,84,59,5.535714285714286,4,9,0.03501945525291829,0,0.0,0,7.0967213784947605,34.741905532080416,0.0,0.0,0,0.0,5444
mealy,2,2,2.0,2,1,0,0,0,0,1,0,0,0,0,0,0,0,8,74,3,0,5,4,2,0,1,3,1,1,4,9,0,1,40,10,3.55,0,1,0.013513513513513514,3,0.0,4,1.0986122886681098,1.4142135623730951,6.0,0.0,6,0.0,1051
mealy_fsm,3,3,3.0,6,2,0,0,0,0,0,0,0,0,0,0,0,0,0,31,1,0,9,2,0,0,0,2,1,2,2,11,0,1,37,21,4.27027027027027,5,0,0.0,2,0.0,2,1.9459101490553132,2.449489742783178,6.0,0.0,12,0.0,939
meandr,9,4,7.25,58,8,0,0,4,0,3,1,0,1,10,2,0,0,34,109,4,5,15,0,0,4,0,10,4,5,2,19,0,1,39,15,4.6923076923076925,4,5,0.045871559633027525,10,0.11009174311926606,4,4.07753744390572,7.615773105863909,72.5,1.1009174311926606,580,72.5,1706
mem,64,4,14.285714285714286,500,35,2,0,25,0,0,0,0,0,0,0,0,0,0,74,0,16,0,0,0,0,13,0,22,8,2,0,0,1,54,22,3.240740740740741,3,0,0.0,0,0.0,0,6.2166061010848646,22.360679774997898,0.0,0.0,0,0.0,2270
mem2wb,32,32,32.0,64,2,2,0,0,0,0,2,0,0,0,0,0,0,6,28,1,0,1,0,0,0,0,3,4,3,2,1,0,1,26,4,2.6153846153846154,0,2,0.07142857142857142,3,0.0,0,4.174387269895637,8.0,96.0,0.0,192,0.0,730
memcontroller,24,2,10.35,207,20,0,0,13,0,7,1,0,0,2,0,0,0,110,223,1,0,28,2,0,0,17,12,12,8,2,30,0,1,75,42,6.493333333333333,14,8,0.03587443946188341,12,0.008968609865470852,2,5.337538079701318,14.38749456993816,124.19999999999999,0.10762331838565023,2484,20.7,8966
memctrl,18,3,7.6923076923076925,100,13,0,0,6,0,5,2,0,0,4,0,0,0,69,137,1,10,13,2,0,8,18,8,11,9,2,23,0,1,60,23,5.366666666666666,7,7,0.051094890510948905,8,0.029197080291970802,10,4.61512051684126,10.0,61.53846153846154,0.23357664233576642,800,30.76923076923077,5277
memdados,32,9,27.4,137,5,4,0,0,0,0,0,0,0,0,0,0,0,0,18,1,0,1,0,0,0,0,2,3,1,2,1,0,1,18,4,2.0555555555555554,0,0,0.0,2,0.0,0,4.927253685157205,11.704699910719626,54.8,0.0,274,0.0,377
meminstrucao,32,9,22.25,89,4,2,1,0,0,0,0,0,0,0,0,0,0,0,24,1,1,0,0,0,0,0,1,2,1,2,0,0,1,26,13,1.7307692307692308,1,0,0.0,1,0.0,0,4.499809670330265,9.433981132056603,22.25,0.0,89,0.0,812
memoria,64,32,53.333333333333336,160,3,1,0,0,0,0,4,0,0,0,0,0,0,0,26,0,1,0,0,0,1,1,0,4,1,2,1,0,1,27,4,1.7777777777777777,0,4,0.15384615384615385,0,0.0,1,5.081404364984463,12.649110640673518,0.0,0.0,0,0.0,649
memoriadados,1,1,1.0,1,0,0,0,0,1,0,5,0,0,0,0,0,0,0,40,1,1,1,0,0,0,0,1,4,1,2,1,0,1,23,5,2.260869565217391,0,5,0.125,1,0.0,0,0.6931471805599453,1.0,1.0,0.0,1,0.0,510
memoria_corrientes,10,4,7.0,21,3,0,0,0,0,0,0,1,1,0,0,0,0,0,30,1,0,1,2,0,0,0,2,2,2,2,3,0,1,48,14,2.3958333333333335,4,2,0.06666666666666667,2,0.0,2,3.091042453358316,4.58257569495584,14.0,0.0,42,0.0,748
memoria_div,8,7,7.333333333333333,22,3,0,0,1,0,0,0,0,1,0,0,0,0,10,45,1,1,1,2,0,0,0,1,3,1,2,3,0,1,37,12,1.4864864864864864,1,1,0.022222222222222223,1,0.0,2,3.1354942159291497,4.69041575982343,7.333333333333333,0.0,22,0.0,666
memoria_frecuencias,8,3,6.333333333333333,19,3,0,0,2,0,0,0,0,1,0,0,0,0,10,48,1,1,1,2,0,0,0,1,3,1,2,3,0,1,30,12,1.5666666666666667,1,1,0.020833333333333332,1,0.0,2,2.995732273553991,4.358898943540674,6.333333333333333,0.0,19,0.0,536
memory,8193,13,1192.4285714285713,8347,7,4,0,0,0,0,0,0,0,0,0,0,0,2,31,1,2,2,0,0,0,7,1,5,2,2,2,0,1,27,7,2.259259259259259,0,0,0.0,1,0.0,0,9.029777268197092,91.36191766814004,1192.4285714285713,0.0,8347,0.0,508
memorycontroller,32,4,17.956521739130434,413,23,6,10,0,0,6,1,0,0,0,0,0,0,89,208,1,6,13,2,0,0,18,17,12,17,2,15,0,1,60,18,5.75,8,7,0.03365384615384615,17,0.0,2,6.025865973825314,20.322401432901575,305.2608695652174,0.0,7021,0.0,4628
memoryram,32,9,28.166666666666668,169,6,5,0,0,0,0,0,0,1,0,0,0,0,0,180,0,0,6,0,0,0,5,1,5,2,2,6,0,1,64,17,1.828125,2,1,0.005555555555555556,1,0.0,0,5.135798437050262,13.0,28.166666666666668,0.0,169,0.0,1690
memorysel,20,13,17.128205128205128,668,39,0,0,0,0,0,0,0,0,0,0,0,0,12,323,2,0,0,4,0,0,0,8,58,8,2,4,0,1,86,58,6.023255813953488,11,0,0.0,8,0.0,4,6.505784060128229,25.84569596664017,137.02564102564102,0.0,5344,0.0,7108
memory_access,32,32,32.0,128,4,4,0,0,0,0,0,1,0,0,0,0,0,2,32,1,0,2,0,0,0,2,1,2,1,2,2,0,1,23,6,2.260869565217391,0,1,0.03125,1,0.0,0,4.859812404361672,11.313708498984761,32.0,0.0,128,0.0,628
memory_control,32,2,13.0,481,37,8,1,20,0,6,6,0,0,6,8,0,0,134,232,1,2,41,4,0,0,17,16,15,10,2,45,0,1,68,39,7.470588235294118,15,12,0.05172413793103448,16,0.0603448275862069,4,6.1779441140506,21.93171219946131,208.0,0.9655172413793104,7696,78.0,7738
memory_controller,1,1,1.0,1,0,0,0,0,1,0,0,0,0,0,0,0,0,0,2,0,0,0,0,0,0,0,0,0,0,0,0,0,1,0,0,0.0,0,0,0.0,0,0.0,0,0.6931471805599453,1.0,0.0,0.0,0,0.0,1
memory_inverse,8,8,8.0,24,3,0,0,3,0,0,0,0,0,0,0,0,0,511,278,1,0,256,0,0,0,0,1,2,1,2,256,0,1,274,259,7.554744525547445,6,0,0.0,1,0.0,0,3.2188758248682006,4.898979485566356,8.0,0.0,24,0.0,14999
memory_io,32,5,20.666666666666668,186,9,5,0,2,0,2,0,2,1,4,0,0,0,12,84,4,0,5,2,0,0,3,5,6,2,2,7,0,1,59,7,2.4745762711864407,0,5,0.05952380952380952,5,0.047619047619047616,2,5.231108616854587,13.638181696985855,103.33333333333334,0.23809523809523808,930,82.66666666666667,2285
memory_rao,1,1,1.0,1,0,0,0,0,1,0,8,4,0,0,0,0,0,11646,11709,5,1,3,2,0,0,8,10,5,1,2,5,0,1,14668,11644,2.390100899918189,187,12,0.0010248526774276198,10,0.0,2,0.6931471805599453,1.0,10.0,0.0,10,0.0,420528
memory_register,32,2,17.0,68,4,2,0,0,0,0,0,0,1,0,0,0,0,5,43,1,0,0,0,0,0,0,4,4,3,2,0,0,1,22,4,1.8181818181818181,0,1,0.023255813953488372,4,0.0,0,4.23410650459726,8.246211251235321,68.0,0.0,272,0.0,495
memory_unit,1,1,1.0,1,0,0,0,0,1,0,5,0,0,0,0,0,0,0,16,1,1,1,0,0,0,0,1,3,1,2,1,0,1,19,5,2.1052631578947367,0,5,0.3125,1,0.0,0,0.6931471805599453,1.0,1.0,0.0,1,0.0,413
memram,32,9,28.166666666666668,169,6,5,0,0,0,0,0,0,1,0,0,0,0,0,180,0,0,6,0,0,0,5,1,5,2,2,6,0,1,64,17,1.828125,2,1,0.005555555555555556,1,0.0,0,5.135798437050262,13.0,28.166666666666668,0.0,169,0.0,1687
memsegreg,32,3,18.125,290,16,8,0,0,0,0,0,0,1,0,0,0,0,19,93,1,0,2,0,0,11,15,11,15,11,2,13,0,1,44,18,4.0,6,1,0.010752688172043012,11,0.0,11,5.673323267171493,17.029386365926403,199.375,0.0,3190,0.0,2165
memwb,4,4,4.0,8,2,0,0,0,0,0,0,0,1,0,0,0,0,0,142,0,0,0,0,0,0,0,10,20,15,2,0,0,1,67,20,3.4925373134328357,8,1,0.007042253521126761,10,0.0,0,2.1972245773362196,2.8284271247461903,40.0,0.0,80,0.0,3762
memwbreg,32,5,24.166666666666668,290,12,8,0,0,0,0,0,0,1,0,0,0,0,12,59,1,0,1,0,0,0,0,6,8,6,2,1,0,1,28,8,3.142857142857143,0,1,0.01694915254237288,6,0.0,0,5.673323267171493,17.029386365926403,145.0,0.0,1740,0.0,899
memwbregs,32,2,22.5,405,18,12,0,0,0,0,0,0,0,0,0,0,0,16,83,1,7,12,0,0,0,0,35,10,7,2,12,0,1,41,10,3.048780487804878,0,0,0.0,35,0.0,0,6.0063531596017325,20.12461179749811,787.5,0.0,14175,0.0,1829
memwb_reg,32,5,23.0,138,6,4,0,0,0,0,0,0,0,0,0,0,0,0,23,1,0,0,0,0,0,0,10,6,5,2,0,0,1,21,6,2.142857142857143,0,0,0.0,10,0.0,0,4.9344739331306915,11.74734012447073,230.0,0.0,1380,0.0,576
mem_1w1r,1,1,1.0,1,0,0,0,0,1,0,7,2,1,0,0,0,0,2,32,1,1,2,0,0,0,0,2,6,1,2,2,0,1,27,6,2.3333333333333335,0,10,0.3125,2,0.0,0,0.6931471805599453,1.0,2.0,0.0,2,0.0,643
mem_ctrl,32,2,13.581818181818182,1494,110,35,4,20,0,0,18,1,0,24,8,0,0,42,300,6,43,19,2,0,3,49,10,10,3,2,24,0,1,108,49,5.027777777777778,6,19,0.06333333333333334,10,0.10666666666666667,5,7.3098814858247865,38.65229618017538,135.8181818181818,1.0666666666666667,14940,325.9636363636364,7952
mem_file,65536,8,9409.142857142857,65864,7,0,0,1,0,14,1,0,0,0,0,0,0,2,110,1,3,1,0,0,1,2,1,4,1,2,2,0,1,52,79,3.8653846153846154,3,15,0.13636363636363635,1,0.0,1,11.095362471663927,256.6398254363496,9409.142857142857,0.0,65864,0.0,1987
mem_reg,1,1,1.0,1,0,0,0,0,1,0,0,0,0,0,0,0,0,36,90,1,0,4,0,0,0,13,9,13,8,2,4,0,1,53,13,3.547169811320755,2,0,0.0,9,0.0,0,0.6931471805599453,1.0,9.0,0.0,9,0.0,3039
mem_stage,107,2,36.25,435,12,9,0,0,0,0,0,0,0,15,2,0,0,4,109,1,17,3,0,0,0,14,5,6,10,2,3,0,1,49,17,3.2857142857142856,2,0,0.0,5,0.1559633027522936,0,6.077642243349034,20.85665361461421,181.25,0.7798165137614679,2175,543.75,2207
mem_wb,32,2,17.75,142,8,4,0,0,0,0,0,0,0,0,0,0,0,0,59,0,0,0,0,0,0,0,15,6,5,2,0,0,1,38,15,3.4210526315789473,3,0,0.0,15,0.0,0,4.962844630259907,11.916375287812984,266.25,0.0,2130,0.0,1640
mem_wb_reg,32,5,18.5,74,4,2,0,0,0,0,0,0,1,0,0,0,0,10,48,1,0,1,0,0,0,4,14,4,3,2,1,0,1,29,4,2.1724137931034484,0,1,0.020833333333333332,14,0.0,0,4.31748811353631,8.602325267042627,259.0,0.0,1036,0.0,859
mem_wb_register,32,2,13.0,78,6,2,0,0,0,0,0,0,1,0,0,0,0,1,32,1,0,1,0,0,0,0,3,4,3,2,1,0,1,22,4,1.8636363636363635,0,1,0.03125,3,0.0,0,4.3694478524670215,8.831760866327848,39.0,0.0,234,0.0,474
menuctrlr,12,2,5.2,26,5,0,0,0,0,0,0,1,1,56,0,0,0,57,156,3,9,12,4,0,0,1,3,3,2,2,16,0,1,76,16,3.5526315789473686,6,2,0.01282051282051282,3,0.358974358974359,4,3.295836866004329,5.0990195135927845,15.600000000000001,1.0769230769230769,78,291.2,2941
menus,14,2,6.008532423208191,3521,586,0,0,2,0,2,0,0,1,448,138,0,0,592,411,2,0,148,2,0,0,0,1,5,1,2,150,0,1,66,260,23.045454545454547,26,3,0.0072992700729927005,1,1.4257907542579076,2,8.166784289056151,59.33801479658719,6.008532423208191,1.4257907542579076,3521,2691.8225255972693,17155
menu_bg,12,4,6.0,48,8,0,0,0,0,6,0,4,1,28,0,0,0,14,50,1,0,0,0,0,5,3,3,6,3,2,5,0,1,27,6,2.6666666666666665,0,11,0.22,3,0.56,5,3.8918202981106265,6.928203230275509,18.0,1.6800000000000002,144,168.0,1043
merge,1,1,1.0,1,0,0,0,0,1,4,6,5,1,0,0,0,0,11,91,5,0,8,0,3,0,0,9,4,2,2,8,0,1,43,8,3.511627906976744,0,16,0.17582417582417584,9,0.0,0,0.6931471805599453,1.0,9.0,0.0,9,0.0,1687
merged_pe_2,9,8,8.454545454545455,93,11,0,0,6,0,0,0,0,1,0,0,1,0,0,56,0,5,8,0,0,1,8,0,1,1,2,9,0,1,47,8,2.25531914893617,0,1,0.017857142857142856,2,0.017857142857142856,1,4.543294782270004,9.643650760992955,0.0,0.03571428571428571,186,8.454545454545455,1347
mesa_rx_uart,16,3,10.272727272727273,226,22,0,7,8,0,3,0,0,0,5,0,0,0,49,151,3,5,14,0,0,0,9,16,4,2,2,14,0,1,49,20,4.408163265306122,4,3,0.019867549668874173,16,0.033112582781456956,0,5.424950017481403,15.033296378372908,164.36363636363637,0.5298013245033113,3616,51.36363636363637,2840
mfm_dpll,4,4,4.0,8,2,0,0,0,0,2,2,0,0,0,0,0,0,4,81,1,0,7,0,0,0,0,5,3,1,2,7,0,1,24,10,3.7083333333333335,0,4,0.04938271604938271,5,0.0,0,2.1972245773362196,2.8284271247461903,20.0,0.0,40,0.0,1388
mgmt_protect,462,3,77.8780487804878,3193,41,8,0,0,0,0,0,0,0,0,0,0,0,0,423,0,0,52,0,0,0,16,0,15,17,2,52,0,1,111,47,5.162162162162162,17,0,0.0,0,0.0,0,8.069029328774958,56.50663677834667,0.0,0.0,0,0.0,8898
micro_controller,8,4,7.333333333333333,88,12,0,0,10,0,0,0,0,1,0,0,0,0,0,50,0,0,0,0,0,0,2,0,6,6,2,0,0,1,25,6,2.8,0,1,0.02,0,0.0,0,4.48863636973214,9.38083151964686,0.0,0.0,0,0.0,862
midi_decoder,11,2,7.0,42,6,0,0,2,0,4,0,0,0,6,0,0,0,16,142,2,0,10,4,0,0,0,8,3,28,2,14,0,1,41,20,5.2439024390243905,7,4,0.028169014084507043,8,0.04225352112676056,4,3.7612001156935624,6.48074069840786,56.0,0.3380281690140845,336,42.0,2309
mig_7series_v1_9_afifo,1,1,1.0,1,0,0,0,0,1,5,11,0,1,10,6,0,0,22,232,8,6,12,0,0,0,5,13,6,4,2,12,0,1,61,17,4.311475409836065,6,17,0.07327586206896551,13,0.06896551724137931,0,0.6931471805599453,1.0,13.0,0.896551724137931,13,10.0,2700
mig_7series_v1_9_cmd_prbs_gen,59,3,24.692307692307693,321,13,3,2,0,0,10,10,0,1,6,2,7,1,35,269,6,2,13,0,3,0,1,2,5,1,2,13,0,1,51,57,6.1568627450980395,8,21,0.07806691449814127,16,0.055762081784386616,0,5.7745515455444085,17.916472867168917,49.38461538461539,0.8921933085501859,5136,321.0,3656
mig_7series_v1_9_data_prbs_gen,24,3,10.333333333333334,62,6,0,0,0,0,0,4,0,1,2,3,3,0,10,129,2,1,2,0,0,0,0,2,5,1,2,2,0,1,30,22,3.1333333333333333,1,5,0.03875968992248062,8,0.06201550387596899,0,4.143134726391533,7.874007874011811,20.666666666666668,0.49612403100775193,496,51.66666666666667,1414
mig_7series_v1_9_ddr_of_pre_fifo,9,4,6.0,24,4,0,0,0,0,3,13,12,1,31,12,0,0,56,205,6,7,17,0,0,5,4,8,5,3,2,22,0,1,54,25,5.962962962962963,10,29,0.14146341463414633,8,0.2097560975609756,5,3.2188758248682006,4.898979485566356,48.0,1.6780487804878048,192,186.0,4179
mig_7series_v1_9_ddr_phy_tempmon,12,3,6.0,36,6,0,0,0,0,13,9,5,6,12,2,0,0,90,368,6,3,33,2,0,30,0,30,5,3,2,65,0,1,93,54,6.559139784946237,14,33,0.08967391304347826,30,0.03804347826086957,32,3.6109179126442243,6.0,180.0,1.141304347826087,1080,72.0,9210
mig_7series_v1_9_ecc_dec_fix,1,1,1.0,1,0,0,0,0,1,27,17,40,1,9,1,3,0,14,183,4,6,2,0,10,0,8,3,6,3,2,2,0,1,67,16,4.791044776119403,4,85,0.4644808743169399,9,0.07103825136612021,0,0.6931471805599453,1.0,3.0,0.6393442622950819,9,12.0,3403
mig_7series_v1_9_ecc_merge_enc,1,1,1.0,1,0,0,0,0,1,18,22,41,7,1,0,1,0,10,152,6,3,2,0,4,1,2,6,7,2,2,3,0,1,53,16,4.377358490566038,4,88,0.5789473684210527,8,0.013157894736842105,1,0.6931471805599453,1.0,6.0,0.10526315789473684,8,2.0,2913
mig_7series_v1_9_tg_status,32,2,16.5,99,6,2,0,0,0,4,5,2,1,4,2,0,0,13,128,2,1,2,0,0,0,0,3,11,2,2,2,0,1,34,14,3.2058823529411766,3,12,0.09375,3,0.046875,0,4.605170185988092,9.9498743710662,49.5,0.140625,297,66.0,1767
mig_7series_v2_3_axi_ctrl_read,2,2,2.0,2,1,0,0,0,0,1,4,2,1,0,0,0,0,0,142,0,3,0,0,0,0,11,6,6,3,2,0,0,1,35,11,2.4571428571428573,1,8,0.056338028169014086,6,0.0,0,1.0986122886681098,1.4142135623730951,12.0,0.0,12,0.0,1615
mig_7series_v2_3_axi_ctrl_reg,1,1,1.0,1,0,0,0,0,1,1,5,0,1,0,0,0,0,5,139,1,4,4,0,0,0,8,2,6,1,2,4,0,1,38,8,2.6052631578947367,0,7,0.050359712230215826,2,0.0,0,0.6931471805599453,1.0,2.0,0.0,2,0.0,1293
mig_7series_v2_3_axi_ctrl_write,2,2,2.0,2,1,0,0,0,0,0,6,0,1,5,2,0,0,6,195,4,9,2,0,0,0,19,15,8,6,2,2,0,1,55,19,3.418181818181818,1,7,0.035897435897435895,15,0.035897435897435895,0,1.0986122886681098,1.4142135623730951,30.0,0.5384615384615384,30,10.0,2854
mig_7series_v2_3_axi_mc_aw_channel,8,2,4.066666666666666,61,15,0,0,3,0,0,8,0,1,1,0,0,0,8,245,2,11,1,0,0,7,37,6,16,12,2,8,0,1,87,37,3.5057471264367814,4,9,0.036734693877551024,6,0.004081632653061225,7,4.127134385045092,7.810249675906654,24.4,0.02448979591836735,366,4.066666666666666,5803
mig_7series_v2_3_axi_mc_cmd_arbiter,10,3,5.6,56,10,0,0,0,0,6,5,2,1,28,17,0,0,41,300,11,14,27,0,0,7,24,16,15,7,2,34,0,1,68,39,7.25,16,14,0.04666666666666667,16,0.15,7,4.04305126783455,7.483314773547883,89.6,2.4,896,156.79999999999998,6610
mig_7series_v2_3_axi_mc_cmd_fsm,1,1,1.0,1,0,0,0,0,1,0,0,0,1,3,1,0,0,2,122,1,3,1,0,0,0,10,1,6,4,2,1,0,1,32,10,2.15625,0,1,0.00819672131147541,1,0.03278688524590164,0,0.6931471805599453,1.0,1.0,0.03278688524590164,1,3.0,1272
mig_7series_v2_3_axi_mc_cmd_translator,8,2,4.333333333333333,13,3,0,0,1,0,1,7,0,2,3,0,1,2,5,216,0,10,0,0,0,9,28,0,9,4,2,9,0,1,54,28,4.314814814814815,1,10,0.046296296296296294,2,0.018518518518518517,9,2.6390573296152584,3.605551275463989,0.0,0.037037037037037035,26,17.333333333333332,4824
mig_7series_v2_3_axi_mc_fifo,1,1,1.0,1,0,0,0,0,1,3,12,1,1,2,0,0,0,9,159,3,8,5,0,1,0,14,3,5,5,2,5,0,1,47,14,3.4893617021276597,2,17,0.1069182389937107,3,0.012578616352201259,0,0.6931471805599453,1.0,3.0,0.03773584905660378,3,2.0,1841
mig_7series_v2_3_axi_mc_incr_cmd,8,3,7.285714285714286,51,7,0,0,6,0,1,6,4,1,5,2,1,1,22,233,5,18,13,0,0,13,22,5,7,4,2,26,0,1,66,22,4.196969696969697,3,12,0.05150214592274678,7,0.034334763948497854,13,3.9512437185814275,7.14142842854285,36.42857142857143,0.24034334763948498,357,43.714285714285715,4073
mig_7series_v2_3_axi_mc_simple_fifo,1,1,1.0,1,0,0,0,0,1,3,14,0,2,4,0,0,0,13,145,2,5,5,0,1,2,11,2,5,5,2,7,0,1,43,12,3.3255813953488373,2,19,0.1310344827586207,2,0.027586206896551724,2,0.6931471805599453,1.0,2.0,0.05517241379310345,2,4.0,1609
mig_7series_v2_3_axi_mc_wrap_cmd,8,3,4.230769230769231,55,13,0,0,1,0,5,6,0,1,6,3,0,1,16,252,4,19,13,0,0,7,24,4,7,4,2,20,0,1,60,24,4.483333333333333,3,12,0.047619047619047616,4,0.03571428571428571,7,4.02535169073515,7.416198487095663,16.923076923076923,0.14285714285714285,220,25.384615384615387,3998
mig_7series_v2_3_axi_mc_wr_cmd_fsm,1,1,1.0,1,0,0,0,0,1,0,0,0,1,4,1,0,0,2,130,1,4,1,0,0,0,12,1,7,5,2,1,0,1,34,12,2.323529411764706,1,1,0.007692307692307693,1,0.038461538461538464,0,0.6931471805599453,1.0,1.0,0.038461538461538464,1,4.0,1448
mig_7series_v2_3_axi_mc_w_channel,1,1,1.0,1,0,0,0,0,1,0,12,1,9,11,7,0,0,27,285,8,23,9,2,0,8,29,27,10,7,2,19,0,1,78,29,4.923076923076923,7,22,0.07719298245614035,27,0.06315789473684211,10,0.6931471805599453,1.0,27.0,1.7052631578947368,27,11.0,5844
mig_7series_v2_3_bank_compare,16,2,5.875,47,8,0,2,0,0,0,27,0,1,9,15,0,1,27,285,17,17,7,0,0,14,30,17,20,19,2,21,0,1,110,30,4.7727272727272725,10,28,0.09824561403508772,17,0.08421052631578947,14,3.871201010907891,6.855654600401044,99.875,1.431578947368421,799,52.875,6958
mig_7series_v2_3_bank_state,1,1,1.0,1,0,0,0,0,1,32,86,11,11,277,95,0,1,92,899,45,23,46,0,19,25,53,44,49,21,2,71,0,1,244,53,6.688524590163935,35,140,0.1557285873192436,44,0.41379310344827586,25,0.6931471805599453,1.0,44.0,18.20689655172414,44,277.0,23554
mig_7series_v2_3_ddr_comparator,1,1,1.0,1,0,0,0,0,1,5,8,7,2,0,0,0,0,4,156,0,7,1,0,1,1,8,0,3,1,2,2,0,1,40,12,3.2,2,22,0.14102564102564102,0,0.0,1,0.6931471805599453,1.0,0.0,0.0,0,0.0,2069
mig_7series_v2_3_ddr_comparator_sel,1,1,1.0,1,0,0,0,0,1,7,11,10,2,2,1,0,0,7,163,0,9,1,0,1,1,11,0,5,1,2,2,0,1,43,17,3.7209302325581395,5,30,0.18404907975460122,0,0.018404907975460124,1,0.6931471805599453,1.0,0.0,0.0,0,2.0,2517
mig_7series_v2_3_ddr_comparator_sel_static,1,1,1.0,1,0,0,0,0,1,7,10,10,2,2,1,0,0,7,164,0,9,1,0,1,1,10,0,4,1,2,2,0,1,43,17,3.697674418604651,3,29,0.17682926829268292,0,0.018292682926829267,1,0.6931471805599453,1.0,0.0,0.0,0,2.0,2599
mig_7series_v2_3_ddr_of_pre_fifo,9,4,6.0,24,4,0,0,0,0,3,13,6,1,31,12,0,0,56,205,6,7,17,0,0,5,4,8,5,3,2,22,0,1,54,25,5.833333333333333,10,23,0.11219512195121951,8,0.2097560975609756,5,3.2188758248682006,4.898979485566356,48.0,1.6780487804878048,192,186.0,4083
mig_7series_v2_3_ddr_phy_ck_addr_cmd_delay,6,4,5.333333333333333,16,3,0,0,0,0,1,9,0,3,34,28,0,0,69,234,9,1,19,0,0,5,0,15,3,6,2,24,0,1,52,35,6.75,11,13,0.05555555555555555,15,0.26495726495726496,5,2.833213344056216,4.0,80.0,3.9743589743589745,240,181.33333333333331,4648
mig_7series_v2_3_ddr_phy_dqs_found_cal,256,2,12.487179487179487,487,39,0,0,0,0,213,82,65,1,224,134,0,4,362,1193,49,42,148,10,13,9,1,53,8,21,2,167,0,1,211,239,12.753554502369669,56,361,0.30259849119865884,53,0.3000838222967309,19,6.1903154058531475,22.06807649071391,661.8205128205128,15.90444258172674,25811,2797.128205128205,41954
mig_7series_v2_3_ddr_phy_dqs_found_cal_hr,256,2,12.487179487179487,487,39,0,0,0,0,231,88,65,1,224,134,0,4,362,1194,49,42,148,10,13,9,1,53,8,21,2,167,0,1,211,239,12.810426540284361,56,385,0.3224455611390285,53,0.2998324958123953,19,6.1903154058531475,22.06807649071391,661.8205128205128,15.891122278056951,25811,2797.128205128205,42168
mig_7series_v2_3_ddr_phy_ocd_cntlr,9,3,5.5,22,4,0,0,0,0,2,6,1,1,6,5,0,0,18,286,16,13,11,2,0,1,1,12,9,10,2,14,0,1,84,17,5.190476190476191,12,10,0.03496503496503497,12,0.038461538461538464,3,3.1354942159291497,4.69041575982343,66.0,0.46153846153846156,264,33.0,5861
mig_7series_v2_3_ddr_phy_ocd_data,64,2,13.222222222222221,238,18,0,0,13,0,12,4,20,1,4,4,1,2,21,232,10,3,13,0,2,6,6,6,8,1,2,19,0,1,66,25,4.5606060606060606,1,37,0.15948275862068967,8,0.03879310344827586,6,5.476463551931511,15.427248620541512,79.33333333333333,0.3103448275862069,1904,66.11111111111111,3844
mig_7series_v2_3_ddr_phy_ocd_edge,6,2,4.0,24,6,0,0,0,0,0,4,3,1,4,2,0,0,19,232,14,9,16,2,0,0,1,5,7,3,2,18,0,1,69,16,4.898550724637682,9,8,0.034482758620689655,5,0.02586206896551724,2,3.2188758248682006,4.898979485566356,20.0,0.12931034482758622,120,16.0,3973
mig_7series_v2_3_ddr_phy_ocd_lim,256,4,29.88235294117647,508,17,0,0,0,0,11,22,13,7,30,8,0,0,118,599,12,14,57,2,0,1,2,52,18,12,2,60,0,1,150,89,7.693333333333333,22,53,0.08848080133555926,52,0.06343906510851419,3,6.2324480165505225,22.538855339169288,1553.8823529411766,3.2988313856427376,26416,896.4705882352941,16480
mig_7series_v2_3_ddr_phy_ocd_mux,6,2,4.666666666666667,14,3,0,0,0,0,1,11,5,1,8,41,0,2,14,208,8,11,8,0,1,4,8,6,20,10,2,12,0,1,82,20,3.926829268292683,2,18,0.08653846153846154,6,0.23557692307692307,4,2.70805020110221,3.7416573867739413,28.0,1.4134615384615383,84,37.333333333333336,4271
mig_7series_v2_3_ddr_phy_ocd_po_cntlr,9,2,5.846153846153846,152,26,0,0,0,0,7,9,16,1,31,21,1,1,47,574,30,21,47,2,0,8,17,32,19,16,2,57,0,1,168,47,6.482142857142857,17,33,0.05749128919860627,34,0.09233449477351917,10,5.030437921392435,12.328828005937952,187.07692307692307,3.1393728222996518,5168,187.07692307692307,15019
mig_7series_v2_3_ddr_phy_ocd_samp,3,1,2.25,18,8,0,0,0,1,5,24,6,1,4,2,0,1,26,301,10,5,11,4,1,11,5,8,9,4,2,26,0,1,88,18,4.420454545454546,3,36,0.11960132890365449,8,0.019933554817275746,15,2.9444389791664403,4.242640687119285,18.0,0.15946843853820597,144,9.0,5809
mig_7series_v2_3_ddr_phy_prbs_rdlvl,256,2,8.67605633802817,616,71,0,0,0,0,147,131,107,1,56,112,0,3,507,5553,41,104,130,4,8,20,20,128,9,16,2,154,0,1,4399,4098,3.5442145942259606,82,386,0.06951197550873402,128,0.030253916801728797,24,6.424869023905388,24.819347291981714,1110.5352112676057,3.872501350621286,78848,485.8591549295775,226845
mig_7series_v2_3_ddr_phy_rdlvl,256,2,7.747663551401869,829,107,0,1,0,0,95,233,68,2,465,212,0,8,1044,3307,84,164,344,4,35,4,46,297,18,25,2,352,0,1,522,712,13.567049808429118,109,398,0.12035077109162383,297,0.2047172664045963,8,6.721425700790643,28.792360097775937,2301.0560747663553,60.80102812216511,246213,3602.663551401869,111891
mig_7series_v2_3_ddr_phy_tempmon,72,11,13.340909090909092,587,44,0,0,0,0,4,12,10,3,22,3,0,0,85,531,4,3,18,4,0,4,56,47,5,3,2,26,0,1,166,68,5.132530120481928,16,29,0.054613935969868174,47,0.047080979284369114,8,6.376726947898627,24.228082879171435,627.0227272727274,2.212806026365348,27589,293.5,15236
mig_7series_v2_3_ddr_phy_wrcal,100,3,6.3023255813953485,271,43,0,0,0,0,40,121,44,3,154,14,0,0,353,1311,30,168,104,2,10,2,40,133,12,18,2,108,0,1,277,277,10.51985559566787,31,208,0.15865751334858885,133,0.12814645308924486,4,5.605802066295998,16.46207763315433,838.2093023255813,17.043478260869566,36043,970.5581395348837,43746
mig_7series_v2_3_ddr_phy_wrlvl,256,2,13.964285714285714,391,28,0,0,0,0,64,46,14,8,79,125,0,0,435,1213,27,26,144,2,17,3,2,66,14,22,2,149,0,1,232,286,11.439655172413794,46,132,0.10882110469909316,66,0.16817807089859851,5,5.971261839790462,19.77371993328519,921.6428571428571,11.099752679307501,25806,1103.1785714285713,39529
mig_7series_v2_3_ddr_phy_wrlvl_off_delay,6,6,6.0,12,2,0,0,0,0,2,3,0,1,12,20,0,0,53,247,13,3,16,0,0,3,0,31,4,8,2,19,0,1,68,39,5.294117647058823,6,6,0.024291497975708502,31,0.12955465587044535,3,2.5649493574615367,3.4641016151377544,186.0,4.016194331983805,372,72.0,5134
mig_7series_v2_3_ddr_prbs_gen,21,3,8.5,85,10,0,0,2,0,7,23,5,2,52,32,6,1,45,573,12,6,25,2,3,0,0,19,12,4,2,27,0,1,416,262,4.278846153846154,25,37,0.06457242582897033,31,0.15706806282722513,2,4.454347296253507,9.219544457292887,161.5,4.869109947643979,2635,493.0,21773
mig_7series_v2_3_ddr_r_upsizer,9,9,9.0,9,1,0,0,0,0,8,48,3,1,53,27,0,0,72,940,7,66,30,0,2,8,84,20,21,8,2,38,0,1,228,84,5.587719298245614,22,60,0.06382978723404255,20,0.0851063829787234,8,2.302585092994046,3.0,180.0,1.702127659574468,180,477.0,24738
mig_7series_v2_3_ddr_w_upsizer,9,9,9.0,9,1,0,0,0,0,211,64,174,90,88,48,0,0,81,1534,19,90,88,0,8,3,109,23,20,7,2,91,0,1,297,135,8.757575757575758,51,539,0.3513689700130378,23,0.08865710560625815,3,2.302585092994046,3.0,207.0,2.0391134289439377,207,792.0,51885
mig_7series_v2_3_ecc_dec_fix,1,1,1.0,1,0,0,0,0,1,27,17,40,1,9,1,3,0,14,183,4,6,2,0,10,0,8,3,6,3,2,2,0,1,67,16,4.791044776119403,4,85,0.4644808743169399,9,0.07103825136612021,0,0.6931471805599453,1.0,3.0,0.6393442622950819,9,12.0,3403
mig_7series_v2_3_ecc_merge_enc,1,1,1.0,1,0,0,0,0,1,18,22,41,7,1,0,1,0,10,152,6,3,2,0,4,1,2,6,7,2,2,3,0,1,53,16,4.377358490566038,4,88,0.5789473684210527,8,0.013157894736842105,1,0.6931471805599453,1.0,6.0,0.10526315789473684,8,2.0,2913
mig_7series_v2_3_poc_cc,7,7,7.0,14,2,0,0,0,0,2,4,2,1,4,8,0,0,4,131,3,3,1,0,0,1,4,3,10,2,2,2,0,1,62,10,2.532258064516129,0,9,0.06870229007633588,3,0.0916030534351145,1,2.70805020110221,3.7416573867739413,21.0,0.2748091603053435,42,28.0,2354
mig_7series_v2_3_poc_edge_store,1,1,1.0,1,0,0,0,0,1,1,13,0,1,8,0,0,0,5,118,4,4,0,0,0,5,6,1,7,1,2,5,0,1,37,13,3.5945945945945947,1,15,0.1271186440677966,1,0.06779661016949153,5,0.6931471805599453,1.0,1.0,0.06779661016949153,1,8.0,1876
mig_7series_v2_3_poc_meta,2,2,2.0,10,5,0,0,0,0,20,32,11,3,26,8,0,0,29,285,24,3,38,2,0,13,20,16,25,3,2,53,0,1,106,40,4.886792452830188,8,66,0.23157894736842105,16,0.11929824561403508,15,2.3978952727983707,3.1622776601683795,32.0,1.9087719298245613,160,52.0,6956
mig_7series_v2_3_poc_tap_base,1,1,1.0,1,0,0,0,0,1,9,25,2,1,2,3,1,1,22,286,13,7,10,2,1,2,3,18,7,7,2,14,0,1,81,18,5.246913580246914,10,37,0.12937062937062938,20,0.02097902097902098,4,0.6931471805599453,1.0,18.0,0.4195804195804196,20,3.0,5148
mig_7series_v2_3_round_robin_arb,1,1,1.0,1,0,0,0,0,1,8,13,2,1,4,6,0,1,6,192,5,3,2,0,2,2,3,5,6,2,2,4,0,1,50,18,3.12,1,24,0.125,5,0.052083333333333336,2,0.6931471805599453,1.0,5.0,0.2604166666666667,5,4.0,2041
mig_7series_v4_0_afifo,1,1,1.0,1,0,0,0,0,1,5,11,0,1,10,6,0,0,22,232,8,6,12,0,0,0,5,13,6,4,2,12,0,1,61,17,4.311475409836065,6,17,0.07327586206896551,13,0.06896551724137931,0,0.6931471805599453,1.0,13.0,0.896551724137931,13,10.0,2700
mig_7series_v4_0_cmd_prbs_gen,59,3,24.692307692307693,321,13,3,2,0,0,10,10,0,1,6,2,7,1,35,269,6,2,13,0,3,0,1,2,5,1,2,13,0,1,51,57,6.1568627450980395,8,21,0.07806691449814127,16,0.055762081784386616,0,5.7745515455444085,17.916472867168917,49.38461538461539,0.8921933085501859,5136,321.0,3656
mig_7series_v4_0_data_prbs_gen,24,3,10.333333333333334,62,6,0,0,0,0,0,4,0,1,2,3,3,0,10,129,2,1,2,0,0,0,0,2,5,1,2,2,0,1,30,22,3.1333333333333333,1,5,0.03875968992248062,8,0.06201550387596899,0,4.143134726391533,7.874007874011811,20.666666666666668,0.49612403100775193,496,51.66666666666667,1414
mig_7series_v4_0_ddr_of_pre_fifo,9,4,6.0,24,4,0,0,0,0,3,13,6,1,31,12,0,0,56,205,6,7,17,0,0,5,4,8,5,3,2,22,0,1,54,25,5.833333333333333,10,23,0.11219512195121951,8,0.2097560975609756,5,3.2188758248682006,4.898979485566356,48.0,1.6780487804878048,192,186.0,4083
mig_7series_v4_0_ddr_phy_ocd_data,64,2,13.222222222222221,238,18,0,0,13,0,12,4,20,1,4,4,1,2,21,232,10,3,13,0,2,6,6,6,8,1,2,19,0,1,66,25,4.5606060606060606,1,37,0.15948275862068967,8,0.03879310344827586,6,5.476463551931511,15.427248620541512,79.33333333333333,0.3103448275862069,1904,66.11111111111111,3844
mig_7series_v4_0_ecc_dec_fix,1,1,1.0,1,0,0,0,0,1,27,17,40,1,9,1,3,0,14,183,4,6,2,0,10,0,8,3,6,3,2,2,0,1,67,16,4.791044776119403,4,85,0.4644808743169399,9,0.07103825136612021,0,0.6931471805599453,1.0,3.0,0.6393442622950819,9,12.0,3403
mig_7series_v4_0_ecc_merge_enc,1,1,1.0,1,0,0,0,0,1,18,22,41,7,1,0,1,0,10,152,6,3,2,0,4,1,2,6,7,2,2,3,0,1,53,16,4.377358490566038,4,88,0.5789473684210527,8,0.013157894736842105,1,0.6931471805599453,1.0,6.0,0.10526315789473684,8,2.0,2913
mig_7series_v4_0_poc_edge_store,1,1,1.0,1,0,0,0,0,1,1,13,0,1,8,0,0,0,5,118,4,4,0,0,0,5,6,1,7,1,2,5,0,1,37,13,3.5945945945945947,1,15,0.1271186440677966,1,0.06779661016949153,5,0.6931471805599453,1.0,1.0,0.06779661016949153,1,8.0,1876
mig_7series_v4_0_poc_meta,2,2,2.0,12,6,0,0,0,0,21,31,11,3,27,10,0,0,33,303,27,9,42,2,0,13,18,17,26,8,2,57,0,1,114,42,5.06140350877193,8,66,0.21782178217821782,17,0.12211221122112212,15,2.5649493574615367,3.4641016151377544,34.0,2.075907590759076,204,54.0,7645
mig_7series_v4_0_tg_status,32,2,16.5,99,6,2,0,0,0,4,5,2,1,4,2,0,0,13,128,2,1,2,0,0,0,0,3,11,2,2,2,0,1,34,14,3.2058823529411766,3,12,0.09375,3,0.046875,0,4.605170185988092,9.9498743710662,49.5,0.140625,297,66.0,1767
mig_7series_v4_1_ddr_of_pre_fifo,9,4,6.0,24,4,0,0,0,0,3,13,6,1,31,12,0,0,56,205,6,7,17,0,0,5,4,8,5,3,2,22,0,1,54,25,5.833333333333333,10,23,0.11219512195121951,8,0.2097560975609756,5,3.2188758248682006,4.898979485566356,48.0,1.6780487804878048,192,186.0,4083
mig_7series_v4_1_ddr_phy_ocd_data,64,2,13.222222222222221,238,18,0,0,13,0,12,4,20,1,4,4,1,2,21,232,10,3,13,0,2,6,6,6,8,1,2,19,0,1,66,25,4.5606060606060606,1,37,0.15948275862068967,8,0.03879310344827586,6,5.476463551931511,15.427248620541512,79.33333333333333,0.3103448275862069,1904,66.11111111111111,3844
mig_7series_v4_1_ecc_merge_enc,1,1,1.0,1,0,0,0,0,1,18,22,41,7,1,0,1,0,10,152,6,3,2,0,4,1,2,6,7,2,2,3,0,1,53,16,4.377358490566038,4,88,0.5789473684210527,8,0.013157894736842105,1,0.6931471805599453,1.0,6.0,0.10526315789473684,8,2.0,2913
mig_7series_v4_1_poc_edge_store,1,1,1.0,1,0,0,0,0,1,1,13,0,1,8,0,0,0,5,118,4,4,0,0,0,5,6,1,7,1,2,5,0,1,37,13,3.5945945945945947,1,15,0.1271186440677966,1,0.06779661016949153,5,0.6931471805599453,1.0,1.0,0.06779661016949153,1,8.0,1876
mig_7series_v4_1_poc_meta,2,2,2.0,12,6,0,0,0,0,21,31,11,3,27,10,0,0,33,303,27,9,42,2,0,13,18,17,26,8,2,57,0,1,114,42,5.06140350877193,8,66,0.21782178217821782,17,0.12211221122112212,15,2.5649493574615367,3.4641016151377544,34.0,2.075907590759076,204,54.0,7645
mig_7series_v4_2_afifo,1,1,1.0,1,0,0,0,0,1,5,11,0,1,10,6,0,0,22,232,8,6,12,0,0,0,5,13,6,4,2,12,0,1,61,17,4.311475409836065,6,17,0.07327586206896551,13,0.06896551724137931,0,0.6931471805599453,1.0,13.0,0.896551724137931,13,10.0,2700
mig_7series_v4_2_axi_ctrl_read,2,2,2.0,2,1,0,0,0,0,1,4,2,1,0,0,0,0,0,143,0,3,0,0,0,0,11,6,6,3,2,0,0,1,35,11,2.4571428571428573,1,8,0.055944055944055944,6,0.0,0,1.0986122886681098,1.4142135623730951,12.0,0.0,12,0.0,1616
mig_7series_v4_2_axi_ctrl_write,2,2,2.0,2,1,0,0,0,0,0,6,0,1,5,2,0,0,6,196,4,9,2,0,0,0,19,15,8,6,2,2,0,1,55,19,3.418181818181818,1,7,0.03571428571428571,15,0.03571428571428571,0,1.0986122886681098,1.4142135623730951,30.0,0.5357142857142857,30,10.0,2855
mig_7series_v4_2_axi_mc_b_channel,2,2,2.0,2,1,0,0,0,0,0,4,1,1,3,2,0,0,8,203,4,7,7,0,0,0,14,3,6,4,2,7,0,1,66,14,2.8484848484848486,1,6,0.029556650246305417,3,0.024630541871921183,0,1.0986122886681098,1.4142135623730951,6.0,0.07389162561576355,6,6.0,2613
mig_7series_v4_2_axi_mc_cmd_translator,8,2,4.333333333333333,13,3,0,0,1,0,1,7,0,2,3,0,1,2,5,217,0,10,0,0,0,9,28,0,9,4,2,9,0,1,54,28,4.314814814814815,1,10,0.04608294930875576,2,0.018433179723502304,9,2.6390573296152584,3.605551275463989,0.0,0.03686635944700461,26,17.333333333333332,4825
mig_7series_v4_2_axi_mc_fifo,1,1,1.0,1,0,0,0,0,1,3,12,1,1,2,0,0,0,9,160,3,8,5,0,1,0,14,3,5,5,2,5,0,1,47,14,3.4893617021276597,2,17,0.10625,3,0.0125,0,0.6931471805599453,1.0,3.0,0.037500000000000006,3,2.0,1842
mig_7series_v4_2_axi_mc_incr_cmd,8,3,7.285714285714286,51,7,0,0,6,0,1,6,4,1,5,2,1,1,22,234,5,18,13,0,0,13,22,5,7,4,2,26,0,1,66,22,4.196969696969697,3,12,0.05128205128205128,7,0.03418803418803419,13,3.9512437185814275,7.14142842854285,36.42857142857143,0.23931623931623935,357,43.714285714285715,4074
mig_7series_v4_2_axi_mc_simple_fifo,1,1,1.0,1,0,0,0,0,1,3,14,0,2,4,0,0,0,13,146,2,5,5,0,1,2,11,2,5,5,2,7,0,1,43,12,3.3255813953488373,2,19,0.13013698630136986,2,0.0273972602739726,2,0.6931471805599453,1.0,2.0,0.0547945205479452,2,4.0,1610
mig_7series_v4_2_axi_mc_wrap_cmd,8,3,4.230769230769231,55,13,0,0,1,0,5,6,0,1,6,3,0,1,16,253,4,19,13,0,0,7,24,4,7,4,2,20,0,1,60,24,4.483333333333333,3,12,0.04743083003952569,4,0.03557312252964427,7,4.02535169073515,7.416198487095663,16.923076923076923,0.1422924901185771,220,25.384615384615387,3999
mig_7series_v4_2_axi_mc_w_channel,1,1,1.0,1,0,0,0,0,1,0,12,1,9,11,7,0,0,27,286,8,23,9,2,0,8,29,27,10,7,2,19,0,1,78,29,4.923076923076923,7,22,0.07692307692307693,27,0.06293706293706294,10,0.6931471805599453,1.0,27.0,1.6993006993006994,27,11.0,5845
mig_7series_v4_2_bank_compare,16,2,5.875,47,8,0,2,0,0,0,27,0,1,9,15,0,1,27,286,17,17,7,0,0,14,30,17,20,19,2,21,0,1,110,30,4.7727272727272725,10,28,0.0979020979020979,17,0.08391608391608392,14,3.871201010907891,6.855654600401044,99.875,1.4265734265734267,799,52.875,6959
mig_7series_v4_2_bank_state,1,1,1.0,1,0,0,0,0,1,32,86,11,11,277,95,0,1,92,900,45,23,46,0,19,25,53,44,49,21,2,71,0,1,244,53,6.688524590163935,35,140,0.15555555555555556,44,0.41333333333333333,25,0.6931471805599453,1.0,44.0,18.186666666666667,44,277.0,23555
mig_7series_v4_2_cmd_prbs_gen,59,3,24.692307692307693,321,13,3,2,0,0,10,10,0,1,6,2,7,1,35,269,6,2,13,0,3,0,1,2,5,1,2,13,0,1,51,57,6.1568627450980395,8,21,0.07806691449814127,16,0.055762081784386616,0,5.7745515455444085,17.916472867168917,49.38461538461539,0.8921933085501859,5136,321.0,3656
mig_7series_v4_2_data_prbs_gen,24,3,10.333333333333334,62,6,0,0,0,0,0,4,0,1,2,3,3,0,10,129,2,1,2,0,0,0,0,2,5,1,2,2,0,1,30,22,3.1333333333333333,1,5,0.03875968992248062,8,0.06201550387596899,0,4.143134726391533,7.874007874011811,20.666666666666668,0.49612403100775193,496,51.66666666666667,1414
mig_7series_v4_2_ddr_comparator,1,1,1.0,1,0,0,0,0,1,5,8,7,2,0,0,0,0,4,157,0,7,1,0,1,1,8,0,3,1,2,2,0,1,40,12,3.2,2,22,0.14012738853503184,0,0.0,1,0.6931471805599453,1.0,0.0,0.0,0,0.0,2070
mig_7series_v4_2_ddr_comparator_sel,1,1,1.0,1,0,0,0,0,1,7,11,10,2,2,1,0,0,7,164,0,9,1,0,1,1,11,0,5,1,2,2,0,1,43,17,3.7209302325581395,5,30,0.18292682926829268,0,0.018292682926829267,1,0.6931471805599453,1.0,0.0,0.0,0,2.0,2518
mig_7series_v4_2_ddr_comparator_sel_static,1,1,1.0,1,0,0,0,0,1,7,10,10,2,2,1,0,0,7,165,0,9,1,0,1,1,10,0,4,1,2,2,0,1,43,17,3.697674418604651,3,29,0.17575757575757575,0,0.01818181818181818,1,0.6931471805599453,1.0,0.0,0.0,0,2.0,2600
mig_7series_v4_2_ddr_of_pre_fifo,9,4,6.0,24,4,0,0,0,0,3,13,6,1,31,12,0,0,56,206,6,7,17,0,0,5,4,8,5,3,2,22,0,1,54,25,5.833333333333333,10,23,0.11165048543689321,8,0.2087378640776699,5,3.2188758248682006,4.898979485566356,48.0,1.6699029126213591,192,186.0,4084
mig_7series_v4_2_ddr_phy_ck_addr_cmd_delay,6,4,5.333333333333333,16,3,0,0,0,0,1,9,0,3,34,28,0,0,69,235,9,1,19,0,0,5,0,15,3,6,2,24,0,1,52,35,6.75,11,13,0.05531914893617021,15,0.26382978723404255,5,2.833213344056216,4.0,80.0,3.957446808510638,240,181.33333333333331,4581
mig_7series_v4_2_ddr_phy_dqs_found_cal,256,2,12.487179487179487,487,39,0,0,0,0,213,82,65,1,224,136,0,4,363,1194,49,42,148,10,13,9,1,53,8,21,2,167,0,1,211,239,12.75829383886256,56,361,0.30234505862646566,53,0.3015075376884422,19,6.1903154058531475,22.06807649071391,661.8205128205128,15.979899497487436,25811,2797.128205128205,41978
mig_7series_v4_2_ddr_phy_dqs_found_cal_hr,256,2,12.487179487179487,487,39,0,0,0,0,231,88,65,1,224,136,0,4,363,1195,49,42,148,10,13,9,1,53,8,21,2,167,0,1,211,239,12.815165876777252,56,385,0.32217573221757323,53,0.301255230125523,19,6.1903154058531475,22.06807649071391,661.8205128205128,15.96652719665272,25811,2797.128205128205,42192
mig_7series_v4_2_ddr_phy_ocd_cntlr,9,3,5.5,22,4,0,0,0,0,2,6,1,1,6,5,0,0,18,287,16,13,11,2,0,1,1,12,9,10,2,14,0,1,84,17,5.190476190476191,12,10,0.03484320557491289,12,0.03832752613240418,3,3.1354942159291497,4.69041575982343,66.0,0.45993031358885017,264,33.0,5862
mig_7series_v4_2_ddr_phy_ocd_data,64,2,13.222222222222221,238,18,0,0,13,0,12,4,20,1,4,4,1,2,21,233,10,3,13,0,2,6,6,6,8,1,2,19,0,1,66,25,4.5606060606060606,1,37,0.15879828326180256,8,0.03862660944206009,6,5.476463551931511,15.427248620541512,79.33333333333333,0.3090128755364807,1904,66.11111111111111,3845
mig_7series_v4_2_ddr_phy_ocd_edge,6,2,4.0,24,6,0,0,0,0,0,4,3,1,4,2,0,0,19,233,14,9,16,2,0,0,1,5,7,3,2,18,0,1,69,16,4.898550724637682,9,8,0.034334763948497854,5,0.02575107296137339,2,3.2188758248682006,4.898979485566356,20.0,0.12875536480686695,120,16.0,3974
mig_7series_v4_2_ddr_phy_ocd_lim,256,4,29.88235294117647,508,17,0,0,0,0,11,22,13,7,30,8,0,0,118,600,12,14,57,2,0,1,2,52,18,12,2,60,0,1,150,89,7.693333333333333,22,53,0.08833333333333333,52,0.06333333333333334,3,6.2324480165505225,22.538855339169288,1553.8823529411766,3.2933333333333334,26416,896.4705882352941,16481
mig_7series_v4_2_ddr_phy_ocd_mux,6,2,4.666666666666667,14,3,0,0,0,0,1,11,5,1,8,41,0,2,14,209,8,11,8,0,1,4,8,6,20,10,2,12,0,1,82,20,3.926829268292683,2,18,0.0861244019138756,6,0.23444976076555024,4,2.70805020110221,3.7416573867739413,28.0,1.4066985645933014,84,37.333333333333336,4272
mig_7series_v4_2_ddr_phy_ocd_po_cntlr,9,2,5.88,147,25,0,0,0,0,9,12,14,1,35,21,0,2,53,592,31,21,48,2,1,10,17,32,20,16,2,60,0,1,179,48,6.335195530726257,18,36,0.060810810810810814,32,0.0945945945945946,12,4.997212273764115,12.12435565298214,188.16,3.027027027027027,4704,205.79999999999998,15712
mig_7series_v4_2_ddr_phy_ocd_samp,3,1,2.2222222222222223,20,9,0,0,0,1,5,26,7,3,14,2,0,1,29,331,12,4,17,4,1,11,12,9,10,4,2,32,0,1,100,18,4.64,9,41,0.12386706948640483,9,0.04833836858006042,15,3.044522437723423,4.47213595499958,20.0,0.4350453172205438,180,31.111111111111114,6888
mig_7series_v4_2_ddr_phy_prbs_rdlvl,256,2,8.575342465753424,626,73,0,0,0,0,148,145,107,1,61,118,0,3,557,5667,43,106,136,4,8,29,21,137,10,18,2,169,0,1,4416,4098,3.5935235507246377,84,401,0.07076054349744133,137,0.03158637727192518,33,6.440946540632921,25.019992006393608,1174.821917808219,4.32733368625375,85762,523.0958904109589,231604
mig_7series_v4_2_ddr_phy_rdlvl,256,2,7.684684684684685,853,111,0,1,0,0,95,233,68,2,471,220,0,8,1079,3376,85,166,347,4,35,7,46,304,18,26,2,358,0,1,540,738,13.401851851851852,110,398,0.1178909952606635,304,0.20468009478672985,11,6.74993119378857,29.206163733020468,2336.1441441441443,62.22274881516588,259312,3619.4864864864867,113085
mig_7series_v4_2_ddr_phy_tempmon,72,3,13.063829787234043,614,47,0,0,0,0,5,12,10,3,27,4,0,0,95,561,7,4,22,4,0,5,57,50,6,4,2,31,0,1,175,73,5.2457142857142856,16,30,0.053475935828877004,50,0.05525846702317291,9,6.421622267806518,24.779023386727733,653.1914893617022,2.7629233511586455,30700,352.72340425531917,16098
mig_7series_v4_2_ddr_phy_wrcal,100,3,6.3023255813953485,271,43,0,0,0,0,44,121,44,3,154,14,0,0,355,1327,30,173,106,2,10,2,40,133,12,18,2,110,0,1,281,277,10.501779359430605,31,212,0.15975885455915598,133,0.12660135644310475,4,5.605802066295998,16.46207763315433,838.2093023255813,16.83798040693293,36043,970.5581395348837,43760
mig_7series_v4_2_ddr_phy_wrlvl,256,2,13.964285714285714,391,28,0,0,0,0,64,46,14,8,79,125,0,0,435,1214,27,26,144,2,17,3,2,66,14,22,2,149,0,1,232,286,11.439655172413794,46,132,0.10873146622734761,66,0.16803953871499178,5,5.971261839790462,19.77371993328519,921.6428571428571,11.090609555189458,25806,1103.1785714285713,39530
mig_7series_v4_2_ddr_phy_wrlvl_off_delay,6,6,6.0,12,2,0,0,0,0,2,3,0,1,12,20,0,0,52,249,13,3,16,0,0,2,0,31,4,8,2,18,0,1,68,39,5.279411764705882,6,6,0.024096385542168676,31,0.1285140562248996,2,2.5649493574615367,3.4641016151377544,186.0,3.9839357429718874,372,72.0,5059
mig_7series_v4_2_ddr_prbs_gen,21,3,8.5,85,10,0,0,2,0,9,23,8,3,52,32,6,1,46,576,12,6,25,2,4,0,0,19,12,4,2,27,0,1,417,262,4.292565947242206,25,43,0.07465277777777778,31,0.15625,2,4.454347296253507,9.219544457292887,161.5,4.84375,2635,493.0,21861
mig_7series_v4_2_ecc_dec_fix,1,1,1.0,1,0,0,0,0,1,27,17,40,1,9,1,3,0,14,184,4,6,2,0,10,0,8,3,6,3,2,2,0,1,67,16,4.791044776119403,4,85,0.46195652173913043,9,0.07065217391304347,0,0.6931471805599453,1.0,3.0,0.6358695652173912,9,12.0,3404
mig_7series_v4_2_ecc_merge_enc,1,1,1.0,1,0,0,0,0,1,18,22,41,7,1,0,1,0,10,153,6,3,2,0,4,1,2,6,7,2,2,3,0,1,53,16,4.377358490566038,4,88,0.5751633986928104,8,0.013071895424836602,1,0.6931471805599453,1.0,6.0,0.10457516339869281,8,2.0,2914
mig_7series_v4_2_memc_flow_vcontrol,32,3,16.157894736842106,307,19,8,0,0,0,3,12,3,1,74,31,0,0,96,504,21,8,73,2,0,3,2,42,15,14,2,78,0,1,111,64,8.423423423423424,22,19,0.037698412698412696,42,0.20833333333333334,5,5.730099782973574,17.52141546793523,678.6315789473684,8.75,12894,1195.6842105263158,12145
mig_7series_v4_2_poc_cc,1024,2,426.3636363636364,4690,11,0,0,0,0,32,9,11,1,6,10,0,0,6,205,6,4,6,0,0,1,4,5,25,3,2,7,0,1,85,25,3.8705882352941177,4,53,0.25853658536585367,5,0.07804878048780488,1,8.453401058328458,68.48357467305573,2131.818181818182,0.3902439024390244,23450,2558.181818181818,4640
mig_7series_v4_2_poc_edge_store,1,1,1.0,1,0,0,0,0,1,1,13,0,1,8,0,0,0,5,119,4,4,0,0,0,5,6,1,7,1,2,5,0,1,37,13,3.5945945945945947,1,15,0.12605042016806722,1,0.06722689075630252,5,0.6931471805599453,1.0,1.0,0.06722689075630252,1,8.0,1877
mig_7series_v4_2_poc_meta,2,2,2.0,12,6,0,0,0,0,21,31,11,3,27,10,0,0,33,304,27,9,42,2,0,13,18,17,26,8,2,57,0,1,114,42,5.06140350877193,8,66,0.21710526315789475,17,0.12171052631578948,15,2.5649493574615367,3.4641016151377544,34.0,2.0690789473684212,204,54.0,7646
mig_7series_v4_2_poc_tap_base,1,1,1.0,1,0,0,0,0,1,9,27,3,2,4,3,1,1,24,303,15,13,10,2,1,2,3,19,7,12,2,14,0,1,89,20,5.359550561797753,12,41,0.1353135313531353,21,0.026402640264026403,4,0.6931471805599453,1.0,19.0,0.5544554455445545,21,5.0,5768
mig_7series_v4_2_round_robin_arb,1,1,1.0,1,0,0,0,0,1,8,13,2,1,4,6,0,1,6,193,5,3,2,0,2,2,3,5,6,2,2,4,0,1,50,18,3.12,1,24,0.12435233160621761,5,0.05181347150259067,2,0.6931471805599453,1.0,5.0,0.25906735751295334,5,4.0,2042
mig_7series_v4_2_tg_prbs_gen,32,32,32.0,32,1,1,0,0,0,4,11,5,2,0,0,48,1,23,247,3,38,15,0,2,0,1,131,5,2,2,15,0,1,50,79,7.02,7,22,0.08906882591093117,227,0.19433198380566802,0,3.4965075614664802,5.656854249492381,4192.0,44.11336032388664,7264,1536.0,5799
mig_7series_v4_2_tg_status,32,2,16.5,99,6,2,0,0,0,4,5,2,1,4,2,0,0,13,128,2,1,2,0,0,0,0,3,11,2,2,2,0,1,34,14,3.2058823529411766,3,12,0.09375,3,0.046875,0,4.605170185988092,9.9498743710662,49.5,0.140625,297,66.0,1767
mig_7series_v4_2_vio_init_pattern_bram,32,3,24.904761904761905,1569,63,46,0,8,0,4,11,2,1,14,10,0,1,88,398,11,1,30,4,2,0,0,30,17,2,2,34,0,1,119,55,5.974789915966387,20,18,0.04522613065326633,30,0.06030150753768844,4,7.358830898342354,39.61060464067672,747.1428571428571,1.809045226130653,47070,348.6666666666667,9002
min,1,1,1.0,1,0,0,0,0,1,20,19,12,0,0,0,0,0,12,88,3,8,5,0,5,0,2,3,1,2,2,5,0,1,36,42,6.166666666666667,5,51,0.5795454545454546,3,0.0,0,0.6931471805599453,1.0,3.0,0.0,3,0.0,2167
minimig_bankmapper,8,4,6.0,12,2,0,0,1,0,0,0,1,0,4,40,0,0,0,65,1,0,0,2,0,0,0,1,13,1,2,2,0,1,58,64,6.948275862068965,11,1,0.015384615384615385,1,0.676923076923077,2,2.5649493574615367,3.4641016151377544,6.0,0.676923076923077,12,24.0,3877
minimig_sram_bridge,21,8,15.461538461538462,201,13,0,8,2,0,0,0,0,0,12,13,0,0,3,117,1,8,2,0,0,2,1,1,10,7,2,4,0,1,35,14,2.9714285714285715,1,0,0.0,1,0.21367521367521367,2,5.308267697401205,14.177446878757825,15.461538461538462,0.21367521367521367,201,185.53846153846155,1094
minimig_syscontrol,3,3,3.0,3,1,0,0,0,0,1,0,0,0,2,0,0,0,4,57,2,2,4,0,0,0,1,2,4,1,2,4,0,1,25,5,2.36,0,1,0.017543859649122806,2,0.03508771929824561,0,1.3862943611198906,1.7320508075688772,6.0,0.07017543859649122,6,6.0,517
minimun_find,1,1,1.0,1,0,0,0,0,1,9,2,4,0,0,0,0,0,2,15,1,0,1,0,1,0,0,1,1,1,2,1,0,1,19,7,2.1052631578947367,0,15,1.0,1,0.0,0,0.6931471805599453,1.0,1.0,0.0,1,0.0,336
mini_id_bpu,63,2,11.217391304347826,258,23,0,0,1,0,1,0,0,0,6,0,0,2,12,55,0,10,0,0,0,7,12,0,4,2,2,7,0,1,35,12,3.1714285714285713,1,1,0.01818181818181818,0,0.10909090909090909,7,5.556828061699537,16.06237840420901,0.0,0.0,0,67.30434782608695,1530
min_max,3,2,2.75,22,8,0,0,0,0,1,17,0,0,5,3,3,0,27,208,7,0,8,0,1,0,7,9,8,5,6,8,0,1,60,24,5.85,10,18,0.08653846153846154,15,0.052884615384615384,0,3.1354942159291497,4.69041575982343,24.75,0.7932692307692307,330,22.0,2858
min_sum_sorting,1,1,1.0,1,0,0,0,0,1,0,0,0,1,0,0,0,0,1,39,1,1,1,0,0,1,0,1,1,2,2,2,0,1,19,6,1.9473684210526316,0,1,0.02564102564102564,1,0.0,1,0.6931471805599453,1.0,1.0,0.0,1,0.0,254
min_sum_tree_16,4,3,3.3333333333333335,10,3,0,0,0,0,1,0,0,1,0,0,0,0,0,51,0,4,0,0,0,1,5,0,1,2,2,1,0,1,48,5,2.4166666666666665,0,2,0.0392156862745098,0,0.0,1,2.3978952727983707,3.1622776601683795,0.0,0.0,0,0.0,723
min_sum_tree_4,2,2,2.0,2,1,0,0,0,0,1,0,0,1,0,0,0,0,0,54,0,4,0,0,0,1,4,0,1,2,2,1,0,1,36,4,2.1944444444444446,0,2,0.037037037037037035,0,0.0,1,1.0986122886681098,1.4142135623730951,0.0,0.0,0,0.0,538
min_sum_tree_8,3,2,2.3333333333333335,7,3,0,0,0,0,1,0,0,1,0,0,0,0,0,78,0,4,0,0,0,1,5,0,1,2,2,1,0,1,40,5,2.3,0,2,0.02564102564102564,0,0.0,1,2.0794415416798357,2.6457513110645907,0.0,0.0,0,0.0,632
mipi_csi_rx_byte_aligner,8,4,5.0,20,4,0,0,1,0,2,9,3,1,1,0,0,0,16,89,2,1,3,0,1,0,1,18,3,3,2,3,0,1,40,11,3.05,1,15,0.16853932584269662,18,0.011235955056179775,0,3.044522437723423,4.47213595499958,90.0,0.20224719101123595,360,5.0,1360
mipi_csi_rx_packet_decoder_16b2lane,16,3,8.11111111111111,146,18,0,2,13,0,0,4,5,1,2,5,0,0,19,78,2,0,3,0,0,0,0,24,3,8,2,3,0,1,36,10,3.5277777777777777,0,10,0.1282051282051282,24,0.08974358974358974,0,4.990432586778736,12.083045973594572,194.66666666666666,2.1538461538461537,3504,16.22222222222222,1652
mipi_csi_rx_packet_decoder_16b4lane,16,3,8.11111111111111,146,18,0,2,13,0,0,4,5,1,2,5,0,0,20,78,2,0,3,0,0,0,0,30,3,11,2,3,0,1,37,12,3.5405405405405403,1,10,0.1282051282051282,30,0.08974358974358974,0,4.990432586778736,12.083045973594572,243.33333333333331,2.6923076923076925,4380,16.22222222222222,1736
mipi_csi_rx_packet_decoder_8b2lane,16,3,8.11111111111111,146,18,0,2,13,0,0,4,3,1,2,5,0,0,20,79,2,0,3,0,0,0,0,27,3,11,2,3,0,1,37,9,3.5405405405405403,0,8,0.10126582278481013,27,0.08860759493670886,0,4.990432586778736,12.083045973594572,219.0,2.392405063291139,3942,16.22222222222222,1710
mipi_csi_rx_packet_decoder_8b4lane,16,3,9.125,146,16,0,4,9,0,0,4,3,1,2,5,0,0,19,77,2,0,3,0,0,0,0,23,3,8,2,3,0,1,36,9,3.4722222222222223,0,8,0.1038961038961039,23,0.09090909090909091,0,4.990432586778736,12.083045973594572,209.875,2.090909090909091,3358,18.25,2013
mips_top,32,5,20.136363636363637,443,22,11,1,0,0,2,0,0,1,1,5,1,0,0,96,0,8,0,0,0,12,17,28,1,0,2,12,0,1,64,17,3.203125,2,3,0.03125,30,0.07291666666666667,12,6.095824562432225,21.047565179849187,563.8181818181819,2.1875,13290,40.27272727272727,2295
mixcolumns,128,2,54.8,274,5,0,0,2,0,36,0,20,0,0,0,15,4,11,50,0,4,2,2,1,0,0,0,3,1,2,4,0,1,28,25,4.214285714285714,3,56,1.12,30,0.3,2,5.616771097666572,16.55294535724685,0.0,9.0,8220,822.0,1345
mix_columns,32,8,10.482758620689655,304,29,3,0,26,0,6,12,20,0,0,0,102,0,3,223,1,12,2,0,2,0,10,2,15,4,10,2,0,1,57,149,8.403508771929825,14,38,0.17040358744394618,206,0.45739910313901344,0,5.720311776607412,17.435595774162696,20.96551724137931,94.22421524663677,62624,1069.2413793103449,3546
mix_columns_32,8,8,8.0,16,2,0,0,2,0,0,0,0,1,0,0,38,0,0,41,0,8,0,0,0,0,0,0,1,1,2,0,0,1,12,20,6.083333333333333,2,1,0.024390243902439025,76,0.926829268292683,0,2.833213344056216,4.0,0.0,70.4390243902439,1216,304.0,746
mjpeg_pipeline,32,3,7.151515151515151,236,33,2,0,8,0,2,8,7,0,0,0,0,2,32,137,3,0,7,2,0,2,1,14,21,2,4,11,0,1,70,18,3.7285714285714286,5,17,0.12408759124087591,14,0.0,4,5.4680601411351315,15.362291495737216,100.12121212121212,0.0,3304,0.0,4064
mkahbslavesynthstd,111,2,34.41463414634146,1411,41,8,0,1,0,0,0,0,0,24,18,0,0,21,470,2,69,105,2,0,9,35,48,14,7,2,116,0,1,125,69,5.496,13,0,0.0,48,0.08936170212765958,11,7.252762418053187,37.5632799419859,1651.9024390243903,4.2893617021276595,67728,825.9512195121952,10197
mkarchrfile,32,5,30.52054794520548,2228,73,69,0,0,0,0,0,0,0,62,0,0,0,96,742,4,70,39,6,0,0,66,33,8,7,2,45,0,1,113,96,13.920353982300885,47,0,0.0,33,0.08355795148247978,6,7.709308333385869,47.20169488482379,1007.1780821917808,2.757412398921833,73524,1892.2739726027396,18053
mkbpu_bimodal,33,32,32.333333333333336,194,6,4,0,0,0,1,0,0,0,4,6,0,0,7,201,1,27,22,0,0,2,9,3,6,22,2,24,0,1,65,27,4.292307692307692,4,1,0.004975124378109453,3,0.04975124378109453,2,5.272999558563747,13.92838827718412,97.0,0.1492537313432836,582,129.33333333333334,3938
mkfpu_compare_min_max,106,2,40.093023255813954,1724,43,2,0,4,0,0,0,0,0,24,22,0,0,31,306,3,26,14,4,0,14,9,3,15,11,3,32,0,1,97,33,4.041237113402062,6,0,0.0,3,0.1503267973856209,18,7.45298232946546,41.52107898405339,120.27906976744185,0.4509803921568627,5172,962.2325581395348,7755
mkfpu_convert_sp_dp,106,2,19.63888888888889,2121,108,3,0,17,0,4,3,0,0,126,85,0,2,70,710,3,138,18,4,0,45,17,3,224,12,2,67,0,1,203,138,5.344827586206897,9,7,0.009859154929577466,3,0.2971830985915493,49,7.660114319173928,46.05431575867782,58.91666666666667,0.8915492957746478,6363,2474.5,24484
mkfpu_fp_to_int,106,3,33.51282051282051,1307,39,4,0,8,0,3,1,0,0,26,21,0,2,22,313,3,43,8,4,0,9,14,3,59,10,2,21,0,1,100,43,4.24,6,4,0.012779552715654952,3,0.1501597444089457,13,7.176254532017144,36.15245496505044,100.53846153846153,0.4504792332268371,3921,871.3333333333333,9074
mkinterrupt_controller,65,3,21.060913705583758,4149,197,0,0,0,0,2,0,0,0,398,216,0,0,261,1475,37,166,85,72,0,18,51,683,16,10,2,175,0,1,220,166,13.154545454545454,71,2,0.0013559322033898306,683,0.41627118644067795,90,8.330863613224745,64.41273166075166,14384.604060913707,284.31322033898306,2833767,8382.243654822336,53651
mkprf_fram,224,5,15.307692307692308,1592,104,0,0,0,0,0,0,0,0,256,128,0,0,193,1212,33,111,39,64,0,0,36,64,11,7,2,103,0,1,158,192,17.632911392405063,59,0,0.0,64,0.31683168316831684,64,7.373374309910049,39.89987468652001,979.6923076923077,20.277227722772277,101888,3918.769230769231,39245
mkprf_rram,224,5,12.68,951,75,0,0,0,0,0,0,0,0,192,64,0,0,161,960,3,106,39,4,0,32,68,33,10,8,2,75,0,1,151,106,12.708609271523178,51,0,0.0,33,0.26666666666666666,36,6.858565034791365,30.83828789021855,418.44,8.8,31383,2434.56,26390
mksoc_map,151,64,109.0952380952381,2291,21,0,0,0,0,0,7,0,0,14,8,0,0,14,244,0,25,4,0,0,0,6,0,5,17,2,4,0,1,70,25,3.2714285714285714,2,7,0.028688524590163935,0,0.09016393442622951,0,7.73718007783463,47.86439177509728,0.0,0.0,0,1527.3333333333335,4631
mmio,64,30,32.27710843373494,2679,83,77,0,0,0,2,97,0,1,136,41,0,0,98,840,1,145,14,0,2,62,83,41,21,37,2,76,0,1,376,188,5.4787234042553195,22,100,0.11904761904761904,41,0.21071428571428572,62,7.893572073504902,51.75905717843013,1323.3614457831325,8.639285714285714,109839,4389.686746987952,31835
mmse,12,2,5.9,59,10,0,0,0,0,48,113,125,0,0,12,0,0,51,322,5,1,22,0,5,1,10,27,7,5,2,23,0,1,90,52,7.911111111111111,18,286,0.8881987577639752,27,0.037267080745341616,1,4.0943445622221,7.681145747868608,159.3,1.0062111801242237,1593,0.0,11591
mmu,32,4,18.857142857142858,264,14,4,0,0,0,0,4,2,1,2,0,0,0,14,60,2,0,10,0,0,0,0,2,3,2,2,10,0,1,30,16,4.766666666666667,4,7,0.11666666666666667,2,0.03333333333333333,0,5.579729825986222,16.24807680927192,37.714285714285715,0.06666666666666667,528,37.714285714285715,1866
mock_output,8,6,7.9375,254,32,0,0,31,0,0,0,1,0,0,0,0,0,0,77,1,1,0,2,0,0,0,1,30,2,2,2,0,1,75,32,2.2133333333333334,2,1,0.012987012987012988,1,0.0,2,5.541263545158426,15.937377450509228,7.9375,0.0,254,0.0,1938
mod,28,2,8.833333333333334,159,18,0,2,0,0,4,1,7,0,2,2,0,0,20,269,12,3,65,14,0,1,3,14,7,3,2,80,0,1,91,47,5.153846153846154,12,12,0.04460966542750929,14,0.01486988847583643,15,5.075173815233827,12.609520212918492,123.66666666666667,0.20817843866171004,2226,17.666666666666668,4978
mod14_jk,1,1,1.0,1,0,0,0,0,1,0,0,0,0,9,0,0,0,5,50,1,13,5,0,0,0,0,1,2,2,4,5,0,1,37,13,3.5405405405405403,1,0,0.0,1,0.18,0,0.6931471805599453,1.0,1.0,0.18,1,9.0,703
modcontrolunit,2,2,2.0,2,1,0,0,0,0,0,0,2,0,0,0,0,0,2,74,3,0,2,4,0,0,0,3,3,2,2,6,0,1,30,9,3.066666666666667,0,2,0.02702702702702703,3,0.0,4,1.0986122886681098,1.4142135623730951,6.0,0.0,6,0.0,961
moddatapath,32,32,32.0,160,5,5,0,0,0,0,1,1,0,2,0,0,0,4,41,2,0,3,0,0,0,0,4,5,2,2,3,0,1,22,6,2.6363636363636362,0,2,0.04878048780487805,4,0.04878048780487805,0,5.081404364984463,12.649110640673518,128.0,0.1951219512195122,640,64.0,774
mode,4,3,3.5,14,4,0,0,0,0,0,0,0,1,0,0,0,0,25,69,3,1,13,4,0,0,0,2,3,1,2,17,0,1,41,19,4.0,4,1,0.014492753623188406,2,0.0,4,2.70805020110221,3.7416573867739413,7.0,0.0,28,0.0,2043
mode_decide,10,2,7.964285714285714,223,28,0,0,5,0,3,4,0,1,4,0,0,0,79,248,5,6,20,4,0,5,6,12,9,10,2,29,0,1,55,24,7.036363636363636,12,8,0.03225806451612903,12,0.016129032258064516,9,5.4116460518550396,14.933184523068078,95.57142857142857,0.1935483870967742,2676,31.857142857142858,3373
mode_write,7,2,5.5,77,14,0,0,0,0,2,0,0,0,12,6,0,0,31,78,3,0,12,0,0,0,0,3,9,3,2,12,0,1,37,14,4.108108108108108,3,2,0.02564102564102564,3,0.23076923076923078,0,4.356708826689592,8.774964387392123,16.5,0.6923076923076923,231,66.0,1430
modificacion_ciclo_trabajo,4,4,4.0,8,2,0,0,0,0,0,0,0,1,0,0,0,0,0,76,0,0,1,0,0,0,10,0,6,2,2,1,0,1,35,10,2.3142857142857145,0,1,0.013157894736842105,0,0.0,0,2.1972245773362196,2.8284271247461903,0.0,0.0,0,0.0,944
modificacion_frec_conmu,3,3,3.0,3,1,0,0,0,0,0,0,0,1,0,0,0,0,0,64,0,0,1,0,0,0,10,0,5,3,2,1,0,1,36,10,2.0277777777777777,0,1,0.015625,0,0.0,0,1.3862943611198906,1.7320508075688772,0.0,0.0,0,0.0,1054
modify_sync,16,16,16.0,32,2,0,2,0,0,1,0,0,0,2,0,0,0,6,23,1,0,2,0,0,1,0,4,2,1,2,3,0,1,21,7,2.2857142857142856,0,1,0.043478260869565216,4,0.08695652173913043,1,3.4965075614664802,5.656854249492381,64.0,0.34782608695652173,128,32.0,391
modn_counter,1,1,1.0,1,0,0,0,0,1,1,2,0,1,0,0,0,0,4,41,1,0,2,0,0,0,0,1,2,1,2,2,0,1,20,6,1.85,0,4,0.0975609756097561,1,0.0,0,0.6931471805599453,1.0,1.0,0.0,1,0.0,520
module_7_segments,8,2,4.833333333333333,29,6,0,0,1,0,1,4,0,0,0,0,0,0,11,119,4,0,4,4,0,0,0,6,3,2,3,8,0,1,55,15,2.8545454545454545,3,5,0.04201680672268908,6,0.0,4,3.4011973816621555,5.385164807134504,29.0,0.0,174,0.0,2509
module_adc,12,3,9.090909090909092,100,11,0,0,0,0,7,0,0,0,0,0,0,0,37,154,3,7,2,8,0,0,0,13,2,6,2,10,0,1,58,16,3.8448275862068964,6,7,0.045454545454545456,13,0.0,8,4.61512051684126,10.0,118.18181818181819,0.0,1300,0.0,2314
module_bin_to_bcd,12,2,4.954545454545454,109,22,0,0,4,0,2,3,0,0,0,0,0,2,55,159,2,0,25,2,0,0,0,5,3,1,3,27,0,1,31,29,5.967741935483871,6,5,0.031446540880503145,5,0.0,2,4.700480365792417,10.44030650891055,24.77272727272727,0.0,545,0.0,4349
module_fn_addsub,64,32,49.77777777777778,448,9,4,0,0,0,4,0,0,0,0,0,0,0,0,73,0,5,4,0,0,3,3,0,4,1,3,7,0,1,29,6,2.5517241379310347,0,4,0.0547945205479452,0,0.0,3,6.1070228877422545,21.166010488516726,0.0,0.0,0,0.0,1246
module_fn_arithmetic,133,2,44.31818181818182,975,22,5,0,0,0,3,0,0,0,23,18,2,2,19,359,2,27,8,4,0,10,6,1,7,1,3,22,0,1,78,67,5.461538461538462,7,3,0.008356545961002786,5,0.11977715877437325,14,6.883462586413092,31.22498999199199,44.31818181818182,0.5988857938718662,4875,1107.9545454545455,16746
module_fn_comparator,64,64,64.0,128,2,0,0,0,0,0,0,0,0,0,0,0,0,1,46,0,1,4,0,0,0,1,0,2,1,3,4,0,1,22,5,1.8181818181818181,0,0,0.0,0,0.0,0,4.859812404361672,11.313708498984761,0.0,0.0,0,0.0,569
module_fn_divide_step,170,54,87.45454545454545,962,11,0,0,0,0,0,2,0,0,0,0,0,0,2,85,0,8,4,0,0,2,4,0,2,1,3,6,0,1,30,8,2.933333333333333,0,2,0.023529411764705882,0,0.0,2,6.870053411798126,31.016124838541646,0.0,0.0,0,0.0,2290
module_fn_fp_comparitor,64,2,28.210526315789473,536,19,0,0,2,0,0,0,0,0,0,0,0,0,6,123,0,18,4,0,0,17,5,0,3,1,3,21,0,1,45,18,3.6666666666666665,1,0,0.0,0,0.0,17,6.285998094508865,23.15167380558045,0.0,0.0,0,0.0,3396
module_fn_shiftleft,128,6,97.5,390,4,0,0,0,0,0,0,0,0,0,0,0,1,2,46,0,1,18,0,0,0,1,0,5,1,3,18,0,1,22,5,1.8181818181818181,0,0,0.0,0,0.0,0,5.968707559985366,19.748417658131498,0.0,0.0,0,0.0,598
module_fn_shiftright,128,6,97.5,390,4,0,0,0,0,0,0,0,0,0,0,0,1,2,46,0,1,18,0,0,0,1,0,5,1,3,18,0,1,22,5,1.8181818181818181,0,0,0.0,0,0.0,0,5.968707559985366,19.748417658131498,0.0,0.0,0,0.0,611
module_fn_sll,128,5,44.5,534,12,2,0,0,0,0,0,0,0,0,0,0,0,0,73,0,4,32,0,0,1,5,0,5,1,5,33,0,1,35,5,2.342857142857143,0,0,0.0,0,0.0,1,6.282266746896006,23.108440016582687,0.0,0.0,0,0.0,1464
module_fn_slt,64,64,64.0,256,4,0,0,0,0,0,0,0,0,4,2,1,0,0,59,0,2,4,0,0,1,2,0,2,1,4,5,0,1,31,5,1.903225806451613,0,0,0.0,2,0.11864406779661017,1,5.54907608489522,16.0,0.0,0.23728813559322035,512,320.0,865
module_fn_sltu,64,64,64.0,256,4,0,0,0,0,0,0,0,0,0,0,0,0,0,54,0,1,4,0,0,1,2,0,2,1,4,5,0,1,30,5,1.7,0,0,0.0,0,0.0,1,5.54907608489522,16.0,0.0,0.0,0,0.0,732
module_fn_sra_srl,128,5,44.588235294117645,758,17,5,0,0,0,0,0,0,0,0,4,0,0,0,104,0,7,56,0,0,3,6,0,8,1,7,59,0,1,45,8,2.8,0,0,0.0,0,0.038461538461538464,3,6.63200177739563,27.53179979587241,0.0,0.0,0,0.0,2858
module_gen_pp,64,3,52.375,419,8,1,0,0,0,2,0,0,0,0,0,0,0,2,96,2,4,4,4,0,2,2,1,4,1,3,10,0,1,46,8,2.9130434782608696,0,2,0.020833333333333332,1,0.0,6,6.040254711277414,20.46948949045872,52.375,0.0,419,0.0,2043
module_input_deco_gray,1,1,1.0,1,0,0,0,0,1,0,7,0,0,0,0,0,0,10,97,3,0,4,2,0,0,0,4,4,1,3,6,0,1,45,19,3.1555555555555554,3,7,0.07216494845360824,4,0.0,2,0.6931471805599453,1.0,4.0,0.0,4,0.0,2305
module_rb_nb,256,2,107.66666666666667,646,6,0,0,0,0,0,0,0,0,0,0,0,0,0,821,0,3,4,0,0,1,4,0,1,1,131,5,0,1,286,258,5.538461538461538,6,0,0.0,0,0.0,1,6.472346294500901,25.41653005427767,0.0,0.0,0,0.0,30213
module_rb_nb1,128,2,30.666666666666668,184,6,0,1,0,0,0,0,0,0,0,0,0,0,0,150,0,4,4,0,0,1,4,0,1,1,19,5,0,1,63,34,3.888888888888889,6,0,0.0,0,0.0,1,5.220355825078324,13.564659966250536,0.0,0.0,0,0.0,4477
module_rb_nb2,128,2,37.285714285714285,261,7,1,1,0,0,0,0,0,0,0,0,0,0,0,149,0,2,4,0,0,0,3,0,2,1,19,4,0,1,60,34,3.966666666666667,6,0,0.0,0,0.0,0,5.568344503761097,16.15549442140351,0.0,0.0,0,0.0,4212
module_rb_nb3,128,2,48.714285714285715,341,7,1,0,0,0,0,0,0,0,0,0,0,0,0,149,0,2,4,0,0,0,3,0,2,1,19,4,0,1,60,34,3.966666666666667,6,0,0.0,0,0.0,0,5.834810737062605,18.466185312619388,0.0,0.0,0,0.0,4224
module_rb_nb4,128,2,59.166666666666664,355,6,0,0,0,0,0,0,0,0,0,0,0,0,0,147,0,1,4,0,0,0,2,0,2,1,19,4,0,1,59,34,3.9322033898305087,6,0,0.0,0,0.0,0,5.87493073085203,18.841443681416774,0.0,0.0,0,0.0,4110
module_top_deco_gray,8,2,4.833333333333333,29,6,0,0,1,0,0,0,0,0,0,0,0,0,0,52,0,1,0,0,0,0,2,0,4,3,6,0,0,1,33,4,1.8181818181818181,0,0,0.0,0,0.0,0,3.4011973816621555,5.385164807134504,0.0,0.0,0,0.0,1090
module_wallace_rba_part1,1024,64,116.14814814814815,3136,27,0,0,0,0,0,0,0,0,0,0,0,0,0,99,0,9,4,0,0,0,3,0,1,1,9,4,0,1,49,16,3.0408163265306123,1,0,0.0,0,0.0,0,8.051022208190679,56.0,0.0,0.0,0,0.0,2591
module_wallace_rba_part2,128,64,80.0,960,12,0,0,0,0,0,0,0,0,0,0,0,0,0,80,0,2,4,0,0,0,3,0,6,1,5,4,0,1,37,6,2.2432432432432434,0,0,0.0,0,0.0,0,6.8679744089702925,30.983866769659336,0.0,0.0,0,0.0,1479
modulodedisplay,4,3,3.75,15,4,0,0,0,0,0,0,0,1,0,0,0,0,0,82,0,0,0,0,0,0,1,0,3,2,2,0,0,1,47,5,2.5319148936170213,0,1,0.012195121951219513,0,0.0,0,2.772588722239781,3.872983346207417,0.0,0.0,0,0.0,1048
modulo_display_7seg,4,3,3.75,15,4,0,0,0,0,0,0,0,1,0,0,0,0,0,83,0,0,0,0,0,0,1,0,3,2,2,0,0,1,47,5,2.5531914893617023,0,1,0.012048192771084338,0,0.0,0,2.772588722239781,3.872983346207417,0.0,0.0,0,0.0,1114
mod_dp,32,32,32.0,128,4,4,0,0,0,0,0,0,0,0,0,0,0,4,39,1,0,4,0,0,0,2,2,5,2,2,4,0,1,27,5,2.2222222222222223,0,0,0.0,2,0.0,0,4.859812404361672,11.313708498984761,64.0,0.0,256,0.0,737
mod_m_counter,1,1,1.0,1,0,0,0,0,1,1,5,0,0,0,0,0,0,4,42,1,3,1,0,0,2,4,8,1,2,2,3,0,1,23,7,2.0869565217391304,0,6,0.14285714285714285,8,0.0,2,0.6931471805599453,1.0,8.0,0.0,8,0.0,492
mod_n,1,1,1.0,1,0,0,0,0,1,1,2,0,1,0,0,0,0,4,28,1,0,2,0,0,0,2,1,2,1,2,2,0,1,20,7,2.3,0,4,0.14285714285714285,1,0.0,0,0.6931471805599453,1.0,1.0,0.0,1,0.0,507
mojo_top,32,2,12.857142857142858,90,7,1,0,2,0,0,0,0,0,0,0,0,0,0,81,0,3,0,0,0,0,7,0,8,13,2,0,0,1,48,13,2.9375,1,0,0.0,0,0.0,0,4.51085950651685,9.486832980505138,0.0,0.0,0,0.0,1673
mojo_top_0,24,2,11.1,111,10,0,0,3,0,34,52,1,0,0,0,0,6,23,260,2,0,11,8,0,0,9,20,10,7,2,19,0,1,83,36,5.566265060240964,12,87,0.3346153846153846,20,0.0,8,4.718498871295094,10.535653752852738,222.0,0.0,2220,0.0,6508
monostable_domain_cross,3,2,2.5,5,2,0,0,0,0,0,0,0,0,0,0,2,0,4,79,2,1,2,0,0,0,0,2,4,1,2,2,0,1,21,6,2.4285714285714284,0,0,0.0,6,0.02531645569620253,0,1.791759469228055,2.23606797749979,5.0,0.1518987341772152,30,5.0,556
moore,2,2,2.0,2,1,0,0,0,0,1,0,0,0,0,0,0,0,8,74,3,0,5,4,2,0,1,3,1,1,4,9,0,1,40,10,3.55,0,1,0.013513513513513514,3,0.0,4,1.0986122886681098,1.4142135623730951,6.0,0.0,6,0.0,1050
moore_fsm,3,3,3.0,6,2,0,0,0,0,0,0,0,0,0,0,0,0,0,30,1,0,9,2,0,0,0,2,1,2,2,11,0,1,37,21,3.8378378378378377,3,0,0.0,2,0.0,2,1.9459101490553132,2.449489742783178,6.0,0.0,12,0.0,867
morse,25,1,4.380952380952381,92,21,0,0,0,2,1,0,1,0,0,2,0,0,22,138,4,1,8,4,0,0,3,17,11,5,8,12,0,1,70,16,3.9714285714285715,5,2,0.014492753623188406,17,0.014492753623188406,4,4.532599493153256,9.591663046625438,74.47619047619048,0.2463768115942029,1564,0.0,2611
morse_decoder,8,8,8.0,8,1,0,0,1,0,0,0,0,1,652,0,0,0,59,257,2,0,38,0,0,0,0,6,1,1,2,38,0,1,38,40,16.894736842105264,18,1,0.0038910505836575876,6,2.536964980544747,0,2.1972245773362196,2.8284271247461903,48.0,15.221789883268482,48,5216.0,9261
morse_encoder,16,4,6.228915662650603,517,83,0,2,0,0,0,0,1,1,0,0,0,0,39,214,1,1,39,0,0,0,0,2,1,3,2,39,0,1,86,41,4.837209302325581,8,2,0.009345794392523364,2,0.0,0,6.249975242259483,22.737634001804146,12.457831325301205,0.0,1034,0.0,6105
motorpwm,8,8,8.0,16,2,0,0,2,0,1,0,0,0,1,0,0,0,3,23,1,2,0,0,0,1,0,2,4,3,2,1,0,1,23,4,1.7826086956521738,0,1,0.043478260869565216,2,0.043478260869565216,1,2.833213344056216,4.0,16.0,0.08695652173913043,32,8.0,330
motor_driver,16,2,4.689655172413793,136,29,0,2,0,0,3,40,6,1,0,0,0,0,39,266,2,17,3,2,0,34,15,5,8,6,2,39,0,1,92,72,5.184782608695652,12,50,0.18796992481203006,5,0.0,36,4.919980925828125,11.661903789690601,23.448275862068964,0.0,680,0.0,6354
motor_pwm,8,4,6.0,18,3,0,0,1,0,1,0,0,1,0,0,0,0,22,75,2,0,2,4,0,0,0,3,3,2,2,6,0,1,51,20,2.7254901960784315,2,2,0.02666666666666667,3,0.0,4,2.9444389791664403,4.242640687119285,18.0,0.0,54,0.0,1801
motor_sm,4,4,4.0,12,3,0,0,0,0,0,0,0,0,48,0,0,0,51,113,1,1,26,2,0,0,6,2,8,1,2,28,0,1,46,28,5.891304347826087,7,0,0.0,2,0.4247787610619469,2,2.5649493574615367,3.4641016151377544,8.0,0.8495575221238938,24,192.0,2310
mousepm,31,3,13.307692307692308,173,13,0,0,2,0,4,0,0,1,7,4,1,0,16,57,1,11,5,0,0,22,6,5,1,1,2,27,0,1,47,15,3.6595744680851063,3,5,0.08771929824561403,7,0.21052631578947367,22,5.159055299214529,13.152946437965905,66.53846153846155,1.4736842105263157,1211,106.46153846153847,1448
mouse_sync,6,2,2.8,14,5,0,0,0,0,4,3,0,1,0,0,0,0,19,74,2,0,5,4,0,12,0,4,5,3,2,21,0,1,25,9,3.72,0,8,0.10810810810810811,4,0.0,16,2.70805020110221,3.7416573867739413,11.2,0.0,56,0.0,1624
mpx_alu,32,2,24.96,624,25,10,4,1,0,1,1,0,0,3,2,1,0,16,205,1,1,71,2,0,5,1,10,3,1,2,78,0,1,54,22,4.833333333333333,8,2,0.00975609756097561,12,0.02926829268292683,7,6.437751649736401,24.979991993593593,249.60000000000002,0.351219512195122,7488,99.84,4414
mpx_cop0,32,32,32.0,96,3,3,0,0,0,0,1,1,0,8,3,1,0,26,257,6,6,19,0,0,3,6,10,32,9,2,22,0,1,105,32,3.0476190476190474,4,2,0.007782101167315175,12,0.04669260700389105,3,4.574710978503383,9.797958971132712,320.0,0.5603112840466926,1152,288.0,5001
mpx_cop0_regfile,32,4,25.29032258064516,784,31,23,0,2,0,1,2,4,0,6,2,0,0,19,298,6,6,11,4,0,2,2,17,16,6,2,17,0,1,82,32,4.890243902439025,8,7,0.02348993288590604,17,0.026845637583892617,6,6.665683717782408,28.0,429.93548387096774,0.4563758389261745,13328,151.74193548387098,6057
mpx_core,1,1,1.0,1,0,0,0,0,1,0,0,0,0,0,0,0,0,0,593,0,0,4,0,0,0,111,25,16,20,2,4,0,1,412,111,2.2864077669902914,5,0,0.0,25,0.0,0,0.6931471805599453,1.0,25.0,0.0,25,0.0,19131
mpx_decode,32,4,13.333333333333334,40,3,1,0,0,0,0,0,0,0,222,300,0,0,216,339,0,23,0,0,0,0,31,0,8,23,2,0,0,1,153,221,6.052287581699346,9,0,0.0,0,1.5398230088495575,0,3.713572066704308,6.324555320336759,0.0,0.0,0,2960.0,18117
mpx_divider,63,31,37.45454545454545,412,11,8,0,0,0,0,5,1,0,14,3,0,0,33,162,5,3,12,0,0,2,6,12,12,3,2,14,0,1,56,17,4.107142857142857,4,6,0.037037037037037035,12,0.10493827160493827,2,6.023447592961033,20.29778313018444,449.45454545454544,1.259259259259259,4944,524.3636363636364,3139
mpx_fetch,65,30,34.7,347,10,6,0,0,0,1,0,0,0,47,9,0,0,42,247,9,14,28,0,0,3,5,13,12,10,2,31,0,1,58,29,6.413793103448276,6,1,0.004048582995951417,13,0.22672064777327935,3,5.8522024797744745,18.627936010197157,451.1,2.9473684210526314,4511,1630.9,4778
mpx_issue,32,1,18.666666666666668,728,39,20,0,0,1,0,3,3,0,53,59,0,0,53,771,10,77,55,0,0,7,53,45,52,78,2,62,0,1,344,78,3.8982558139534884,16,6,0.007782101167315175,45,0.14526588845654995,7,6.591673732008658,26.981475126464083,840.0,6.536964980544748,32760,989.3333333333334,21950
mpx_lsu,32,2,13.4,670,50,5,12,15,0,6,8,2,0,67,108,0,0,92,606,6,16,33,14,1,3,37,31,23,16,4,50,0,1,185,71,5.4972972972972975,19,16,0.026402640264026403,31,0.2887788778877888,17,6.508769136971682,25.88435821108957,415.40000000000003,8.952145214521453,20770,897.8000000000001,15498
mpx_pipe_ctrl,32,2,27.235294117647058,1389,51,42,0,0,0,1,7,3,0,84,31,0,1,122,506,7,37,28,2,0,8,6,31,39,36,2,38,0,1,193,54,5.0310880829015545,18,11,0.021739130434782608,31,0.22727272727272727,10,7.237059026124737,37.26929030716845,844.2941176470588,7.045454545454545,43059,2287.7647058823527,14564
mpx_regfile,32,5,31.217391304347824,2154,69,67,0,0,0,0,0,1,0,0,0,0,0,93,392,2,2,35,6,0,0,32,286,9,2,2,41,0,1,144,34,5.305555555555555,9,1,0.002551020408163265,286,0.0,6,7.675546002537848,46.411205543489174,8928.173913043478,0.0,616044,0.0,10660
mpy_32,32,4,19.272727272727273,212,11,3,7,0,0,0,0,1,1,0,0,0,0,5,124,3,4,3,2,0,0,1,5,4,3,2,5,0,1,56,9,3.5535714285714284,0,2,0.016129032258064516,5,0.0,2,5.3612921657094255,14.560219778561036,96.36363636363637,0.0,1060,0.0,2164
mpy_32_mux,32,4,29.666666666666668,356,12,11,0,0,0,0,0,1,1,0,0,0,0,0,53,1,0,0,2,0,0,0,1,11,1,2,2,0,1,36,13,2.2222222222222223,2,2,0.03773584905660377,1,0.0,2,5.877735781779639,18.867962264113206,29.666666666666668,0.0,356,0.0,672
ms7200_ctl,32,2,17.57894736842105,334,19,3,5,3,0,7,0,1,1,47,0,0,0,143,818,13,2,41,22,0,0,1,16,6,6,2,63,0,1,768,313,2.6822916666666665,30,9,0.011002444987775062,16,0.05745721271393643,22,5.814130531825066,18.275666882497067,281.2631578947368,0.9193154034229829,5344,826.2105263157894,29185
ms7210_ctl,24,6,16.5,132,8,0,3,1,0,5,0,1,1,19,0,0,0,76,366,11,2,27,14,0,0,1,12,6,6,2,41,0,1,168,51,4.184523809523809,17,7,0.01912568306010929,12,0.05191256830601093,14,4.890349128221754,11.489125293076057,198.0,0.6229508196721312,1584,313.5,10331
msb,1,1,1.0,1,0,0,0,0,1,0,0,0,0,0,0,0,0,0,26,0,0,0,0,0,0,2,0,1,1,2,0,0,1,35,5,2.742857142857143,0,0,0.0,0,0.0,0,0.6931471805599453,1.0,0.0,0.0,0,0.0,539
msec_cntr,10,10,10.0,20,2,0,0,0,0,1,0,0,1,0,0,0,0,5,54,1,2,2,0,0,0,0,9,3,2,2,2,0,1,23,8,2.130434782608696,0,2,0.037037037037037035,9,0.0,0,3.044522437723423,4.47213595499958,90.0,0.0,180,0.0,638
mt1,18,8,11.333333333333334,34,3,0,0,2,0,0,0,0,0,0,0,0,0,0,44,0,26,0,0,0,0,1,0,2,2,2,0,0,1,14,28,7.142857142857143,3,0,0.0,0,0.0,0,3.5553480614894135,5.830951894845301,0.0,0.0,0,0.0,768
mu3x1,1,1,1.0,1,0,0,0,0,1,0,0,1,0,0,0,0,0,0,17,1,0,1,0,0,0,0,1,3,1,2,1,0,1,17,4,1.588235294117647,0,1,0.058823529411764705,1,0.0,0,0.6931471805599453,1.0,1.0,0.0,1,0.0,181
mul,32,3,20.61111111111111,371,18,6,11,0,0,1,0,0,0,0,0,0,0,18,63,1,1,1,2,0,0,6,6,5,2,2,3,0,1,37,7,2.864864864864865,0,1,0.015873015873015872,6,0.0,2,5.918893854273146,19.261360284258224,123.66666666666666,0.0,2226,0.0,1495
mul16x16,64,8,18.666666666666668,448,24,1,9,9,0,0,0,0,0,0,0,0,0,2,44,1,3,5,0,0,0,4,5,4,1,2,5,0,1,43,8,2.5348837209302326,0,0,0.0,5,0.0,0,6.1070228877422545,21.166010488516726,93.33333333333334,0.0,2240,0.0,1001
mul2t1,1,1,1.0,1,0,0,0,0,1,0,2,0,0,0,0,0,0,2,20,1,0,1,0,0,0,0,1,2,1,2,1,0,1,17,4,1.8823529411764706,0,2,0.1,1,0.0,0,0.6931471805599453,1.0,1.0,0.0,1,0.0,284
mul3t1,2,2,2.0,2,1,0,0,0,0,0,2,0,0,0,0,0,0,4,22,1,0,0,2,0,0,0,1,2,1,2,2,0,1,22,6,1.9545454545454546,0,2,0.09090909090909091,1,0.0,2,1.0986122886681098,1.4142135623730951,2.0,0.0,2,0.0,384
mul4x4,16,2,3.8260869565217392,88,23,0,1,1,0,0,0,0,0,0,0,0,0,0,23,0,1,0,0,0,0,4,0,2,1,2,0,0,1,27,10,2.5925925925925926,0,0,0.0,0,0.0,0,4.48863636973214,9.38083151964686,0.0,0.0,0,0.0,574
mul8x8,32,4,8.0,184,23,1,1,7,0,0,0,0,0,0,0,0,0,0,23,0,1,0,0,0,0,4,0,2,1,2,0,0,1,27,10,2.5925925925925926,0,0,0.0,0,0.0,0,5.220355825078324,13.564659966250536,0.0,0.0,0,0.0,584
muladd,20,8,14.571428571428571,204,14,0,1,6,0,1,1,1,0,0,0,0,0,6,148,1,30,1,0,0,25,10,13,39,20,2,26,0,1,92,39,4.5,6,3,0.02027027027027027,13,0.0,25,5.3230099791384085,14.2828568570857,189.42857142857142,0.0,2652,0.0,3016
muladdrecfntoraw_premul,78,2,18.115384615384617,1413,78,0,0,0,0,1,4,0,0,15,17,8,2,19,123,0,19,7,0,0,6,73,0,4,19,2,13,0,1,115,73,3.6956521739130435,5,5,0.04065040650406504,16,0.3252032520325203,6,7.254177846456518,37.589892258425,0.0,5.203252032520325,22608,416.6538461538462,6989
muldiv,160,1,19.730027548209367,7162,363,31,16,34,4,2,5,2,0,21,37,0,3,59,501,1,4,57,0,0,119,319,18,10,4,2,176,0,1,399,319,4.345864661654136,16,9,0.017964071856287425,18,0.1157684630738523,119,8.876684166614451,84.62860036654276,355.1404958677686,2.0838323353293413,128916,414.3305785123967,24714
mult,66,2,26.347826086956523,606,23,0,0,1,0,0,0,9,1,8,6,0,0,24,113,3,4,4,2,0,11,14,5,4,5,2,17,0,1,58,14,3.689655172413793,4,10,0.08849557522123894,5,0.12389380530973451,13,6.408528791059498,24.61706725018234,131.73913043478262,0.6194690265486725,3030,210.7826086956522,2806
mult16,32,5,19.6,196,10,2,6,0,0,2,0,0,0,0,0,0,0,1,21,1,0,0,0,1,1,0,2,1,1,2,1,0,1,17,11,2.3529411764705883,1,2,0.09523809523809523,2,0.0,1,5.2832037287379885,14.0,39.2,0.0,392,0.0,507
mult2_to_1_32,32,32,32.0,64,2,2,0,0,0,0,0,0,0,0,0,0,0,0,7,0,1,0,0,0,1,0,0,2,1,2,1,0,1,10,3,1.9,0,0,0.0,0,0.0,1,4.174387269895637,8.0,0.0,0.0,0,0.0,120
mult8x8,16,2,6.636363636363637,73,11,0,2,2,0,0,0,0,0,0,0,0,0,0,36,0,0,7,0,0,0,8,0,2,3,2,7,0,1,51,8,2.0784313725490198,0,0,0.0,0,0.0,0,4.30406509320417,8.54400374531753,0.0,0.0,0,0.0,850
multdiv,1,1,1.0,1,0,0,0,0,1,4,10,2,1,8,13,2,3,30,119,5,6,6,4,0,7,4,5,8,2,2,17,0,1,60,20,4.333333333333333,4,17,0.14285714285714285,9,0.19327731092436976,11,0.6931471805599453,1.0,5.0,1.7394957983193278,9,10.0,3471
multi4,8,4,5.25,21,4,0,0,1,0,0,0,0,1,12,0,0,0,0,62,0,15,0,0,0,0,2,0,2,1,2,0,0,1,47,17,3.3191489361702127,3,1,0.016129032258064516,0,0.1935483870967742,0,3.091042453358316,4.58257569495584,0.0,0.0,0,63.0,1089
multiplex7segdisplay,8,4,6.25,25,4,0,0,2,0,0,0,1,1,0,0,0,0,1,80,2,0,1,2,0,0,0,2,2,2,2,3,0,1,60,18,2.7666666666666666,5,2,0.025,2,0.0,2,3.258096538021482,5.0,12.5,0.0,50,0.0,1880
multiplexer,1,1,1.0,1,0,0,0,0,1,0,19,5,0,0,0,0,0,4,169,5,0,4,8,0,0,0,1,80,1,2,12,0,1,64,38,3.453125,3,24,0.14201183431952663,1,0.0,8,0.6931471805599453,1.0,1.0,0.0,1,0.0,2455
multiplexer2to1,32,32,32.0,96,3,3,0,0,0,0,0,1,1,0,0,0,0,0,29,1,0,1,0,0,0,0,1,3,1,2,1,0,1,16,3,1.4375,0,2,0.06896551724137931,1,0.0,0,4.574710978503383,9.797958971132712,32.0,0.0,96,0.0,223
multiplexers,32,2,26.0,130,5,4,0,0,0,0,0,2,1,0,0,0,0,0,33,2,0,0,4,0,0,0,2,4,2,4,4,0,1,23,8,2.391304347826087,0,3,0.09090909090909091,2,0.0,4,4.875197323201151,11.40175425099138,52.0,0.0,260,0.0,494
multiplexer_2_1,1,1,1.0,1,0,0,0,0,1,0,3,0,1,0,0,0,0,1,33,0,1,0,0,0,1,0,0,3,1,2,1,0,1,14,4,1.9285714285714286,0,4,0.12121212121212122,0,0.0,1,0.6931471805599453,1.0,0.0,0.0,0,0.0,265
multiplexer_3ch,2,2,2.0,2,1,0,0,0,0,0,2,0,0,0,0,0,0,3,9,0,1,0,0,0,3,0,0,2,1,2,3,0,1,14,5,2.0714285714285716,0,2,0.2222222222222222,0,0.0,3,1.0986122886681098,1.4142135623730951,0.0,0.0,0,0.0,306
multiplexer_5ch,3,3,3.0,3,1,0,0,0,0,0,2,0,0,0,0,0,0,5,13,0,1,0,0,0,5,0,0,2,1,2,5,0,1,16,7,2.3125,0,2,0.15384615384615385,0,0.0,5,1.3862943611198906,1.7320508075688772,0.0,0.0,0,0.0,410
multiplexor,8,2,6.0,18,3,0,0,2,0,0,0,0,1,0,0,0,0,3,32,0,1,0,0,0,3,0,0,2,1,2,3,0,1,16,5,1.9375,0,1,0.03125,0,0.0,3,2.9444389791664403,4.242640687119285,0.0,0.0,0,0.0,279
multiplication,1,1,1.0,1,0,0,0,0,1,6,54,46,1,118,60,57,0,61,255,1,2,3,0,0,3,0,55,7,6,2,6,0,1,125,68,6.12,5,107,0.4196078431372549,169,0.9215686274509803,3,0.6931471805599453,1.0,55.0,155.7450980392157,169,175.0,11648
multiplier,64,6,35.9,359,10,4,0,0,0,2,1,0,1,2,0,0,0,5,30,1,4,1,0,0,4,2,2,2,2,2,5,0,1,27,9,2.3333333333333335,0,4,0.13333333333333333,2,0.06666666666666667,4,5.886104031450156,18.947295321496416,71.8,0.13333333333333333,718,71.8,502
multiplierdivider_1210708,1,1,1.0,1,0,0,0,0,1,1,0,2,1,0,0,0,0,1,13,1,0,1,0,0,0,0,1,2,1,2,1,0,1,17,3,1.5294117647058822,0,4,0.3076923076923077,1,0.0,0,0.6931471805599453,1.0,1.0,0.0,1,0.0,276
multiplier_16b,32,14,18.0,108,6,1,2,0,0,0,0,0,1,0,0,0,0,0,604,0,2,0,0,0,0,5,0,528,2,2,0,0,1,303,258,8.435643564356436,53,1,0.0016556291390728477,0,0.0,0,4.6913478822291435,10.392304845413264,0.0,0.0,0,0.0,25271
multiplier_8816,16,8,10.666666666666666,32,3,0,1,2,0,0,0,1,0,0,0,0,0,0,12,0,1,0,0,0,0,0,0,2,1,2,0,0,1,9,3,1.7777777777777777,0,1,0.08333333333333333,0,0.0,0,3.4965075614664802,5.656854249492381,0.0,0.0,0,0.0,161
multiplier_8bit,16,7,8.066666666666666,121,15,0,1,7,0,0,0,0,0,0,0,0,0,0,44,0,3,0,0,0,0,4,0,1,1,2,0,0,1,34,21,3.911764705882353,3,0,0.0,0,0.0,0,4.804021044733257,11.0,0.0,0.0,0,0.0,990
multiplier_8bit_reg,16,8,12.0,48,4,0,2,2,0,0,0,0,0,0,0,0,0,0,30,0,3,0,0,0,0,4,7,3,1,2,0,0,1,29,5,2.2758620689655173,0,0,0.0,7,0.0,0,3.8918202981106265,6.928203230275509,84.0,0.0,336,0.0,464
multiplier_column1_p16,208,13,18.571428571428573,650,35,0,0,0,0,0,0,0,0,0,0,328,0,0,431,0,379,0,0,0,0,2,0,1,1,2,0,0,1,233,485,7.360515021459228,11,0,0.0,656,0.7610208816705336,0,6.478509642208569,25.495097567963924,0.0,499.22969837587004,426400,6091.428571428572,11159
multiplier_column1_p32,416,13,34.21052631578947,650,19,0,0,0,0,0,0,0,0,0,0,73,0,0,201,0,162,0,0,0,0,2,0,1,1,2,0,0,1,122,162,5.647540983606557,3,0,0.0,146,0.36318407960199006,0,6.478509642208569,25.495097567963924,0.0,53.02487562189055,94900,2497.3684210526317,4394
multiplier_column2_p16,208,13,18.571428571428573,650,35,0,0,0,0,0,0,0,0,0,0,483,0,0,463,0,417,0,0,0,0,2,0,1,1,2,0,0,1,233,591,8.515021459227468,3,0,0.0,966,1.043196544276458,0,6.478509642208569,25.495097567963924,0.0,1007.7278617710583,627900,8970.0,12866
multiplier_column2_p32,416,13,34.21052631578947,650,19,0,0,0,0,0,0,0,0,0,0,151,0,0,225,0,191,0,0,0,0,2,0,1,1,2,0,0,1,121,219,7.0578512396694215,3,0,0.0,302,0.6711111111111111,0,6.478509642208569,25.495097567963924,0.0,202.67555555555555,196300,5165.78947368421,5387
multiplier_column3_p16,208,13,18.571428571428573,650,35,0,0,0,0,0,0,0,0,0,0,518,0,0,488,0,439,0,0,0,0,2,0,1,1,2,0,0,1,240,594,8.716666666666667,3,0,0.0,1036,1.0614754098360655,0,6.478509642208569,25.495097567963924,0.0,1099.6885245901638,673400,9620.0,13625
multiplier_column3_p32,416,13,34.21052631578947,650,19,0,0,0,0,0,0,0,0,0,0,164,0,0,238,0,202,0,0,0,0,2,0,1,1,2,0,0,1,121,210,7.43801652892562,3,0,0.0,328,0.6890756302521008,0,6.478509642208569,25.495097567963924,0.0,226.01680672268907,213200,5610.526315789473,5680
multiplier_column4_p16,208,13,18.571428571428573,650,35,0,0,0,0,0,0,0,0,0,0,429,0,0,499,0,451,0,0,0,0,2,0,1,1,2,0,0,1,252,479,8.13888888888889,3,0,0.0,858,0.8597194388777555,0,6.478509642208569,25.495097567963924,0.0,737.6392785571142,557700,7967.142857142858,13522
multiplier_column4_p32,416,13,34.21052631578947,650,19,0,0,0,0,0,0,0,0,0,0,186,0,0,247,0,213,0,0,0,0,2,0,1,1,2,0,0,1,121,216,7.892561983471074,3,0,0.0,372,0.7530364372469636,0,6.478509642208569,25.495097567963924,0.0,280.12955465587044,241800,6363.157894736842,6023
multiplier_column5_p16,208,13,18.571428571428573,650,35,0,0,0,0,0,0,0,0,0,0,295,0,0,497,0,448,0,0,0,0,2,0,1,1,2,0,0,1,249,448,7.650602409638554,3,0,0.0,590,0.5935613682092555,0,6.478509642208569,25.495097567963924,0.0,350.2012072434608,383500,5478.571428571429,12768
multiplier_column5_p32,416,13,34.21052631578947,650,19,0,0,0,0,0,0,0,0,0,0,156,0,0,259,0,223,0,0,0,0,2,0,1,1,2,0,0,1,128,223,7.515625,3,0,0.0,312,0.6023166023166023,0,6.478509642208569,25.495097567963924,0.0,187.92277992277994,202800,5336.8421052631575,6140
multiplier_column6_p16,208,13,18.571428571428573,650,35,0,0,0,0,0,0,0,0,0,0,316,0,0,488,0,442,0,0,0,0,2,0,1,1,2,0,0,1,243,442,7.827160493827161,3,0,0.0,632,0.6475409836065574,0,6.478509642208569,25.495097567963924,0.0,409.2459016393443,410800,5868.571428571429,12666
multiplier_column6_p32,416,13,34.21052631578947,650,19,0,0,0,0,0,0,0,0,0,0,166,0,0,258,0,225,0,0,0,0,2,0,1,1,2,0,0,1,130,225,7.538461538461538,3,0,0.0,332,0.6434108527131783,0,6.478509642208569,25.495097567963924,0.0,213.6124031007752,215800,5678.9473684210525,6247
multiplier_column7_p16,208,13,18.571428571428573,650,35,0,0,0,0,0,0,0,0,0,0,340,0,0,504,0,456,0,0,0,0,2,0,1,1,2,0,0,1,257,456,7.712062256809339,3,0,0.0,680,0.6746031746031746,0,6.478509642208569,25.495097567963924,0.0,458.73015873015873,442000,6314.285714285715,13236
multiplier_column7_p32,416,13,34.21052631578947,650,19,0,0,0,0,0,0,0,0,0,0,175,0,0,261,0,228,0,0,0,0,2,0,1,1,2,0,0,1,133,228,7.526315789473684,3,0,0.0,350,0.6704980842911877,0,6.478509642208569,25.495097567963924,0.0,234.6743295019157,227500,5986.8421052631575,6396
multiplier_column8_p16,208,13,18.571428571428573,650,35,0,0,0,0,0,0,0,0,0,0,363,0,0,505,0,455,0,0,0,0,2,0,1,1,2,0,0,1,256,455,7.81640625,3,0,0.0,726,0.7188118811881188,0,6.478509642208569,25.495097567963924,0.0,521.8574257425743,471900,6741.428571428572,13322
multiplier_column8_p32,416,13,34.21052631578947,650,19,0,0,0,0,0,0,0,0,0,0,195,0,0,262,0,228,0,0,0,0,2,0,1,1,2,0,0,1,133,228,7.676691729323308,3,0,0.0,390,0.7442748091603053,0,6.478509642208569,25.495097567963924,0.0,290.2671755725191,253500,6671.0526315789475,6490
multiplier_float,1,1,1.0,1,0,0,0,0,1,15,37,11,1,0,4,1,1,16,155,5,0,11,0,0,0,0,12,4,2,2,11,0,1,44,17,5.5227272727272725,7,64,0.4129032258064516,14,0.03225806451612903,0,0.6931471805599453,1.0,12.0,0.45161290322580644,14,1.0,2817
multiplier_test,8,8,8.0,16,2,0,0,2,0,1,0,1,0,0,0,0,0,0,12,0,1,0,0,0,0,0,0,1,1,2,0,0,1,10,3,1.6,0,2,0.16666666666666666,0,0.0,0,2.833213344056216,4.0,0.0,0.0,0,0.0,121
multiply,1,1,1.0,1,0,0,0,0,1,5,6,0,0,0,0,0,0,2,52,1,1,6,0,1,2,3,1,3,1,2,8,0,1,39,11,2.6666666666666665,1,11,0.21153846153846154,1,0.0,2,0.6931471805599453,1.0,1.0,0.0,1,0.0,1039
multiplysmall,180,4,78.375,627,8,2,0,0,0,4,54,3,2,8,4,1,1,40,85,1,1,5,2,0,4,6,4,5,2,2,11,0,1,39,34,4.589743589743589,3,63,0.7411764705882353,6,0.15294117647058825,6,6.4425401664681985,25.03996805109783,313.5,0.9176470588235295,3762,705.375,2203
multiply_11,16,8,8.727272727272727,96,11,0,1,10,0,31,24,1,0,8,0,0,7,14,39,1,0,0,0,0,0,0,9,2,1,2,0,0,1,28,9,2.75,0,56,1.435897435897436,9,0.20512820512820512,0,4.574710978503383,9.797958971132712,78.54545454545453,1.846153846153846,864,69.81818181818181,822
multi_seven_seg_2,24,4,11.666666666666666,35,3,0,0,0,0,1,6,2,0,0,0,0,0,0,46,1,0,0,0,0,0,3,4,3,2,2,0,0,1,38,4,1.736842105263158,0,9,0.1956521739130435,4,0.0,0,3.58351893845611,5.916079783099616,46.666666666666664,0.0,140,0.0,810
mult_16_8,24,8,16.0,80,5,0,1,2,0,7,0,0,1,0,0,0,0,0,30,0,9,0,0,0,8,4,0,2,1,2,8,0,1,13,23,6.153846153846154,2,8,0.26666666666666666,0,0.0,8,4.394449154672439,8.94427190999916,0.0,0.0,0,0.0,715
mult_16_9,25,9,16.8,84,5,0,1,0,0,8,0,0,1,0,0,0,0,0,30,0,10,0,0,0,9,1,0,2,1,2,9,0,1,13,26,6.538461538461538,2,9,0.3,0,0.0,9,4.442651256490317,9.16515138991168,0.0,0.0,0,0.0,739
mult_8_8,16,8,14.545454545454545,160,11,0,9,2,0,7,0,0,1,0,0,0,0,0,39,0,9,0,0,0,8,11,0,2,1,2,8,0,1,20,23,4.7,2,8,0.20512820512820512,0,0.0,8,5.081404364984463,12.649110640673518,0.0,0.0,0,0.0,733
mult_control,3,2,2.5,10,4,0,0,0,0,0,0,1,1,8,0,0,0,11,125,2,1,14,2,0,0,0,9,8,3,2,16,0,1,50,16,4.1,4,2,0.016,9,0.064,2,2.3978952727983707,3.1622776601683795,22.5,0.5760000000000001,90,20.0,2099
mult_e5n,16,8,11.428571428571429,80,7,0,3,4,0,0,0,1,1,0,0,0,0,0,50,0,4,0,0,0,0,12,0,2,1,2,0,0,1,15,4,2.2666666666666666,0,2,0.04,0,0.0,0,4.394449154672439,8.94427190999916,0.0,0.0,0,0.0,412
mult_unsigned,1,1,1.0,1,0,0,0,0,1,9,14,4,1,0,0,0,0,6,63,3,1,4,0,0,1,1,3,3,1,2,5,0,1,35,14,3.2285714285714286,1,28,0.4444444444444444,3,0.0,1,0.6931471805599453,1.0,3.0,0.0,3,0.0,972
mult_unsigned_pipe,1,1,1.0,1,0,0,0,0,1,17,27,3,1,0,0,0,0,21,96,8,0,6,0,0,1,0,8,6,2,4,7,0,1,36,26,6.194444444444445,5,48,0.5,8,0.0,1,0.6931471805599453,1.0,8.0,0.0,8,0.0,1976
mul_16x16,32,8,14.620689655172415,424,29,1,13,11,0,0,0,0,0,0,0,0,0,0,43,1,6,0,0,0,0,4,1,3,1,2,0,0,1,40,7,2.55,0,0,0.0,1,0.0,0,6.052089168924417,20.591260281974,14.620689655172415,0.0,424,0.0,798
mul_2,1,1,1.0,1,0,0,0,0,1,0,3,0,0,0,0,0,0,0,11,0,1,0,0,0,1,4,0,3,1,2,1,0,1,13,4,1.9230769230769231,0,3,0.2727272727272727,0,0.0,1,0.6931471805599453,1.0,0.0,0.0,0,0.0,219
mul_26b,52,26,31.2,156,5,0,0,0,0,0,0,2,0,0,0,0,0,0,18,1,2,0,0,0,0,0,1,2,2,2,0,0,1,16,4,1.875,0,2,0.1111111111111111,1,0.0,0,5.056245805348308,12.489995996796797,31.2,0.0,156,0.0,340
mul_2x2,4,2,3.0,12,4,0,0,0,0,0,0,0,0,4,0,0,0,0,22,1,4,0,0,0,0,1,1,2,1,2,0,0,1,22,9,2.3636363636363638,0,0,0.0,1,0.18181818181818182,0,2.5649493574615367,3.4641016151377544,3.0,0.18181818181818182,12,12.0,438
mul_4x4,8,2,3.6551724137931036,106,29,0,0,1,0,0,0,0,0,0,0,0,0,0,39,1,6,0,0,0,0,4,1,3,1,2,0,0,1,41,6,2.4878048780487805,0,0,0.0,1,0.0,0,4.672828834461906,10.295630140987,3.6551724137931036,0.0,106,0.0,767
mul_8x8,16,4,7.285714285714286,204,28,0,1,12,0,0,0,0,0,0,0,0,0,0,40,1,6,0,0,0,0,4,1,2,1,2,0,0,1,41,6,2.4634146341463414,0,0,0.0,1,0.0,0,5.3230099791384085,14.2828568570857,7.285714285714286,0.0,204,0.0,780
mul_add,1,1,1.0,1,0,0,0,0,1,29,9,10,14,15,11,10,0,31,33,0,0,0,0,0,17,0,0,0,0,0,17,0,1,90,13,2.2444444444444445,1,62,1.878787878787879,20,1.0909090909090908,17,0.6931471805599453,1.0,0.0,21.818181818181817,20,25.0,4233
mul_int8,85,3,13.5,486,36,0,0,2,0,1,0,1,1,0,0,0,0,0,111,1,7,0,0,0,0,19,5,2,1,2,0,0,1,52,19,3.0576923076923075,2,3,0.02702702702702703,5,0.0,0,6.18826412308259,22.045407685048602,67.5,0.0,2430,0.0,1757
mul_normalizer,22,5,12.0,72,6,0,0,0,0,1,0,0,0,0,0,0,0,0,16,0,3,0,0,0,2,2,0,2,1,2,2,0,1,13,5,2.1538461538461537,0,1,0.0625,0,0.0,2,4.290459441148391,8.48528137423857,0.0,0.0,0,0.0,401
mul_step1,32,8,18.666666666666668,168,9,2,0,4,0,0,0,0,0,0,0,0,0,0,30,0,4,0,0,0,0,0,0,2,6,2,0,0,1,22,6,2.409090909090909,0,0,0.0,0,0.0,0,5.1298987149230735,12.96148139681572,0.0,0.0,0,0.0,521
mul_step2,8,1,5.2,26,5,0,0,3,2,0,0,2,0,0,0,1,0,0,35,2,1,0,0,0,0,2,2,5,4,2,0,0,1,23,5,2.608695652173913,0,2,0.05714285714285714,4,0.02857142857142857,0,3.295836866004329,5.0990195135927845,10.4,0.11428571428571428,104,5.2,594
music,16,10,15.0,90,6,0,5,0,0,0,0,0,1,0,0,0,0,0,175,0,0,4,0,0,0,5,1,5,2,2,4,0,1,61,16,1.819672131147541,2,1,0.005714285714285714,1,0.0,0,4.51085950651685,9.486832980505138,15.0,0.0,90,0.0,1624
music_note,20,3,10.0,30,3,0,0,0,0,46,0,8,1,0,0,0,0,62,171,1,0,8,0,0,54,8,1,3,1,2,62,0,1,135,55,3.274074074074074,3,55,0.3216374269005848,1,0.0,54,3.4339872044851463,5.477225575051661,10.0,0.0,30,0.0,5505
mux,2,2,2.0,2,1,0,0,0,0,0,8,2,0,0,0,0,0,5,31,2,0,0,2,0,1,0,2,8,2,4,3,0,1,24,10,3.0416666666666665,0,10,0.3225806451612903,2,0.0,3,1.0986122886681098,1.4142135623730951,4.0,0.0,4,0.0,756
mux1,32,32,32.0,64,2,2,0,0,0,0,0,0,0,0,0,0,0,1,9,0,1,0,0,0,1,0,0,2,1,2,1,0,1,11,2,1.4545454545454546,0,0,0.0,0,0.0,1,4.174387269895637,8.0,0.0,0.0,0,0.0,125
mux128_1,6,6,6.0,6,1,0,0,0,0,0,0,1,1,0,0,0,0,0,182,1,0,0,2,0,0,0,1,2,1,2,2,0,1,270,130,2.437037037037037,1,2,0.01098901098901099,1,0.0,2,1.9459101490553132,2.449489742783178,6.0,0.0,6,0.0,4320
mux128_11,11,6,9.333333333333334,28,3,0,0,0,0,0,0,1,1,0,0,0,0,0,179,1,0,0,2,0,0,0,1,2,1,2,2,0,1,270,130,2.437037037037037,1,2,0.0111731843575419,1,0.0,2,3.367295829986474,5.291502622129181,9.333333333333334,0.0,28,0.0,4332
mux128_12,12,6,10.0,30,3,0,0,0,0,0,0,1,1,0,0,0,0,0,180,1,0,0,2,0,0,0,1,2,1,2,2,0,1,270,130,2.437037037037037,1,2,0.011111111111111112,1,0.0,2,3.4339872044851463,5.477225575051661,10.0,0.0,30,0.0,4333
mux128_16,16,6,12.666666666666666,38,3,0,2,0,0,0,0,1,1,0,0,0,0,0,181,1,0,0,2,0,0,0,1,2,1,2,2,0,1,270,130,2.437037037037037,1,2,0.011049723756906077,1,0.0,2,3.6635616461296463,6.164414002968976,12.666666666666666,0.0,38,0.0,4334
mux128_32,32,6,23.333333333333332,70,3,2,0,0,0,0,0,1,1,0,0,0,0,0,182,1,0,0,2,0,0,0,1,2,1,2,2,0,1,270,130,2.437037037037037,1,2,0.01098901098901099,1,0.0,2,4.2626798770413155,8.366600265340756,23.333333333333332,0.0,70,0.0,4335
mux16,16,4,10.0,40,4,0,2,0,0,0,0,0,1,0,0,0,0,0,35,0,1,0,0,0,0,3,0,2,1,2,0,0,1,11,4,2.090909090909091,0,1,0.02857142857142857,0,0.0,0,3.713572066704308,6.324555320336759,0.0,0.0,0,0.0,207
mux2,32,32,32.0,64,2,2,0,0,0,0,0,0,0,0,0,0,0,0,7,0,1,0,0,0,1,3,0,2,1,2,1,0,1,11,3,1.6363636363636365,0,0,0.0,0,0.0,1,4.174387269895637,8.0,0.0,0.0,0,0.0,115
mux21,1,1,1.0,1,0,0,0,0,1,0,0,0,0,0,0,0,0,0,30,0,0,0,0,0,0,3,0,4,4,8,0,0,1,25,12,3.84,2,0,0.0,0,0.0,0,0.6931471805599453,1.0,0.0,0.0,0,0.0,412
mux2inputs,16,16,16.0,48,3,0,3,0,0,0,0,0,0,0,0,0,0,1,10,0,1,0,0,0,1,0,0,4,1,2,1,0,1,10,3,2.0,0,0,0.0,0,0.0,1,3.8918202981106265,6.928203230275509,0.0,0.0,0,0.0,143
mux2t1_32,32,32,32.0,96,3,3,0,0,0,0,0,0,1,0,0,0,0,0,31,0,1,0,0,0,1,0,0,3,1,2,1,0,1,11,3,1.5454545454545454,0,1,0.03225806451612903,0,0.0,1,4.574710978503383,9.797958971132712,0.0,0.0,0,0.0,173
mux2to1,32,32,32.0,64,2,2,0,0,0,0,0,0,0,0,0,0,0,0,16,0,1,0,0,0,1,0,0,8,1,2,1,0,1,10,3,1.9,0,0,0.0,0,0.0,1,4.174387269895637,8.0,0.0,0.0,0,0.0,172
mux2to1b32,32,32,32.0,96,3,3,0,0,0,0,0,0,1,0,0,0,0,0,31,0,1,0,0,0,1,0,0,3,1,2,1,0,1,11,3,1.5454545454545454,0,1,0.03225806451612903,0,0.0,1,4.574710978503383,9.797958971132712,0.0,0.0,0,0.0,170
mux2to1_32bit,32,32,32.0,64,2,2,0,0,0,0,0,0,0,0,0,0,0,0,8,0,1,0,0,0,1,0,0,2,1,2,1,0,1,10,3,1.9,0,0,0.0,0,0.0,1,4.174387269895637,8.0,0.0,0.0,0,0.0,124
mux2to1_64b,64,64,64.0,128,2,0,0,0,0,0,0,0,0,0,0,0,0,1,11,0,1,0,0,0,1,0,0,2,1,2,1,0,1,11,3,1.8181818181818181,0,0,0.0,0,0.0,1,4.859812404361672,11.313708498984761,0.0,0.0,0,0.0,146
mux2x1,1,1,1.0,1,0,0,0,0,1,0,0,1,1,0,0,0,0,1,37,1,0,1,0,0,0,0,1,3,1,2,1,0,1,16,3,1.4375,0,2,0.05405405405405406,1,0.0,0,0.6931471805599453,1.0,1.0,0.0,1,0.0,217
mux2x1_5b,5,5,5.0,10,2,0,0,0,0,0,0,0,1,0,0,0,0,0,31,0,1,0,0,0,1,0,0,2,1,2,1,0,1,11,3,1.8181818181818181,0,1,0.03225806451612903,0,0.0,1,2.3978952727983707,3.1622776601683795,0.0,0.0,0,0.0,253
mux2x1_nbit,1,1,1.0,1,0,0,0,0,1,0,3,1,1,0,0,0,0,1,32,1,0,1,0,0,0,0,1,3,1,2,1,0,1,18,4,1.5555555555555556,0,5,0.15625,1,0.0,0,0.6931471805599453,1.0,1.0,0.0,1,0.0,236
mux2_1,1,1,1.0,1,0,0,0,0,1,0,2,0,1,0,0,0,0,0,20,0,1,0,0,0,1,0,0,2,1,2,1,0,1,13,3,1.8461538461538463,0,3,0.15,0,0.0,1,0.6931471805599453,1.0,0.0,0.0,0,0.0,211
mux2_15bit,15,15,15.0,45,3,0,0,0,0,0,0,0,0,0,0,0,0,0,10,0,1,0,0,0,1,0,0,3,1,2,1,0,1,10,3,2.0,0,0,0.0,0,0.0,1,3.828641396489095,6.708203932499369,0.0,0.0,0,0.0,195
mux2_32bit,32,32,32.0,64,2,2,0,0,0,0,0,0,0,0,0,0,0,0,10,0,1,0,0,0,1,0,0,2,1,2,1,0,1,10,3,1.9,0,0,0.0,0,0.0,1,4.174387269895637,8.0,0.0,0.0,0,0.0,179
mux2_4,32,2,22.0,66,3,2,0,0,0,0,0,1,0,0,0,0,0,0,15,1,0,0,2,0,0,2,1,2,1,2,2,0,1,22,6,1.7727272727272727,0,1,0.06666666666666667,1,0.0,2,4.204692619390966,8.12403840463596,22.0,0.0,66,0.0,310
mux2_5bit,5,5,5.0,10,2,0,0,0,0,0,0,0,0,0,0,0,0,0,10,0,1,0,0,0,1,0,0,2,1,2,1,0,1,10,3,1.9,0,0,0.0,0,0.0,1,2.3978952727983707,3.1622776601683795,0.0,0.0,0,0.0,176
mux2_to_1,16,16,16.0,64,4,0,4,0,0,0,0,1,0,0,0,0,0,3,21,1,0,0,2,0,0,0,1,9,1,2,2,0,1,17,6,2.1176470588235294,0,1,0.047619047619047616,1,0.0,2,4.174387269895637,8.0,16.0,0.0,64,0.0,303
mux3,32,2,26.0,130,5,4,0,0,0,0,0,1,0,0,0,0,0,0,22,1,0,0,2,0,0,4,1,4,1,2,2,0,1,22,5,1.6363636363636365,0,1,0.045454545454545456,1,0.0,2,4.875197323201151,11.40175425099138,26.0,0.0,130,0.0,395
mux32,32,32,32.0,64,2,2,0,0,0,0,0,0,0,0,0,0,0,0,14,0,1,0,0,0,1,0,0,2,1,2,1,0,1,10,3,1.9,0,0,0.0,0,0.0,1,4.174387269895637,8.0,0.0,0.0,0,0.0,211
mux32bit2to1,32,32,32.0,96,3,3,0,0,0,0,0,1,1,0,0,0,0,0,32,1,0,1,0,0,0,0,1,3,1,2,1,0,1,16,4,1.9375,0,2,0.0625,1,0.0,0,4.574710978503383,9.797958971132712,32.0,0.0,96,0.0,288
mux32_1,16,5,15.676470588235293,533,34,0,33,0,0,0,0,1,0,0,0,0,0,0,130,1,0,0,2,0,0,0,1,33,1,2,2,0,1,75,34,2.7466666666666666,2,1,0.007692307692307693,1,0.0,2,6.280395838960195,23.08679276123039,15.676470588235293,0.0,533,0.0,2541
mux3to1,32,2,26.0,130,5,4,0,0,0,0,0,0,0,0,0,0,0,2,10,0,1,0,0,0,2,1,0,4,1,2,2,0,1,12,4,1.75,0,0,0.0,0,0.0,2,4.875197323201151,11.40175425099138,0.0,0.0,0,0.0,175
mux3to1_32bit,32,2,22.0,66,3,2,0,0,0,0,0,1,0,0,0,0,0,7,13,1,0,3,0,0,0,0,1,2,1,2,3,0,1,16,6,2.25,0,1,0.07692307692307693,1,0.0,0,4.204692619390966,8.12403840463596,22.0,0.0,66,0.0,231
mux3x1,32,2,22.0,66,3,2,0,0,0,0,0,0,1,0,0,1,0,0,34,0,1,0,0,0,2,0,0,2,1,2,2,0,1,12,5,2.0833333333333335,0,1,0.029411764705882353,2,0.029411764705882353,2,4.204692619390966,8.12403840463596,0.0,0.058823529411764705,132,22.0,351
mux3_8,32,3,22.333333333333332,67,3,2,0,0,0,0,0,1,0,0,0,0,0,0,19,1,0,0,2,0,0,2,1,2,1,2,2,0,1,30,10,1.9666666666666666,0,1,0.05263157894736842,1,0.0,2,4.219507705176107,8.18535277187245,22.333333333333332,0.0,67,0.0,450
mux4,2,2,2.0,2,1,0,0,0,0,0,2,0,1,0,0,0,0,0,13,0,1,0,0,0,3,0,0,2,1,2,3,0,1,15,4,1.7333333333333334,0,3,0.23076923076923078,0,0.0,3,1.0986122886681098,1.4142135623730951,0.0,0.0,0,0.0,235
mux41,2,2,2.0,2,1,0,0,0,0,0,0,1,0,0,0,0,0,0,21,1,0,0,2,0,0,0,1,5,1,2,2,0,1,23,6,1.608695652173913,0,1,0.047619047619047616,1,0.0,2,1.0986122886681098,1.4142135623730951,2.0,0.0,2,0.0,338
mux4t1_32,32,2,22.0,66,3,2,0,0,0,0,0,0,1,4,3,0,0,4,39,0,1,0,0,0,0,4,0,2,1,2,0,0,1,22,5,1.7727272727272727,0,1,0.02564102564102564,0,0.1794871794871795,0,4.204692619390966,8.12403840463596,0.0,0.0,0,88.0,384
mux4to1,2,2,2.0,2,1,0,0,0,0,0,2,0,0,0,0,0,0,4,12,0,1,0,0,0,4,0,0,2,1,2,4,0,1,19,6,2.0,0,2,0.16666666666666666,0,0.0,4,1.0986122886681098,1.4142135623730951,0.0,0.0,0,0.0,375
mux4to1b32,32,2,27.0,162,6,5,0,0,0,0,0,1,1,0,0,0,0,0,40,1,0,0,2,0,0,0,1,5,1,2,2,0,1,23,6,1.6521739130434783,0,2,0.05,1,0.0,2,5.093750200806762,12.727922061357855,27.0,0.0,162,0.0,326
mux4to1_32bit,32,2,22.0,66,3,2,0,0,0,0,0,0,0,0,0,0,0,3,8,0,1,0,0,0,3,0,0,2,1,2,3,0,1,12,5,2.25,0,0,0.0,0,0.0,3,4.204692619390966,8.12403840463596,0.0,0.0,0,0.0,180
mux4to1_64b,64,2,43.333333333333336,130,3,0,0,0,0,0,0,0,0,0,0,0,0,3,13,0,1,0,0,0,3,0,0,2,1,2,3,0,1,15,5,2.0,0,0,0.0,0,0.0,3,4.875197323201151,11.40175425099138,0.0,0.0,0,0.0,232
mux4x1,2,2,2.0,2,1,0,0,0,0,0,3,0,0,0,0,0,0,0,12,0,0,0,0,0,0,1,0,2,1,2,0,0,1,21,7,2.2857142857142856,0,3,0.25,0,0.0,0,1.0986122886681098,1.4142135623730951,0.0,0.0,0,0.0,340
mux4x1_us_decode_tribuf,4,4,4.0,8,2,0,0,0,0,0,0,0,1,4,0,0,0,0,42,0,5,4,0,0,0,0,0,2,2,2,4,0,1,19,10,3.1052631578947367,0,1,0.023809523809523808,0,0.09523809523809523,0,2.1972245773362196,2.8284271247461903,0.0,0.0,0,16.0,371
mux4_1,2,2,2.0,2,1,0,0,0,0,0,2,1,1,0,0,0,0,0,32,1,0,0,2,0,0,0,1,2,1,2,2,0,1,25,7,1.8,0,4,0.125,1,0.0,2,1.0986122886681098,1.4142135623730951,2.0,0.0,2,0.0,430
mux4_4bus,4,3,3.9,39,10,0,0,0,0,0,0,0,1,0,0,0,0,7,40,0,1,0,0,0,7,0,0,9,1,2,7,0,1,17,9,2.411764705882353,0,1,0.025,0,0.0,7,3.6888794541139363,6.244997998398398,0.0,0.0,0,0.0,429
mux4_to_1,16,2,14.0,98,7,0,6,0,0,0,0,1,0,0,0,0,0,5,25,1,0,0,2,0,0,0,1,17,1,2,2,0,1,23,8,2.347826086956522,0,1,0.04,1,0.0,2,4.59511985013459,9.899494936611665,14.0,0.0,98,0.0,449
mux5bits,5,2,4.0,12,3,0,0,0,0,0,0,1,0,0,0,0,0,0,14,1,0,0,2,0,0,0,1,2,1,2,2,0,1,20,6,1.7,0,1,0.07142857142857142,1,0.0,2,2.5649493574615367,3.4641016151377544,4.0,0.0,12,0.0,253
mux64,64,64,64.0,192,3,0,0,0,0,0,0,1,1,0,0,0,0,0,19,1,0,2,0,0,0,0,1,4,1,2,2,0,1,17,4,1.8235294117647058,0,2,0.10526315789473684,1,0.0,0,5.262690188904886,13.856406460551018,64.0,0.0,192,0.0,302
mux64x4,64,2,53.666666666666664,322,6,0,0,0,0,0,0,1,1,0,0,0,0,0,25,1,0,1,2,0,0,0,1,6,1,2,3,0,1,25,6,1.72,0,2,0.08,1,0.0,2,5.777652323222656,17.944358444926362,53.666666666666664,0.0,322,0.0,458
mux8,32,3,22.333333333333332,67,3,2,0,0,0,0,0,1,0,0,0,0,0,0,20,1,0,0,2,0,0,0,1,2,1,2,2,0,1,29,10,1.9655172413793103,0,1,0.05,1,0.0,2,4.219507705176107,8.18535277187245,22.333333333333332,0.0,67,0.0,289
mux8t1_32,32,3,22.333333333333332,67,3,2,0,0,0,0,0,0,1,8,7,0,0,8,27,0,1,0,0,0,0,8,0,2,1,2,0,0,1,34,9,1.9705882352941178,0,1,0.037037037037037035,0,0.5555555555555556,0,4.219507705176107,8.18535277187245,0.0,0.0,0,178.66666666666666,620
mux8to1,8,3,5.5,11,2,0,0,1,0,0,0,0,0,0,0,0,0,7,45,1,0,7,0,0,0,3,1,2,1,2,7,0,1,25,10,2.64,0,0,0.0,1,0.0,0,2.4849066497880004,3.3166247903554,5.5,0.0,11,0.0,583
mux8to1_1210708,3,3,3.0,3,1,0,0,0,0,9,0,1,0,0,0,0,0,0,28,1,0,0,2,0,0,0,1,9,1,2,2,0,1,32,10,2.34375,0,10,0.35714285714285715,1,0.0,2,1.3862943611198906,1.7320508075688772,3.0,0.0,3,0.0,631
mux8x1_16bit,16,3,4.589743589743589,179,39,0,2,0,0,0,0,0,0,0,0,0,0,0,15,0,0,0,0,0,0,0,0,2,1,2,0,0,1,20,5,3.2,0,0,0.0,0,0.0,0,5.19295685089021,13.379088160259652,0.0,0.0,0,0.0,566
mux8x1_1bit,3,3,3.0,3,1,0,0,0,0,0,0,0,0,0,0,0,0,0,24,0,0,0,0,0,0,0,0,2,1,2,0,0,1,41,16,2.317073170731707,1,0,0.0,0,0.0,0,1.3862943611198906,1.7320508075688772,0.0,0.0,0,0.0,568
mux8x1_4bit,4,3,3.6666666666666665,11,3,0,0,0,0,0,0,0,0,0,0,0,0,0,15,0,0,0,0,0,0,0,0,2,1,2,0,0,1,20,5,3.2,0,0,0.0,0,0.0,0,2.4849066497880004,3.3166247903554,0.0,0.0,0,0.0,459
muxend,9,9,9.0,18,2,0,0,0,0,0,0,1,0,0,0,0,0,0,13,1,0,0,2,0,0,0,1,2,1,2,2,0,1,17,4,1.588235294117647,0,1,0.07692307692307693,1,0.0,2,2.9444389791664403,4.242640687119285,9.0,0.0,18,0.0,197
mux_13_2to1,13,13,13.0,39,3,0,0,0,0,0,0,0,0,0,0,0,0,0,11,0,1,0,0,0,1,1,0,2,1,2,1,0,1,11,4,1.9090909090909092,0,0,0.0,0,0.0,1,3.6888794541139363,6.244997998398398,0.0,0.0,0,0.0,129
mux_16_4,16,16,16.0,144,9,0,9,0,0,0,0,0,0,0,0,0,0,0,52,0,0,0,0,0,0,4,0,8,6,12,0,0,1,35,18,4.485714285714286,2,0,0.0,0,0.0,0,4.976733742420574,12.0,0.0,0.0,0,0.0,743
mux_16_8,16,16,16.0,208,13,0,13,0,0,0,0,0,0,0,0,0,0,0,60,0,0,0,0,0,0,5,0,10,7,14,0,0,1,41,21,5.219512195121951,5,0,0.0,0,0.0,0,5.342334251964811,14.422205101855956,0.0,0.0,0,0.0,994
mux_2,16,16,16.0,32,2,0,2,0,0,0,0,1,1,0,0,0,0,3,36,1,0,1,0,0,0,0,1,2,1,2,1,0,1,17,4,1.588235294117647,0,2,0.05555555555555555,1,0.0,0,3.4965075614664802,5.656854249492381,16.0,0.0,32,0.0,246
mux_2to1,1,1,1.0,1,0,0,0,0,1,0,0,1,0,0,0,0,0,0,11,1,0,1,0,0,0,0,1,1,1,2,1,0,1,15,3,1.3333333333333333,0,1,0.09090909090909091,1,0.0,0,0.6931471805599453,1.0,1.0,0.0,1,0.0,202
mux_2way,32,32,32.0,96,3,3,0,0,0,0,0,0,0,0,0,0,0,0,16,0,1,0,0,0,1,0,0,3,1,2,1,0,1,10,3,2.0,0,0,0.0,0,0.0,1,4.574710978503383,9.797958971132712,0.0,0.0,0,0.0,191
mux_2x1,1,1,1.0,1,0,0,0,0,1,0,3,1,0,0,0,0,0,0,23,1,0,0,2,0,0,0,1,3,1,2,2,0,1,21,5,1.5714285714285714,0,4,0.17391304347826086,1,0.0,2,0.6931471805599453,1.0,1.0,0.0,1,0.0,307
mux_2_1,32,32,32.0,64,2,2,0,0,0,0,0,1,0,0,0,0,0,2,11,1,0,1,0,0,0,1,1,2,1,2,1,0,1,16,3,1.375,0,1,0.09090909090909091,1,0.0,0,4.174387269895637,8.0,32.0,0.0,64,0.0,157
mux_2_4,8,2,6.0,18,3,0,0,2,0,0,0,1,0,0,0,0,0,0,16,1,0,0,2,0,0,2,1,2,1,2,2,0,1,23,7,1.826086956521739,0,1,0.0625,1,0.0,2,2.9444389791664403,4.242640687119285,6.0,0.0,18,0.0,350
mux_2_to_1,32,32,32.0,224,7,7,0,0,0,0,0,1,1,0,0,0,0,2,16,1,0,1,0,0,0,3,1,7,1,2,1,0,1,17,3,1.7647058823529411,0,2,0.125,1,0.0,0,5.41610040220442,14.966629547095765,32.0,0.0,224,0.0,276
mux_3,2,2,2.0,2,1,0,0,0,0,0,4,1,0,0,0,0,0,0,19,1,0,0,2,0,0,4,1,5,1,2,2,0,1,24,5,1.7916666666666667,0,5,0.2631578947368421,1,0.0,2,1.0986122886681098,1.4142135623730951,2.0,0.0,2,0.0,416
mux_32,32,32,32.0,64,2,2,0,0,0,0,0,1,0,0,0,0,0,1,14,1,0,1,0,0,0,0,1,6,4,2,1,0,1,15,3,1.4,0,1,0.07142857142857142,1,0.0,0,4.174387269895637,8.0,32.0,0.0,64,0.0,235
mux_32bit_3to1,32,2,24.5,98,4,3,0,0,0,0,0,0,0,0,0,0,0,4,20,1,0,0,2,0,0,0,1,2,1,2,2,0,1,21,7,2.0476190476190474,0,0,0.0,1,0.0,2,4.59511985013459,9.899494936611665,24.5,0.0,98,0.0,350
mux_3x1,2,2,2.0,2,1,0,0,0,0,0,4,1,0,0,0,0,0,0,26,1,0,0,2,0,0,0,1,4,1,2,2,0,1,24,7,1.7916666666666667,0,5,0.19230769230769232,1,0.0,2,1.0986122886681098,1.4142135623730951,2.0,0.0,2,0.0,407
mux_3_1,8,2,6.0,36,6,0,0,4,0,0,0,0,0,0,0,0,0,0,25,1,0,0,2,0,0,1,3,2,1,4,2,0,1,27,9,2.4814814814814814,0,0,0.0,3,0.0,2,3.6109179126442243,6.0,18.0,0.0,108,0.0,576
mux_4,2,2,2.0,2,1,0,0,0,0,0,2,0,0,0,0,0,0,4,17,1,0,0,2,0,0,0,1,2,1,2,2,0,1,21,6,2.238095238095238,0,2,0.11764705882352941,1,0.0,2,1.0986122886681098,1.4142135623730951,2.0,0.0,2,0.0,360
mux_4way,32,2,27.0,162,6,5,0,0,0,0,0,1,0,0,0,0,0,4,27,1,0,0,2,0,0,0,1,5,1,2,2,0,1,21,6,1.9047619047619047,0,1,0.037037037037037035,1,0.0,2,5.093750200806762,12.727922061357855,27.0,0.0,162,0.0,367
mux_4x1,2,2,2.0,2,1,0,0,0,0,0,2,0,1,0,0,0,0,0,15,0,1,0,0,0,3,0,0,2,1,2,3,0,1,15,4,1.7333333333333334,0,3,0.2,0,0.0,3,1.0986122886681098,1.4142135623730951,0.0,0.0,0,0.0,345
mux_4x2,2,2,2.0,2,1,0,0,0,0,0,5,1,1,0,0,0,0,0,44,1,0,0,2,0,0,0,1,5,1,2,2,0,1,24,6,1.75,0,7,0.1590909090909091,1,0.0,2,1.0986122886681098,1.4142135623730951,2.0,0.0,2,0.0,429
mux_4_to_1,1,1,1.0,1,0,0,0,0,1,0,5,1,1,0,0,0,0,0,22,1,0,0,2,0,0,0,1,5,1,2,2,0,1,22,6,1.8181818181818181,0,7,0.3181818181818182,1,0.0,2,0.6931471805599453,1.0,1.0,0.0,1,0.0,491
mux_5_1,8,3,6.333333333333333,38,6,0,0,4,0,0,0,0,0,0,0,0,0,0,27,1,0,0,2,0,0,1,3,2,1,4,2,0,1,30,10,2.7333333333333334,0,0,0.0,3,0.0,2,3.6635616461296463,6.164414002968976,19.0,0.0,114,0.0,701
mux_7seg_corriente,4,4,4.0,12,3,0,0,0,0,0,0,1,1,0,0,0,0,0,47,1,1,0,2,0,0,0,1,2,1,2,2,0,1,32,4,1.9375,0,2,0.0425531914893617,1,0.0,2,2.5649493574615367,3.4641016151377544,4.0,0.0,12,0.0,460
mux_8x1,4,3,3.75,15,4,0,0,0,0,0,0,1,1,0,0,0,0,8,25,1,1,0,2,0,0,0,1,2,1,2,2,0,1,32,10,1.625,0,2,0.08,1,0.0,2,2.772588722239781,3.872983346207417,3.75,0.0,15,0.0,547
mux_8x1_nbit,3,3,3.0,3,1,0,0,0,0,0,2,0,1,0,0,0,0,0,47,1,0,0,2,0,0,0,1,2,1,2,2,0,1,34,10,1.8823529411764706,0,3,0.06382978723404255,1,0.0,2,1.3862943611198906,1.7320508075688772,3.0,0.0,3,0.0,571
mux_adder,28,2,17.0,102,6,0,0,2,0,0,0,0,0,0,6,0,0,18,44,0,6,0,0,0,12,0,0,7,4,2,12,0,1,28,19,3.5357142857142856,1,0,0.0,0,0.13636363636363635,12,4.634728988229636,10.099504938362077,0.0,0.0,0,0.0,1486
mux_alu,1,1,1.0,1,0,0,0,0,1,0,7,1,0,0,0,0,0,0,28,1,0,0,2,0,0,0,6,5,2,2,2,0,1,24,7,2.0,0,8,0.2857142857142857,6,0.0,2,0.6931471805599453,1.0,6.0,0.0,6,0.0,695
mux_alu_asrc,32,32,32.0,96,3,3,0,0,0,0,0,1,1,0,0,0,0,2,40,1,0,0,2,0,0,0,1,3,1,2,2,0,1,18,3,1.6111111111111112,0,2,0.05,1,0.0,2,4.574710978503383,9.797958971132712,32.0,0.0,96,0.0,413
mux_alu_bsrc,32,2,24.5,98,4,3,0,0,0,0,0,1,1,0,0,0,0,3,46,1,0,0,2,0,0,0,1,3,1,2,2,0,1,20,4,1.7,0,2,0.043478260869565216,1,0.0,2,4.59511985013459,9.899494936611665,24.5,0.0,98,0.0,497
mux_control,5,2,3.5,14,4,0,0,0,0,0,0,1,0,0,0,0,0,21,62,1,0,0,2,0,0,0,3,3,3,2,2,0,1,31,6,3.193548387096774,0,1,0.016129032258064516,3,0.0,2,2.70805020110221,3.7416573867739413,10.5,0.0,42,0.0,1209
mux_coriente,4,4,4.0,12,3,0,0,0,0,0,0,1,1,0,0,0,0,0,46,1,1,0,2,0,0,0,1,2,1,2,2,0,1,32,4,1.9375,0,2,0.043478260869565216,1,0.0,2,2.5649493574615367,3.4641016151377544,4.0,0.0,12,0.0,453
mux_div,24,24,24.0,48,2,0,0,0,0,0,0,0,0,0,0,0,0,0,13,0,1,0,0,0,1,0,0,2,1,2,1,0,1,10,2,1.5,0,0,0.0,0,0.0,1,3.8918202981106265,6.928203230275509,0.0,0.0,0,0.0,165
mux_fetch,1,1,1.0,1,0,0,0,0,1,0,3,0,1,0,0,0,0,0,33,0,1,0,0,0,1,0,0,3,1,2,1,0,1,11,3,1.5454545454545454,0,4,0.12121212121212122,0,0.0,1,0.6931471805599453,1.0,0.0,0.0,0,0.0,222
mux_fp,32,32,32.0,64,2,2,0,0,0,0,0,0,0,0,0,0,0,0,13,0,1,0,0,0,1,0,0,2,1,2,1,0,1,10,2,1.5,0,0,0.0,0,0.0,1,4.174387269895637,8.0,0.0,0.0,0,0.0,168
mux_fp_div,32,32,32.0,64,2,2,0,0,0,0,0,0,0,0,0,0,0,0,13,0,1,0,0,0,1,0,0,2,1,2,1,0,1,10,2,1.5,0,0,0.0,0,0.0,1,4.174387269895637,8.0,0.0,0.0,0,0.0,172
mux_fp_mul,32,32,32.0,64,2,2,0,0,0,0,0,0,0,0,0,0,0,0,13,0,1,0,0,0,1,0,0,2,1,2,1,0,1,10,2,1.5,0,0,0.0,0,0.0,1,4.174387269895637,8.0,0.0,0.0,0,0.0,172
mux_fp_sqrt,32,32,32.0,64,2,2,0,0,0,0,0,0,0,0,0,0,0,0,13,0,1,0,0,0,1,0,0,2,1,2,1,0,1,10,2,1.5,0,0,0.0,0,0.0,1,4.174387269895637,8.0,0.0,0.0,0,0.0,173
mux_from_alu_mem_toreg,32,3,18.375,147,8,3,2,2,0,0,0,1,1,0,0,0,0,6,55,1,0,0,2,0,0,0,1,3,1,2,2,0,1,23,8,2.3043478260869565,0,2,0.03636363636363636,1,0.0,2,4.997212273764115,12.12435565298214,18.375,0.0,147,0.0,797
mux_from_pc_rs1_to_pc,32,32,32.0,96,3,3,0,0,0,0,0,1,1,0,0,0,0,2,42,1,0,0,2,0,0,0,1,3,1,2,2,0,1,18,3,1.6111111111111112,0,2,0.047619047619047616,1,0.0,2,4.574710978503383,9.797958971132712,32.0,0.0,96,0.0,420
mux_from_rs1_pc_to_alu,32,32,32.0,96,3,3,0,0,0,0,0,1,1,0,0,0,0,2,40,1,0,0,2,0,0,0,1,3,1,2,2,0,1,18,3,1.6111111111111112,0,2,0.05,1,0.0,2,4.574710978503383,9.797958971132712,32.0,0.0,96,0.0,421
mux_from_rs2_to_mem,32,2,18.0,90,5,2,1,1,0,0,0,1,1,0,0,0,0,3,45,1,0,0,2,0,0,0,1,2,1,2,2,0,1,18,6,1.8888888888888888,0,2,0.044444444444444446,1,0.0,2,4.51085950651685,9.486832980505138,18.0,0.0,90,0.0,511
mux_imm,32,32,32.0,96,3,3,0,0,0,0,0,1,1,0,0,0,0,1,35,1,1,0,0,0,1,0,1,2,1,2,1,0,1,16,3,1.4375,0,2,0.05714285714285714,1,0.0,1,4.574710978503383,9.797958971132712,32.0,0.0,96,0.0,262
mux_memto_reg,32,2,10.333333333333334,279,27,4,4,8,0,0,0,1,1,0,0,0,0,24,82,1,0,10,2,0,0,0,4,4,1,2,12,0,1,28,20,4.071428571428571,3,2,0.024390243902439025,4,0.0,2,5.634789603169249,16.703293088490067,41.333333333333336,0.0,1116,0.0,1400
mux_moter,5,4,4.5,9,2,0,0,0,0,0,0,1,1,0,0,0,0,6,23,1,1,0,2,0,0,0,1,2,1,2,2,0,1,24,8,1.625,0,2,0.08695652173913043,1,0.0,2,2.302585092994046,3.0,4.5,0.0,9,0.0,435
mux_ns,37,2,25.333333333333332,76,3,0,0,0,0,0,0,0,0,0,0,0,0,4,20,0,2,0,0,0,4,0,0,2,1,2,4,0,1,15,5,2.066666666666667,0,0,0.0,0,0.0,4,4.343805421853684,8.717797887081348,0.0,0.0,0,0.0,425
mux_n_bit,1,1,1.0,1,0,0,0,0,1,0,2,0,0,0,0,0,0,0,13,0,1,0,0,0,1,0,0,2,1,2,1,0,1,12,3,1.9166666666666667,0,2,0.15384615384615385,0,0.0,1,0.6931471805599453,1.0,0.0,0.0,0,0.0,180
mux_output,12,12,12.0,36,3,0,0,0,0,0,0,0,0,0,0,0,0,2,14,1,0,2,0,0,0,0,1,3,2,2,2,0,1,15,5,2.066666666666667,0,0,0.0,1,0.0,0,3.6109179126442243,6.0,12.0,0.0,36,0.0,221
mux_param,2,2,2.0,2,1,0,0,0,0,0,2,0,0,0,0,0,0,0,11,0,1,0,0,0,3,0,0,2,1,2,3,0,1,14,4,1.7857142857142858,0,2,0.18181818181818182,0,0.0,3,1.0986122886681098,1.4142135623730951,0.0,0.0,0,0.0,203
mux_pc,1,1,1.0,1,0,0,0,0,1,3,3,1,0,1,0,0,0,0,54,1,0,3,0,0,0,0,1,6,1,2,3,0,1,21,6,2.238095238095238,0,7,0.12962962962962962,1,0.018518518518518517,0,0.6931471805599453,1.0,1.0,0.018518518518518517,1,1.0,603
mux_pcorbusa,32,32,32.0,96,3,3,0,0,0,0,0,1,1,0,0,0,0,2,40,1,0,1,0,0,0,0,1,3,1,2,1,0,1,16,3,1.6875,0,2,0.05,1,0.0,0,4.574710978503383,9.797958971132712,32.0,0.0,96,0.0,343
mux_shiftline,32,32,32.0,96,3,3,0,0,0,0,0,0,1,0,0,0,0,0,33,0,1,5,0,0,1,0,0,3,1,2,6,0,1,11,3,1.5454545454545454,0,1,0.030303030303030304,0,0.0,1,4.574710978503383,9.797958971132712,0.0,0.0,0,0.0,230
mux_sqrt,24,24,24.0,48,2,0,0,0,0,0,0,0,0,0,0,0,0,0,13,0,1,0,0,0,1,0,0,2,1,2,1,0,1,10,2,1.5,0,0,0.0,0,0.0,1,3.8918202981106265,6.928203230275509,0.0,0.0,0,0.0,166
mux_store,32,2,18.0,90,5,2,1,1,0,0,0,1,1,0,0,0,0,3,44,1,0,0,2,0,0,0,1,2,1,2,2,0,1,17,6,2.0,0,2,0.045454545454545456,1,0.0,2,4.51085950651685,9.486832980505138,18.0,0.0,90,0.0,397
mux_timer,4,2,3.2,16,5,0,0,0,0,0,0,0,1,0,0,0,0,4,22,1,1,0,2,0,0,0,1,3,1,2,2,0,1,24,6,1.5416666666666667,0,1,0.045454545454545456,1,0.0,2,2.833213344056216,4.0,3.2,0.0,16,0.0,486
mycounter,4,4,4.0,8,2,0,0,0,0,1,0,0,0,0,0,0,0,2,17,1,1,1,0,0,0,1,1,1,1,2,1,0,1,20,5,1.7,0,1,0.058823529411764705,1,0.0,0,2.1972245773362196,2.8284271247461903,4.0,0.0,8,0.0,243
myip_v1_0,32,2,5.444444444444445,98,18,1,0,3,0,4,30,5,3,0,0,0,3,10,418,1,0,4,0,3,0,56,12,0,47,2,4,0,1,265,56,2.5245283018867926,6,42,0.10047846889952153,12,0.0,0,4.59511985013459,9.899494936611665,65.33333333333334,0.0,1176,0.0,12420
myip_v1_0_m00_axi,8,2,3.6,54,15,0,0,2,0,11,35,6,7,44,8,0,1,94,615,17,36,45,0,1,0,59,34,22,34,2,45,0,1,137,59,6.547445255474453,24,59,0.0959349593495935,34,0.08455284552845528,0,4.007333185232471,7.3484692283495345,122.4,2.8747967479674794,1836,158.4,22889
myip_v1_0_s00_axi,32,2,11.636363636363637,384,33,9,0,6,0,9,35,5,5,71,0,0,0,99,742,17,18,49,16,0,2,48,42,31,16,2,67,0,1,135,78,7.9185185185185185,27,54,0.07277628032345014,42,0.09568733153638814,18,5.953243334287785,19.595917942265423,488.72727272727275,4.018867924528302,16128,826.1818181818182,16716
myrom,8,6,7.0,14,2,0,0,1,0,0,0,0,0,0,0,0,0,63,84,0,1,0,0,0,64,0,0,2,1,2,64,0,1,81,65,2.54320987654321,3,0,0.0,0,0.0,64,2.70805020110221,3.7416573867739413,0.0,0.0,0,0.0,3100
my_12bit2to1_mux,12,12,12.0,36,3,0,0,0,0,0,0,0,0,0,0,0,0,0,12,0,1,0,0,0,1,0,0,9,4,2,1,0,1,10,3,2.0,0,0,0.0,0,0.0,1,3.6109179126442243,6.0,0.0,0.0,0,0.0,296
my_12bit_register,12,12,12.0,24,2,0,0,0,0,1,0,0,0,0,0,0,0,1,19,0,0,0,0,1,0,0,1,5,4,2,0,0,1,20,7,1.85,0,1,0.05263157894736842,1,0.0,0,3.2188758248682006,4.898979485566356,12.0,0.0,24,0.0,360
my_12tri,32,32,32.0,64,2,2,0,0,0,1,0,0,0,0,0,0,0,1,16,0,0,0,0,1,0,0,0,5,4,2,0,0,1,18,7,1.7222222222222223,0,1,0.0625,0,0.0,0,4.174387269895637,8.0,0.0,0.0,0,0.0,310
my_16bit_leftshifter,32,32,32.0,96,3,3,0,0,0,0,3,0,0,0,0,0,0,2,29,0,3,7,0,2,1,1,0,6,4,2,8,0,1,22,7,2.3636363636363638,0,3,0.10344827586206896,0,0.0,1,4.574710978503383,9.797958971132712,0.0,0.0,0,0.0,510
my_16bit_rightshifter,32,32,32.0,96,3,3,0,0,0,3,0,0,0,0,0,0,0,2,29,0,3,7,0,2,1,1,0,7,4,2,8,0,1,21,7,2.4761904761904763,0,3,0.10344827586206896,0,0.0,1,4.574710978503383,9.797958971132712,0.0,0.0,0,0.0,530
my_1bit_leftshifter,32,32,32.0,96,3,3,0,0,0,0,2,0,0,0,0,0,0,1,24,0,3,6,0,1,1,1,0,6,4,2,7,0,1,20,7,1.95,0,2,0.08333333333333333,0,0.0,1,4.574710978503383,9.797958971132712,0.0,0.0,0,0.0,411
my_1bit_rightshifter,32,32,32.0,96,3,3,0,0,0,2,0,0,0,0,0,0,0,1,24,0,3,6,0,1,1,1,0,7,4,2,7,0,1,19,7,2.0526315789473686,0,2,0.08333333333333333,0,0.0,1,4.574710978503383,9.797958971132712,0.0,0.0,0,0.0,428
my_2bit_leftshifter,32,32,32.0,96,3,3,0,0,0,0,3,0,0,0,0,0,0,2,29,0,3,7,0,2,1,1,0,6,4,2,8,0,1,22,7,2.3636363636363638,0,3,0.10344827586206896,0,0.0,1,4.574710978503383,9.797958971132712,0.0,0.0,0,0.0,504
my_2bit_rightshifter,32,32,32.0,96,3,3,0,0,0,3,0,0,0,0,0,0,0,2,29,0,3,7,0,2,1,1,0,7,4,2,8,0,1,21,7,2.4761904761904763,0,3,0.10344827586206896,0,0.0,1,4.574710978503383,9.797958971132712,0.0,0.0,0,0.0,526
my_32bit16to1_mux,32,3,27.904761904761905,586,21,18,0,0,0,0,0,0,0,0,0,0,0,0,32,0,0,0,0,0,0,1,0,65,4,2,0,0,1,31,17,2.903225806451613,1,0,0.0,0,0.0,0,6.375024819828097,24.20743687382041,0.0,0.0,0,0.0,1316
my_32bit2to1_mux,32,32,32.0,96,3,3,0,0,0,0,0,0,0,0,0,0,0,0,12,0,1,0,0,0,1,0,0,9,4,2,1,0,1,10,3,2.0,0,0,0.0,0,0.0,1,4.574710978503383,9.797958971132712,0.0,0.0,0,0.0,296
my_32bit32to1_mux,32,4,29.756756756756758,1101,37,34,0,0,0,0,0,0,0,0,0,0,0,0,53,0,0,0,0,0,0,1,0,129,4,2,0,0,1,47,33,3.276595744680851,1,0,0.0,0,0.0,0,7.004881989712859,33.18132004607411,0.0,0.0,0,0.0,2300
my_32bit4to1_mux,32,2,27.714285714285715,194,7,6,0,0,0,0,0,0,0,0,0,0,0,0,20,0,0,0,0,0,0,1,0,17,4,2,0,0,1,18,5,2.3333333333333335,0,0,0.0,0,0.0,0,5.272999558563747,13.92838827718412,0.0,0.0,0,0.0,623
my_32bit8to1_mux,32,2,25.153846153846153,327,13,10,0,0,0,0,0,0,0,0,0,0,0,0,23,0,0,0,0,0,0,1,0,33,4,2,0,0,1,23,9,2.5217391304347827,0,0,0.0,0,0.0,0,5.793013608384144,18.083141320025124,0.0,0.0,0,0.0,846
my_32bit_barrelleftshifter,32,5,25.25,101,4,3,0,0,0,0,0,0,0,0,0,0,0,0,16,0,0,11,0,0,0,1,0,5,16,2,11,0,1,23,7,1.826086956521739,0,0,0.0,0,0.0,0,4.624972813284271,10.04987562112089,0.0,0.0,0,0.0,625
my_32bit_barrelrightshifter,32,5,25.25,101,4,3,0,0,0,0,0,0,0,0,0,0,0,0,16,0,0,11,0,0,0,1,0,5,16,2,11,0,1,23,7,1.826086956521739,0,0,0.0,0,0.0,0,4.624972813284271,10.04987562112089,0.0,0.0,0,0.0,631
my_32bit_register,32,32,32.0,64,2,2,0,0,0,1,0,0,0,0,0,0,0,1,18,0,0,0,0,1,0,0,1,5,4,2,0,0,1,20,7,1.85,0,1,0.05555555555555555,1,0.0,0,4.174387269895637,8.0,32.0,0.0,64,0.0,359
my_32tri,32,32,32.0,64,2,2,0,0,0,1,0,0,0,0,0,0,0,1,16,0,0,0,0,1,0,0,0,5,4,2,0,0,1,18,7,1.7222222222222223,0,1,0.0625,0,0.0,0,4.174387269895637,8.0,0.0,0.0,0,0.0,310
my_4bit_leftshifter,32,32,32.0,96,3,3,0,0,0,0,3,0,0,0,0,0,0,2,29,0,3,7,0,2,1,1,0,6,4,2,8,0,1,22,7,2.3636363636363638,0,3,0.10344827586206896,0,0.0,1,4.574710978503383,9.797958971132712,0.0,0.0,0,0.0,504
my_4bit_rightshifter,32,32,32.0,96,3,3,0,0,0,3,0,0,0,0,0,0,0,2,29,0,3,7,0,2,1,1,0,7,4,2,8,0,1,21,7,2.4761904761904763,0,3,0.10344827586206896,0,0.0,1,4.574710978503383,9.797958971132712,0.0,0.0,0,0.0,526
my_5bit2to1_mux,5,5,5.0,15,3,0,0,0,0,0,0,0,0,0,0,0,0,0,12,0,1,0,0,0,1,0,0,9,4,2,1,0,1,10,3,2.0,0,0,0.0,0,0.0,1,2.772588722239781,3.872983346207417,0.0,0.0,0,0.0,292
my_5bit4to1_mux,5,2,4.571428571428571,32,7,0,0,0,0,0,0,0,0,0,0,0,0,0,20,0,0,0,0,0,0,1,0,17,4,2,0,0,1,18,5,2.3333333333333335,0,0,0.0,0,0.0,0,3.4965075614664802,5.656854249492381,0.0,0.0,0,0.0,610
my_5bit_comparator,5,5,5.0,5,1,0,0,0,0,0,0,0,0,0,0,0,0,0,21,0,0,0,0,0,0,1,0,20,1,2,0,0,1,26,12,2.5,1,0,0.0,0,0.0,0,1.791759469228055,2.23606797749979,0.0,0.0,0,0.0,587
my_5bit_register,5,5,5.0,10,2,0,0,0,0,1,0,0,0,0,0,0,0,1,19,0,0,0,0,1,0,0,1,5,4,2,0,0,1,20,7,1.85,0,1,0.05263157894736842,1,0.0,0,2.3978952727983707,3.1622776601683795,5.0,0.0,10,0.0,356
my_5to32_decoder,32,2,7.545454545454546,83,11,1,0,4,0,0,0,0,0,0,0,0,0,0,19,0,0,0,0,0,0,1,0,9,7,2,0,0,1,20,7,2.25,0,0,0.0,0,0.0,0,4.430816798843313,9.1104335791443,0.0,0.0,0,0.0,584
my_8bit_leftshifter,32,32,32.0,96,3,3,0,0,0,0,3,0,0,0,0,0,0,2,29,0,3,7,0,2,1,1,0,6,4,2,8,0,1,22,7,2.3636363636363638,0,3,0.10344827586206896,0,0.0,1,4.574710978503383,9.797958971132712,0.0,0.0,0,0.0,504
my_8bit_rightshifter,32,32,32.0,96,3,3,0,0,0,3,0,0,0,0,0,0,0,2,29,0,3,7,0,2,1,1,0,7,4,2,8,0,1,21,7,2.4761904761904763,0,3,0.10344827586206896,0,0.0,1,4.574710978503383,9.797958971132712,0.0,0.0,0,0.0,526
my_alu_adder,32,8,12.8,192,15,3,0,12,0,0,0,0,0,0,0,0,0,0,35,0,1,0,0,0,1,4,0,77,2,2,1,0,1,41,38,4.219512195121951,2,0,0.0,0,0.0,1,5.262690188904886,13.856406460551018,0.0,0.0,0,0.0,1788
my_bitwise_and,32,32,32.0,64,2,2,0,0,0,1,0,0,0,0,0,0,0,1,14,0,0,0,0,1,0,0,0,7,4,2,0,0,1,18,8,1.7222222222222223,0,1,0.07142857142857142,0,0.0,0,4.174387269895637,8.0,0.0,0.0,0,0.0,299
my_bitwise_or,32,32,32.0,64,2,2,0,0,0,1,0,0,0,0,0,0,0,1,14,0,0,0,0,1,0,0,0,7,4,2,0,0,1,18,8,1.7222222222222223,0,1,0.07142857142857142,0,0.0,0,4.174387269895637,8.0,0.0,0.0,0,0.0,295
my_cla_full_adder,8,8,8.0,24,3,0,0,3,0,0,0,0,0,0,0,0,0,0,56,0,0,0,0,0,0,3,0,54,2,2,0,0,1,65,45,3.8923076923076922,5,0,0.0,0,0.0,0,3.2188758248682006,4.898979485566356,0.0,0.0,0,0.0,2167
my_cpu,256,2,10.901960784313726,556,51,1,1,20,0,28,6,1,1,44,18,0,0,145,358,1,14,7,12,0,1,6,18,7,7,2,20,0,1,116,56,6.474137931034483,18,36,0.1005586592178771,18,0.17318435754189945,13,6.322565239927284,23.57965224510319,196.23529411764707,3.11731843575419,10008,479.6862745098039,12189
my_vga_clk_generator,11,11,11.0,22,2,0,0,0,0,8,4,0,1,4,6,2,0,10,36,2,3,1,0,0,2,3,2,2,5,2,3,0,1,37,7,2.081081081081081,0,13,0.3611111111111111,6,0.3333333333333333,2,3.1354942159291497,4.69041575982343,22.0,2.0,132,66.0,900
m_clock_divider,1,1,1.0,1,0,0,0,0,1,1,1,0,1,0,0,0,0,7,35,1,0,2,0,0,0,0,1,2,1,2,2,0,1,20,6,2.1,0,3,0.08571428571428572,1,0.0,0,0.6931471805599453,1.0,1.0,0.0,1,0.0,428
m_ij,16,5,13.466666666666667,202,15,0,11,2,0,2,2,0,1,4,0,0,0,74,263,3,3,13,0,0,0,0,7,9,3,2,13,0,1,36,43,7.611111111111111,6,5,0.019011406844106463,7,0.015209125475285171,0,5.313205979041787,14.212670403551895,94.26666666666667,0.10646387832699619,1414,53.86666666666667,4041
nand,32,32,32.0,64,2,2,0,0,0,1,0,0,0,1,0,0,0,1,12,0,1,0,0,1,0,0,0,1,1,2,0,0,1,16,8,1.8125,0,1,0.08333333333333333,0,0.08333333333333333,0,4.174387269895637,8.0,0.0,0.0,0,32.0,152
navigation_state_machine,2,2,2.0,6,3,0,0,0,0,0,0,0,1,0,0,0,0,2,75,2,1,9,2,0,0,0,2,6,1,2,11,0,1,31,14,3.7096774193548385,2,1,0.013333333333333334,2,0.0,2,1.9459101490553132,2.449489742783178,4.0,0.0,12,0.0,1744
nbit2x1mux,1,1,1.0,1,0,0,0,0,1,1,3,0,1,0,0,0,0,1,13,0,0,0,0,1,0,0,0,9,1,2,0,0,1,22,8,1.9545454545454546,0,5,0.38461538461538464,0,0.0,0,0.6931471805599453,1.0,0.0,0.0,0,0.0,414
nbitmux,1,1,1.0,1,0,0,0,0,1,0,3,0,0,0,0,0,0,0,13,0,1,0,0,0,1,0,0,3,1,2,1,0,1,12,4,1.75,0,3,0.23076923076923078,0,0.0,1,0.6931471805599453,1.0,0.0,0.0,0,0.0,137
nbitmuxfourbyone,2,2,2.0,2,1,0,0,0,0,0,5,1,1,0,0,0,0,5,39,1,0,0,2,0,0,0,1,5,1,2,2,0,1,25,6,2.08,0,7,0.1794871794871795,1,0.0,2,1.0986122886681098,1.4142135623730951,2.0,0.0,2,0.0,341
nbitrca,1,1,1.0,1,0,0,0,0,1,2,3,0,0,0,0,0,0,1,21,0,2,0,0,1,0,1,0,3,1,2,0,0,1,23,10,2.217391304347826,0,5,0.23809523809523808,0,0.0,0,0.6931471805599453,1.0,0.0,0.0,0,0.0,335
nbitreg,1,1,1.0,1,0,0,0,0,1,0,2,0,0,0,0,0,0,4,16,1,0,2,0,0,0,0,1,4,1,2,2,0,1,22,4,1.8636363636363635,0,2,0.125,1,0.0,0,0.6931471805599453,1.0,1.0,0.0,1,0.0,274
nbitregister,1,1,1.0,1,0,0,0,0,1,0,2,0,1,0,0,0,0,0,44,1,0,2,0,0,0,0,1,4,1,2,2,0,1,20,5,1.85,0,3,0.06818181818181818,1,0.0,0,0.6931471805599453,1.0,1.0,0.0,1,0.0,434
nc_decoding,128,2,11.0,792,72,4,4,54,0,6,2,7,0,36,8,0,3,111,274,10,4,26,6,0,0,4,13,14,3,2,32,0,1,50,40,9.48,12,15,0.05474452554744526,13,0.16058394160583941,6,6.675823221634848,28.142494558940577,143.0,2.0875912408759123,10296,396.0,7052
negate,4,4,4.0,12,3,0,0,0,0,0,0,0,1,0,0,0,0,0,37,0,0,0,0,0,0,2,0,1,1,2,0,0,1,15,4,1.7333333333333334,0,1,0.02702702702702703,0,0.0,0,2.5649493574615367,3.4641016151377544,0.0,0.0,0,0.0,269
neg_enabled_reg,1,1,1.0,1,0,0,0,0,1,0,2,0,1,0,0,0,0,2,37,1,0,2,0,0,0,0,2,2,1,2,2,0,1,18,3,1.5555555555555556,0,3,0.08108108108108109,2,0.0,0,0.6931471805599453,1.0,2.0,0.0,2,0.0,266
net,1,1,1.0,1,0,0,0,0,1,0,0,34,0,0,0,0,0,0,81,0,6,0,0,0,0,9,0,7,3,11,0,0,1,33,16,4.121212121212121,4,34,0.41975308641975306,0,0.0,0,0.6931471805599453,1.0,0.0,0.0,0,0.0,1106
new_alu,65,3,24.46153846153846,318,13,4,0,0,0,1,31,1,0,9,4,1,4,54,192,2,1,17,2,0,11,0,42,60,17,2,30,0,1,100,42,4.14,7,33,0.171875,44,0.07291666666666667,13,5.765191102784844,17.832554500127006,1027.3846153846152,3.2083333333333335,13992,244.61538461538458,5788
new_dff,8,8,8.0,16,2,0,0,2,0,0,0,0,0,0,0,0,0,0,46,0,0,0,0,0,0,1,8,2,1,2,0,0,1,53,18,4.226415094339623,1,0,0.0,8,0.0,0,2.833213344056216,4.0,64.0,0.0,128,0.0,1973
nextpclogic,64,63,63.75,255,4,0,0,0,0,0,0,0,561,0,0,0,0,0,255,0,2,0,0,0,0,2,0,3,1,2,0,0,1,227,188,8.41409691629956,16,561,2.2,0,0.0,0,5.545177444479562,15.968719422671311,0.0,0.0,0,0.0,16290
next_pc,32,2,28.25,226,8,7,0,0,0,0,0,0,0,0,0,0,0,0,254,0,0,0,0,0,0,1,0,7,2,2,0,0,1,235,130,6.080851063829787,23,0,0.0,0,0.0,0,5.424950017481403,15.033296378372908,0.0,0.0,0,0.0,15059
nleftshift,26,26,26.0,104,4,0,0,0,0,0,0,0,0,0,0,0,0,0,309,0,0,1,0,0,0,2,77,2,2,2,1,0,1,359,99,6.454038997214485,33,0,0.0,77,0.0,0,4.653960350157523,10.198039027185569,2002.0,0.0,8008,0.0,19065
node,128,8,58.8,294,5,0,0,2,0,0,0,0,1,0,0,0,0,0,41,0,0,0,0,0,0,1,0,5,1,2,0,0,1,18,5,1.6666666666666667,0,1,0.024390243902439025,0,0.0,0,5.68697535633982,17.146428199482248,0.0,0.0,0,0.0,299
nominal_model_controller,33,32,32.333333333333336,194,6,4,0,0,0,0,0,0,4599,0,0,0,0,0,2183,0,11,0,0,0,0,3,0,3,1,2,0,0,1,581,2131,21.881239242685027,106,4599,2.106733852496564,0,0.0,0,5.272999558563747,13.92838827718412,0.0,0.0,0,0.0,134342
non_linear,128,128,128.0,256,2,0,0,0,0,0,0,0,0,0,0,0,0,0,329,0,120,0,0,0,0,1,0,1,1,2,0,0,1,375,254,5.381333333333333,9,0,0.0,0,0.0,0,5.54907608489522,16.0,0.0,0.0,0,0.0,18350
nor,1,1,1.0,1,0,0,0,0,1,0,0,0,0,0,0,0,0,0,9,0,0,0,0,0,0,1,0,1,1,2,0,0,1,13,4,2.3846153846153846,0,0,0.0,0,0.0,0,0.6931471805599453,1.0,0.0,0.0,0,0.0,124
norm,37,37,37.0,148,4,0,0,0,0,0,0,0,0,0,0,0,0,0,518,0,0,0,0,0,0,1,0,2,3,2,0,0,1,608,256,5.666118421052632,33,0,0.0,0,0.0,0,5.003946305945459,12.165525060596439,0.0,0.0,0,0.0,28327
normalize,13,5,10.833333333333334,130,12,0,0,0,0,0,0,0,226,0,0,0,0,0,781,0,2,0,0,0,0,5,34,5,5,2,0,0,1,990,403,5.252525252525253,46,226,0.2893725992317542,34,0.0,0,4.875197323201151,11.40175425099138,368.33333333333337,0.0,4420,0.0,46962
normalize_add,12,5,8.0,32,4,0,0,0,0,0,0,0,0,0,0,0,0,0,269,0,3,0,0,0,0,1,0,2,2,2,0,0,1,379,167,4.759894459102902,23,0,0.0,0,0.0,0,3.4965075614664802,5.656854249492381,0.0,0.0,0,0.0,15551
normalize_mul,22,5,10.5,42,4,0,0,0,0,0,0,0,0,0,0,0,0,0,501,0,4,0,0,0,0,1,0,2,2,2,0,0,1,658,304,5.024316109422492,41,0,0.0,0,0.0,0,3.7612001156935624,6.48074069840786,0.0,0.0,0,0.0,28455
norm_l,32,2,19.0,95,5,1,1,0,0,0,0,0,45,0,0,0,0,0,402,0,0,0,0,0,0,4,145,2,2,2,0,0,1,410,141,5.909756097560976,38,45,0.11194029850746269,145,0.0,0,4.564348191467836,9.746794344808963,2755.0,0.0,13775,0.0,22061
norm_s,16,14,15.2,76,5,0,3,0,0,0,0,0,90,0,0,0,0,0,315,0,0,0,0,0,0,4,98,2,2,2,0,0,1,318,92,5.8930817610062896,35,90,0.2857142857142857,98,0.0,0,4.343805421853684,8.717797887081348,1489.6,0.0,7448,0.0,17589
norm_vector,32,3,17.75,71,4,1,0,1,0,0,0,0,0,0,0,0,0,0,646,0,1,0,0,0,0,1,0,4,1,2,0,0,1,885,392,5.0790960451977405,41,0,0.0,0,0.0,0,4.276666119016055,8.426149773176359,0.0,0.0,0,0.0,37122
nor_gate,32,32,32.0,96,3,3,0,0,0,0,0,0,0,0,0,0,0,0,43,0,0,0,0,0,0,0,0,2,1,2,0,0,1,44,34,6.090909090909091,7,0,0.0,0,0.0,0,4.574710978503383,9.797958971132712,0.0,0.0,0,0.0,2213
not,1,1,1.0,1,0,0,0,0,1,0,0,0,0,0,0,0,0,0,6,0,0,0,0,0,0,0,0,1,1,2,0,0,1,8,4,1.625,0,0,0.0,0,0.0,0,0.6931471805599453,1.0,0.0,0.0,0,0.0,62
not_equal,32,32,32.0,64,2,2,0,0,0,0,0,0,0,0,0,0,0,0,66,0,1,0,0,0,0,1,0,2,1,2,0,0,1,108,43,4.101851851851852,8,0,0.0,0,0.0,0,4.174387269895637,8.0,0.0,0.0,0,0.0,3844
npc,32,31,31.8,159,5,4,0,0,0,0,0,0,266,0,0,0,0,0,230,0,34,0,0,0,0,2,0,3,2,2,0,0,1,232,169,7.146551724137931,22,266,1.1565217391304348,0,0.0,0,5.075173815233827,12.609520212918492,0.0,0.0,0,0.0,13523
npc_generator,32,32,32.0,160,5,5,0,0,0,0,0,0,0,0,0,0,0,0,283,0,2,0,0,0,0,1,0,5,1,2,0,0,1,359,169,5.164345403899722,27,0,0.0,0,0.0,0,5.081404364984463,12.649110640673518,0.0,0.0,0,0.0,16542
npu_cube_add_product_code,88,11,25.166666666666668,151,6,0,0,0,0,0,0,0,278,0,0,0,0,0,287,0,0,0,0,0,0,5,0,1,1,2,0,0,1,125,169,11.36,18,278,0.9686411149825784,0,0.0,0,5.0238805208462765,12.288205727444508,0.0,0.0,0,0.0,17713
npu_cube_tree_input,64,64,64.0,256,4,0,0,0,0,0,0,0,0,0,0,0,0,0,280,0,0,0,0,0,0,1,128,135,2,2,0,0,1,40,128,27.825,20,0,0.0,128,0.0,0,5.54907608489522,16.0,8192.0,0.0,32768,0.0,16892
npu_gen_prod,12,8,10.0,60,6,0,0,1,0,0,0,0,0,0,0,0,0,0,284,0,0,0,0,0,0,1,0,3,4,2,0,0,1,300,149,5.18,22,0,0.0,0,0.0,0,4.110873864173311,7.745966692414834,0.0,0.0,0,0.0,14897
nrdmrsgen,30,2,14.333333333333334,129,9,0,0,2,0,0,0,0,585,0,0,0,0,0,779,0,3,0,0,0,0,6,126,3,3,2,0,0,1,738,338,6.619241192411924,45,585,0.7509627727856226,126,0.0,0,4.867534450455582,11.357816691600547,1806.0,0.0,16254,0.0,47364
nrightshift,26,8,20.0,60,3,0,0,1,0,0,0,0,0,0,0,0,0,0,305,0,0,45,0,0,0,1,26,3,1,2,45,0,1,398,173,5.364321608040201,32,0,0.0,26,0.0,0,4.110873864173311,7.745966692414834,520.0,0.0,1560,0.0,17907
nubus_arbiter,4,4,4.0,12,3,0,0,0,0,0,0,0,0,0,0,0,0,0,31,0,0,0,0,0,0,1,0,2,1,2,0,0,1,56,12,2.892857142857143,2,0,0.0,0,0.0,0,2.5649493574615367,3.4641016151377544,0.0,0.0,0,0.0,1385
nubus_cpubus,32,4,25.0,100,4,3,0,0,0,0,0,0,0,0,0,0,0,0,98,0,0,0,0,0,0,1,0,4,2,2,0,0,1,98,36,5.642857142857143,13,0,0.0,0,0.0,0,4.61512051684126,10.0,0.0,0.0,0,0.0,5658
nubus_driver,2,2,2.0,2,1,0,0,0,0,0,0,0,0,0,0,0,0,0,55,0,0,0,0,0,0,1,0,2,1,2,0,0,1,90,15,2.7777777777777777,2,0,0.0,0,0.0,0,1.0986122886681098,1.4142135623730951,0.0,0.0,0,0.0,2582
nubus_errors,4,2,3.0,6,2,0,0,0,0,0,0,0,0,0,0,0,0,0,39,0,0,0,0,0,0,1,4,1,2,2,0,0,1,57,11,3.1052631578947367,1,0,0.0,4,0.0,0,1.9459101490553132,2.449489742783178,12.0,0.0,24,0.0,1882
nubus_membus,32,4,26.4,132,5,4,0,0,0,0,0,8,0,0,0,0,0,0,97,0,32,0,0,0,0,1,0,3,3,2,0,0,1,91,43,4.747252747252747,8,8,0.08247422680412371,0,0.0,0,4.890349128221754,11.489125293076057,0.0,0.0,0,0.0,5049
nubus_slave,32,4,22.666666666666668,68,3,2,0,0,0,0,0,0,0,0,0,0,0,0,244,0,0,0,0,0,0,1,36,3,2,2,0,0,1,265,95,5.0754716981132075,19,0,0.0,36,0.0,0,4.23410650459726,8.246211251235321,816.0,0.0,2448,0.0,13575
numcoefftrailingones_decoding,16,2,5.333333333333333,48,9,0,1,0,0,0,0,0,0,0,0,0,0,0,720,0,0,0,0,0,0,3,31,5,114,2,0,0,1,982,432,4.9317718940936865,42,0,0.0,31,0.0,0,3.8918202981106265,6.928203230275509,165.33333333333331,0.0,1488,0.0,43482
nv_dw_lsd,8,3,6.333333333333333,19,3,0,0,2,0,0,0,0,0,0,0,0,0,0,43,0,0,0,0,0,0,1,0,1,2,2,0,0,1,79,28,3.7848101265822787,6,0,0.0,0,0.0,0,2.995732273553991,4.358898943540674,0.0,0.0,0,0.0,2331
nv_nvdla_apb2csb,32,16,29.333333333333332,176,6,5,1,0,0,0,0,6,0,0,0,0,0,0,114,0,82,0,0,0,0,1,1,4,4,2,0,0,1,62,82,6.016129032258065,7,6,0.05263157894736842,1,0.0,0,5.176149732573829,13.2664991614216,29.333333333333332,0.0,176,0.0,4775
nv_nvdla_cacc_assembly_buffer,272,4,122.85714285714286,860,7,1,0,0,0,0,0,0,21925,0,0,0,0,0,25705,0,0,0,0,0,0,3,4629,5,1,2,0,0,1,12882,21925,11.583449774879677,840,21925,0.8529468974907606,4629,0.0,0,6.7580945044277305,29.32575659723036,568705.7142857143,0.0,3980940,0.0,1674662
nv_nvdla_cacc_assembly_ctrl,14,1,5.5,55,10,0,0,0,2,0,0,6,0,0,0,0,0,0,200,0,8,0,0,6,0,2,53,7,4,2,0,0,1,207,36,4.826086956521739,21,6,0.03,53,0.0,0,4.02535169073515,7.416198487095663,291.5,0.0,2915,0.0,11629
nv_nvdla_cacc_calculator,1088,2,37.44230769230769,17523,468,135,2,0,0,0,0,0,136638,0,0,0,0,0,77468,0,0,0,0,0,0,427,5740,38,6,2,0,0,1,14524,45848,27.878683558248415,1662,136638,1.7637992461403418,5740,0.0,0,9.771326648933789,132.37446883746125,214918.84615384616,0.0,100582020,0.0,4916419
nv_nvdla_cacc_calc_int8,35,5,29.357142857142858,411,14,3,0,0,0,0,0,0,1688,0,0,0,0,0,1500,0,0,0,0,0,0,10,106,4,3,2,0,0,1,756,1396,11.333333333333334,81,1688,1.1253333333333333,106,0.0,0,6.021023349349527,20.273134932713294,3111.857142857143,0.0,43566,0.0,89568
nv_nvdla_cacc_delivery_buffer,256,2,51.083333333333336,613,12,1,0,2,0,0,0,10,20670,0,0,0,0,0,21508,0,4,0,0,0,0,6,4121,5,4,2,0,0,1,12299,20670,11.36881047239613,700,20680,0.9615026966710062,4121,0.0,0,6.419994928147142,24.758836806279895,210514.4166666667,0.0,2526173,0.0,1497219
nv_nvdla_cacc_delivery_ctrl,1024,1,104.26086956521739,2398,23,0,0,0,4,0,0,0,707,0,0,0,0,0,5636,0,1,0,0,2,0,7,1152,15,4,2,0,0,1,3366,2050,8.7465834818776,273,707,0.12544357700496805,1152,0.0,0,7.782807262839695,48.96937818678118,120108.52173913043,0.0,2762496,0.0,341207
nv_nvdla_cdma_cvt,128,1,21.878048780487806,1794,82,2,21,9,3,0,0,0,3937,0,0,0,0,0,20336,0,66,0,0,0,0,62,1556,18,5,2,0,0,1,20100,7618,6.213582089552239,498,3937,0.19359756097560976,1556,0.0,0,7.492760300922379,42.35563716909474,34042.243902439026,0.0,2791464,0.0,1267850
nv_nvdla_cdma_cvt_cell,34,2,17.533333333333335,263,15,0,5,0,0,0,0,0,399,0,0,0,0,0,2404,0,0,0,0,0,0,9,145,7,2,2,0,0,1,2710,1076,5.9254612546125465,138,399,0.16597337770382695,145,0.0,0,5.575949103146316,16.217274740226856,2542.3333333333335,0.0,38135,0.0,155405
nv_nvdla_cdma_shared_buffer,64,4,22.857142857142858,800,35,1,0,8,0,0,0,0,82640,0,0,0,0,0,120308,0,128,0,0,0,0,19,16610,14,4,2,0,0,1,70290,65536,9.491236306729265,3101,82640,0.6869036140572531,16610,0.0,0,6.68586094706836,28.284271247461902,379657.14285714284,0.0,13288000,0.0,7822395
nv_nvdla_cdp_dp_cvtin,33,5,16.08695652173913,370,23,0,3,1,0,0,0,0,899,0,0,0,0,0,2552,0,26,58,0,0,0,18,542,5,36,2,58,0,1,2025,816,6.621234567901235,141,899,0.3522727272727273,542,0.0,0,5.916202062607435,19.235384061671343,8719.130434782608,0.0,200540,0.0,154058
nv_nvdla_cdp_dp_cvtout,50,6,23.03846153846154,599,26,1,2,1,0,0,0,0,2420,0,0,0,0,0,5152,0,0,53,0,0,0,21,906,6,7,2,53,0,1,4258,1723,6.8668388914983565,219,2420,0.4697204968944099,906,0.0,0,6.396929655216146,24.474476501040833,20872.846153846156,0.0,542694,0.0,325700
nv_nvdla_cdp_dp_intp_unit,89,6,27.357142857142858,383,14,0,0,0,0,0,0,0,0,0,0,0,0,0,6426,0,2,199,0,0,0,9,252,6,2,2,199,0,1,7324,2822,5.525805570726379,193,0,0.0,252,0.0,0,5.950642552587727,19.570385790780925,6894.0,0.0,96516,0.0,383503
nv_nvdla_cdp_dp_lut,32,1,15.979591836734693,5481,343,2,332,0,2,0,0,0,0,0,0,0,0,0,40563,0,66,0,0,0,0,331,32160,7,8,2,0,0,1,30439,14136,7.8012418279181315,1939,0,0.0,32160,0.0,0,8.60922527686273,74.03377607551839,513903.67346938775,0.0,176268960,0.0,2587580
nv_nvdla_cdp_dp_lut_ctrl,32,2,15.923076923076923,414,26,2,4,3,0,0,0,0,1189,0,0,0,0,0,4109,0,25,144,0,0,0,14,423,24,6,2,144,0,1,3510,1535,6.262108262108262,161,1189,0.28936480895595035,423,0.0,0,6.028278520230698,20.346989949375804,6735.461538461539,0.0,175122,0.0,242553
nv_nvdla_cdp_dp_lut_ctrl_unit,32,2,15.72,393,25,2,4,3,0,0,0,0,0,0,0,0,0,0,3607,0,4,151,0,0,0,14,446,25,5,2,151,0,1,3436,1480,5.956635622817229,157,0,0.0,446,0.0,0,5.976350909297934,19.82422760159901,7011.12,0.0,175278,0.0,213655
nv_nvdla_cdp_dp_mul,25,9,20.2,101,5,0,0,0,0,0,0,0,26,0,0,0,0,0,1070,0,0,0,0,0,0,3,83,3,2,2,0,0,1,1185,449,5.738396624472574,82,26,0.024299065420560748,83,0.0,0,4.624972813284271,10.04987562112089,1676.6,0.0,8383,0.0,66494
nv_nvdla_cdp_dp_mul_unit,25,9,16.666666666666668,50,3,0,1,0,0,0,0,0,0,0,0,0,0,0,703,0,0,0,0,0,0,1,26,3,2,2,0,0,1,860,299,5.386046511627907,58,0,0.0,26,0.0,0,3.9318256327243257,7.0710678118654755,433.33333333333337,0.0,1300,0.0,41178
nv_nvdla_cdp_dp_nan,89,32,60.5,242,4,2,0,0,0,0,0,132,0,0,0,0,0,0,456,0,64,0,0,1,0,1,168,70,4,2,0,0,1,255,180,8.701960784313725,20,132,0.2894736842105263,168,0.0,0,5.493061443340548,15.556349186104045,10164.0,0.0,40656,0.0,27937
nv_nvdla_cdp_dp_sum,98,2,23.695652173913043,545,23,0,0,0,0,0,0,0,665,0,0,0,0,0,4093,0,0,0,0,0,0,21,453,3,2,2,0,0,1,3974,1364,6.1841972823351785,168,665,0.1624725140483753,453,0.0,0,6.302618975744905,23.345235059857504,10734.130434782608,0.0,246885,0.0,253265
nv_nvdla_cmac_core_active,64,4,20.125,1288,64,0,0,48,0,0,0,132,0,0,0,0,0,0,4998,0,161,0,0,0,0,14,1266,20,33,2,0,0,1,3203,1001,7.850140493287543,236,132,0.026410564225690276,1266,0.0,0,7.161622002939187,35.888716889852724,25478.25,0.0,1630608,0.0,288515
nv_nvdla_cmac_core_mac,64,8,23.6,236,10,0,0,4,0,0,0,0,0,0,0,0,0,0,2770,0,0,0,0,0,0,4,62,7,2,2,0,0,1,3569,1283,5.293359484449425,96,0,0.0,62,0.0,0,5.4680601411351315,15.362291495737216,1463.2,0.0,14632,0.0,173818
nv_nvdla_cmac_core_rt_in,9,4,7.85,471,60,0,0,54,0,0,0,0,0,0,0,0,0,0,1493,0,2,0,0,0,0,21,318,21,21,2,0,0,1,851,320,8.493537015276146,105,0,0.0,318,0.0,0,6.156978985585555,21.702534414210707,2496.2999999999997,0.0,149778,0.0,92201
nv_nvdla_cmac_core_rt_out,19,4,14.833333333333334,267,18,0,0,0,0,0,0,0,0,0,0,0,0,0,730,0,0,0,0,0,0,7,188,7,7,2,0,0,1,433,185,8.983833718244803,52,0,0.0,188,0.0,0,5.5909869805108565,16.34013463836819,2788.666666666667,0.0,50196,0.0,47968
nv_nvdla_core_reset,1,1,1.0,1,0,0,0,0,1,0,0,0,52,0,0,0,0,0,62,0,0,0,0,0,0,1,7,1,1,2,0,0,1,60,15,4.183333333333334,5,52,0.8387096774193549,7,0.0,0,0.6931471805599453,1.0,7.0,0.0,7,0.0,3508
nv_nvdla_csc_wl_dec,64,2,10.294117647058824,350,34,0,0,24,0,0,0,0,0,0,0,0,0,0,1340,0,1,0,0,0,0,21,256,204,186,2,0,0,1,1053,352,7.597340930674264,79,0,0.0,256,0.0,0,5.860786223465865,18.708286933869708,2635.294117647059,0.0,89600,0.0,86180
nv_nvdla_glb_ic,22,2,5.0,40,8,0,0,0,0,0,0,0,0,0,0,0,0,0,177,0,6,0,0,0,0,2,25,8,1,2,0,0,1,190,42,4.668421052631579,22,0,0.0,25,0.0,0,3.713572066704308,6.324555320336759,125.0,0.0,1000,0.0,11215
nv_nvdla_hls_saturate,49,32,40.5,81,2,1,0,0,0,0,0,0,0,0,0,0,0,0,99,0,1,0,0,0,0,1,0,1,1,2,0,0,1,89,70,5.573033707865169,13,0,0.0,0,0.0,0,4.406719247264253,9.0,0.0,0.0,0,0.0,4775
nv_nvdla_hls_shiftleftsu,32,6,18.0,54,3,1,1,0,0,0,0,0,0,0,0,0,0,0,402,0,2,42,0,0,0,1,0,2,1,2,42,0,1,509,234,5.131630648330059,35,0,0.0,0,0.0,0,4.007333185232471,7.3484692283495345,0.0,0.0,0,0.0,22682
nv_nvdla_hls_shiftrightsatsu,49,6,29.0,87,3,1,0,0,0,0,0,0,0,0,0,0,0,0,979,0,0,43,0,0,0,1,0,2,2,2,43,0,1,1260,582,5.256349206349206,47,0,0.0,0,0.0,0,4.477336814478207,9.327379053088816,0.0,0.0,0,0.0,56476
nv_nvdla_hls_shiftrightss,49,6,29.0,87,3,1,0,0,0,0,0,0,0,0,0,0,0,0,1580,0,1,78,0,0,0,1,0,2,1,2,78,0,1,1842,869,5.289359391965255,53,0,0.0,0,0.0,0,4.477336814478207,9.327379053088816,0.0,0.0,0,0.0,88277
nv_nvdla_hls_shiftrightsu,49,6,29.0,87,3,1,0,0,0,0,0,0,0,0,0,0,0,0,961,0,0,38,0,0,0,1,0,2,1,2,38,0,1,1239,568,5.261501210653753,47,0,0.0,0,0.0,0,4.477336814478207,9.327379053088816,0.0,0.0,0,0.0,55619
nv_nvdla_hls_shiftrightusz,49,6,30.5,122,4,1,0,0,0,0,0,0,0,0,0,0,0,0,1244,0,5,124,0,0,0,1,0,2,2,2,124,0,1,1386,662,5.4935064935064934,65,0,0.0,0,0.0,0,4.812184355372417,11.045361017187261,0.0,0.0,0,0.0,68916
nv_nvdla_pdp_core_unit1d,188,2,70.73076923076923,1839,26,0,0,0,0,0,0,0,671,0,0,0,0,0,9632,0,0,0,0,0,0,24,1484,3,2,2,0,0,1,7441,2386,7.558795860771402,393,671,0.06966362126245847,1484,0.0,0,7.517520850603031,42.883563284783136,104964.46153846153,0.0,2729076,0.0,594898
nv_nvdla_pdp_nan,78,32,55.0,220,4,2,0,0,0,0,0,132,0,0,0,0,0,0,414,0,64,0,0,1,0,1,160,70,4,2,0,0,1,233,158,8.523605150214593,20,132,0.3188405797101449,160,0.0,0,5.3981627015177525,14.832396974191326,8800.0,0.0,35200,0.0,24985
nv_nvdla_sdp_core_pack,512,4,289.0,1156,4,0,0,0,0,0,0,0,0,0,0,0,0,0,1344,0,0,0,0,0,0,3,515,2,2,2,0,0,1,743,1025,13.117092866756392,39,0,0.0,515,0.0,0,7.053585727193677,34.0,148835.0,0.0,595340,0.0,109252
nv_nvdla_sdp_core_unpack,512,4,214.66666666666666,644,3,0,0,0,0,0,0,0,0,0,0,0,0,0,2164,0,0,0,0,0,0,2,515,2,2,2,0,0,1,1166,1026,9.576329331046312,59,0,0.0,515,0.0,0,6.4692503167957724,25.37715508089904,110553.33333333333,0.0,331660,0.0,118036
nv_nvdla_sdp_hls_c,49,2,24.125,386,16,2,1,2,0,0,0,0,2440,0,0,0,0,0,4222,0,8,0,0,0,0,11,246,6,2,2,0,0,1,4610,1812,6.420390455531454,187,2440,0.5779251539554714,246,0.0,0,5.958424693029782,19.6468827043885,5934.75,0.0,94956,0.0,284520
nv_nvdla_sdp_hls_c_int,49,2,26.357142857142858,369,14,2,2,0,0,0,0,0,657,0,0,0,0,0,4090,0,0,0,0,0,0,9,246,6,2,2,0,0,1,4603,1808,6.027156202476646,182,657,0.1606356968215159,246,0.0,0,5.91350300563827,19.209372712298546,6483.857142857143,0.0,90774,0.0,266041
nv_nvdla_sdp_hls_lut_expn,46,8,28.125,450,16,7,0,1,0,0,0,0,573,0,0,0,0,0,2051,0,6,0,0,0,0,12,481,4,3,2,0,0,1,1726,784,6.68018539976825,89,573,0.2793759141882009,481,0.0,0,6.111467339502679,21.213203435596427,13528.125,0.0,216450,0.0,124041
nv_nvdla_sdp_hls_lut_line,72,8,29.8,447,15,6,0,2,0,0,0,0,757,0,0,0,0,0,2666,0,1,136,0,0,0,11,815,4,3,2,136,0,1,2104,939,6.88403041825095,115,757,0.28394598649662417,815,0.0,0,6.104793232414985,21.142374511865974,24287.0,0.0,364305,0.0,156748
nv_nvdla_sdp_hls_prelu,64,32,42.666666666666664,128,3,2,0,0,0,0,0,0,0,0,0,0,0,0,3665,0,0,0,0,0,0,1,0,3,1,2,0,0,1,4676,1784,5.152480752780154,142,0,0.0,0,0.0,0,4.859812404361672,11.313708498984761,0.0,0.0,0,0.0,210255
nv_nvdla_sdp_hls_relu,32,32,32.0,64,2,2,0,0,0,0,0,0,0,0,0,0,0,0,73,0,0,0,0,0,0,0,0,1,1,2,0,0,1,45,64,5.8,6,0,0.0,0,0.0,0,4.174387269895637,8.0,0.0,0.0,0,0.0,3188
nv_nvdla_sdp_hls_sync2data,32,32,32.0,128,4,4,0,0,0,0,0,0,0,0,0,0,0,0,137,0,0,0,0,0,0,1,0,3,3,2,0,0,1,109,67,5.715596330275229,10,0,0.0,0,0.0,0,4.859812404361672,11.313708498984761,0.0,0.0,0,0.0,6930
nv_nvdla_sdp_hls_x1_int,64,2,28.15,563,20,8,4,0,0,0,0,0,3206,0,0,0,0,0,7329,0,0,564,0,0,0,12,647,9,2,2,564,0,1,6487,2578,6.589178356713427,263,3206,0.437440305635148,647,0.0,0,6.335054251498059,23.727621035409346,18213.05,0.0,364261,0.0,439628
nv_nvdla_sdp_hls_x2_int,64,2,28.15,563,20,8,4,0,0,0,0,0,3206,0,0,0,0,0,7329,0,0,564,0,0,0,12,647,9,2,2,564,0,1,6487,2578,6.589178356713427,263,3206,0.437440305635148,647,0.0,0,6.335054251498059,23.727621035409346,18213.05,0.0,364261,0.0,439628
nv_nvdla_sdp_hls_x_int_alu,64,2,27.181818181818183,299,11,3,2,0,0,0,0,0,531,0,0,0,0,0,2227,0,0,207,0,0,0,6,372,6,2,2,207,0,1,2202,889,6.1961852861035425,80,531,0.2384373596766951,372,0.0,0,5.703782474656201,17.291616465790582,10111.636363636364,0.0,111228,0.0,138119
nv_nvdla_sdp_hls_x_int_mul,50,16,35.5,213,6,0,2,0,0,0,0,0,275,0,0,0,0,0,2472,0,0,0,0,0,0,3,107,4,2,2,0,0,1,2926,1071,5.954887218045113,125,275,0.11124595469255663,107,0.0,0,5.365976015021851,14.594519519326424,3798.5,0.0,22791,0.0,161248
nv_nvdla_sdp_hls_x_int_relu,32,32,32.0,128,4,4,0,0,0,0,0,0,170,0,0,0,0,0,338,0,1,0,0,0,0,3,67,2,2,2,0,0,1,250,170,7.864,33,170,0.5029585798816568,67,0.0,0,4.859812404361672,11.313708498984761,2144.0,0.0,8576,0.0,22130
nv_nvdla_sdp_hls_x_int_trt,49,6,30.2,151,5,3,0,0,0,0,0,0,169,0,0,0,0,0,1372,0,1,146,0,0,0,3,67,3,2,2,146,0,1,1466,657,5.8506139154160985,65,169,0.12317784256559766,67,0.0,0,5.0238805208462765,12.288205727444508,2023.3999999999999,0.0,10117,0.0,82115
nv_nvdla_sdp_hls_y_int_alu,64,2,32.2,322,10,8,0,0,0,0,0,0,527,0,0,0,0,0,1873,0,0,0,0,0,0,6,610,5,2,2,0,0,1,1808,742,6.470132743362832,78,527,0.2813667912439936,610,0.0,0,5.777652323222656,17.944358444926362,19642.0,0.0,196420,0.0,117466
nv_nvdla_sdp_hls_y_int_cvt,49,6,29.8,298,10,3,2,0,0,0,0,0,637,0,0,0,0,0,4017,0,0,0,0,0,0,6,237,5,2,2,0,0,1,4538,1771,6.016747465843984,162,637,0.15857605177993528,237,0.0,0,5.700443573390687,17.26267650163207,7062.6,0.0,70626,0.0,260527
nv_nvdla_sdp_hls_y_int_idx,81,8,30.45098039215686,1553,51,23,0,5,0,0,0,0,7724,0,0,0,0,0,10605,0,0,334,0,0,0,43,2661,7,4,2,334,0,1,7461,3271,7.939820399410267,284,7724,0.7283356907119284,2661,0.0,0,7.348587530927593,39.408120990476064,81030.05882352941,0.0,4132533,0.0,657711
nv_nvdla_sdp_hls_y_int_inp,71,5,42.096774193548384,1305,31,7,3,0,0,0,0,0,2108,0,0,0,0,0,11044,0,0,370,0,0,0,23,2490,9,2,2,370,0,1,11531,4101,6.201977278640188,423,2108,0.19087287214777254,2490,0.0,0,7.174724309836376,36.124783736376884,104820.96774193547,0.0,3249450,0.0,691097
nv_nvdla_sdp_hls_y_int_mul,96,10,39.4,394,10,7,0,0,0,0,0,0,687,0,0,0,0,0,6074,0,0,0,0,0,0,6,359,5,2,2,0,0,1,6763,2644,5.807925476859382,238,687,0.11310503786631544,359,0.0,0,5.978885764901122,19.849433241279208,14144.6,0.0,141446,0.0,375155
nv_nvdla_sdp_rdma_pack,513,4,321.5,1286,4,0,0,0,0,0,0,0,0,0,0,0,0,0,2685,0,0,0,0,0,0,3,518,2,2,2,0,0,1,1440,1537,9.966666666666667,50,0,0.0,518,0.0,0,7.160069207596127,35.86084215408221,166537.0,0.0,666148,0.0,153749
nv_nvdla_sdp_rdma_unpack,260,2,109.0,327,3,0,0,0,0,0,0,0,0,0,0,0,0,0,959,0,0,0,0,0,0,2,263,2,2,2,0,0,1,639,522,9.067292644757433,32,0,0.0,263,0.0,0,5.793013608384144,18.083141320025124,28667.0,0.0,86001,0.0,61753
nv_ram_rwsp_128x11,32,7,12.285714285714286,86,7,1,0,0,0,0,0,0,0,0,0,0,0,0,8318,0,0,0,0,0,0,3,1426,5,1,2,0,0,1,5370,5632,8.59683426443203,300,0,0.0,1426,0.0,0,4.465908118654584,9.273618495495704,17519.428571428572,0.0,122636,0.0,464129
nv_ram_rwsp_128x6,32,6,10.142857142857142,71,7,1,0,0,0,0,0,0,0,0,0,0,0,0,4686,0,0,0,0,0,0,3,781,5,1,2,0,0,1,3126,3072,8.321817018554063,233,0,0.0,781,0.0,0,4.276666119016055,8.426149773176359,7921.571428571428,0.0,55451,0.0,257922
nv_ram_rwsp_20x289,289,5,104.16666666666667,625,6,1,0,0,0,0,0,0,0,0,0,0,0,0,33831,0,0,0,0,0,0,2,6074,5,1,2,0,0,1,21329,23120,8.758685357963337,820,0,0.0,6074,0.0,0,6.439350371100098,25.0,632708.3333333334,0.0,3796250,0.0,1981880
nv_ram_rwsp_256x14,32,8,14.0,98,7,1,0,3,0,0,0,0,0,0,0,0,0,0,21076,0,0,0,0,0,0,3,3606,5,1,2,0,0,1,13173,14336,8.745236468534122,558,0,0.0,3606,0.0,0,4.59511985013459,9.899494936611665,50484.0,0.0,353388,0.0,1179189
nv_ram_rwsp_256x16,32,8,14.857142857142858,104,7,1,3,3,0,0,0,0,0,0,0,0,0,0,24031,0,0,0,0,0,0,3,4120,5,1,2,0,0,1,14925,16384,8.783785594639866,577,0,0.0,4120,0.0,0,4.653960350157523,10.198039027185569,61211.42857142857,0.0,428480,0.0,1346455
nv_ram_rwsp_8x257,257,3,92.5,555,6,1,0,0,0,0,0,0,0,0,0,0,0,0,12435,0,0,0,0,0,0,2,2316,5,1,2,0,0,1,7543,8224,8.943921516637943,158,0,0.0,2316,0.0,0,6.320768294250582,23.558437978779494,214230.0,0.0,1285380,0.0,694060
nv_ram_rwsthp_20x32,32,5,21.875,175,8,5,0,0,0,0,0,0,0,0,0,0,0,0,3799,0,0,0,0,0,0,3,677,6,1,2,0,0,1,2481,2560,8.626360338573155,120,0,0.0,677,0.0,0,5.170483995038151,13.228756555322953,14809.375,0.0,118475,0.0,215472
nv_ram_rwsthp_60x168,168,6,90.25,722,8,1,0,0,0,0,0,0,0,0,0,0,0,0,57510,0,0,0,0,0,0,3,10254,6,1,2,0,0,1,35734,40320,8.944646555101585,727,0,0.0,10254,0.0,0,6.583409222158765,26.870057685088806,925423.5,0.0,7403388,0.0,3389029
nv_ram_rwsthp_80x17,32,7,15.125,121,8,1,0,0,0,0,0,0,0,0,0,0,0,0,8134,0,0,0,0,0,0,3,1384,6,1,2,0,0,1,5175,5440,8.621449275362318,253,0,0.0,1384,0.0,0,4.804021044733257,11.0,20933.0,0.0,167464,0.0,452744
nv_ram_rwsthp_80x72,72,7,42.625,341,8,1,0,0,0,0,0,0,0,0,0,0,0,0,34118,0,0,0,0,0,0,3,5839,6,1,2,0,0,1,20908,23040,8.80906829921561,664,0,0.0,5839,0.0,0,5.834810737062605,18.466185312619388,248887.375,0.0,1991099,0.0,1947555
nv_ram_rwst_256x8,32,8,12.0,72,6,1,0,5,0,0,0,0,0,0,0,0,0,0,12165,0,0,0,0,0,0,2,2056,5,1,2,0,0,1,7831,8192,8.57285148767718,446,0,0.0,2056,0.0,0,4.290459441148391,8.48528137423857,24672.0,0.0,148032,0.0,680079
nv_ram_rws_16x256,256,4,92.66666666666667,556,6,1,0,0,0,0,0,0,0,0,0,0,0,0,21239,0,0,0,0,0,0,2,4100,5,1,2,0,0,1,12310,16384,9.577985377741673,780,0,0.0,4100,0.0,0,6.322565239927284,23.57965224510319,379933.3333333334,0.0,2279600,0.0,1225371
nv_ram_rws_256x4,32,4,11.2,56,5,1,0,2,0,0,0,0,0,0,0,0,0,0,5685,0,0,0,0,0,0,1,1032,5,1,2,0,0,1,4611,4096,7.908913467794405,239,0,0.0,1032,0.0,0,4.04305126783455,7.483314773547883,11558.4,0.0,57792,0.0,357998
nv_ram_rws_64x116,116,6,47.0,282,6,1,0,0,0,0,0,0,0,0,0,0,0,0,42737,0,0,0,0,0,0,2,7430,5,1,2,0,0,1,26274,29696,8.881822333866179,738,0,0.0,7430,0.0,0,5.645446897643238,16.792855623746664,349210.0,0.0,2095260,0.0,2427582
nw_db,32,4,18.0,36,2,1,0,0,0,0,0,0,234,0,0,0,0,0,256,0,0,0,0,0,0,2,39,1,2,2,0,0,1,248,232,6.17741935483871,21,234,0.9140625,39,0.0,0,3.6109179126442243,6.0,702.0,0.0,1404,0.0,15177
n_bit_alu,32,4,26.2,131,5,3,0,0,0,0,0,0,607,0,0,0,0,0,1443,0,0,0,0,0,0,2,0,3,68,2,0,0,1,1621,662,5.584207279457125,58,607,0.42065142065142064,0,0.0,0,4.882801922586371,11.445523142259598,0.0,0.0,0,0.0,86157
n_bit_mux,1,1,1.0,1,0,0,0,0,1,0,3,1,0,0,0,0,0,0,16,1,0,1,0,0,0,0,1,3,1,2,1,0,1,17,4,1.588235294117647,0,4,0.25,1,0.0,0,0.6931471805599453,1.0,1.0,0.0,1,0.0,289
n_bit_register,32,32,32.0,64,2,2,0,0,0,0,0,0,0,0,0,0,0,0,132,0,0,0,0,0,0,1,33,2,1,2,0,0,1,90,98,7.733333333333333,15,0,0.0,33,0.0,0,4.174387269895637,8.0,1056.0,0.0,2112,0.0,6205
n_normal,37,8,24.333333333333332,146,6,0,0,2,0,0,0,0,85,0,0,0,0,0,735,0,1,25,0,0,0,2,0,3,4,2,25,0,1,892,384,5.355381165919282,39,85,0.11564625850340136,0,0.0,0,4.990432586778736,12.083045973594572,0.0,0.0,0,0.0,40381
n_subn,37,8,27.6,138,5,0,0,1,0,0,0,0,0,0,0,0,0,0,282,0,12,0,0,0,0,1,0,2,4,2,0,0,1,329,162,5.382978723404255,15,0,0.0,0,0.0,0,4.9344739331306915,11.74734012447073,0.0,0.0,0,0.0,14451
obuf,1,1,1.0,1,0,0,0,0,1,0,0,0,1,0,0,0,0,1,79,0,0,7,2,0,0,0,0,1,1,2,9,0,1,38,5,1.5263157894736843,0,1,0.012658227848101266,0,0.0,2,0.6931471805599453,1.0,0.0,0.0,0,0.0,741
offset_shift,28,2,18.29813664596273,2946,161,0,64,0,0,0,0,0,1504,0,0,0,0,0,9030,0,0,1,0,0,0,97,514,34,33,2,1,0,1,6511,2729,8.601750883120872,742,1504,0.16655592469545957,514,0.0,0,7.988542982737695,54.27706698044764,9405.242236024844,0.0,1514244,0.0,529951
oh_7seg_decode,4,4,4.0,4,1,0,0,0,0,0,0,0,0,0,0,0,0,0,32,0,0,0,0,0,0,1,0,1,1,2,0,0,1,66,23,2.878787878787879,2,0,0.0,0,0.0,0,1.6094379124341003,2.0,0.0,0.0,0,0.0,1455
oh_abs,32,32,32.0,64,2,2,0,0,0,0,0,0,0,0,0,0,0,0,137,0,2,0,0,0,0,1,0,1,2,2,0,0,1,208,103,4.6875,16,0,0.0,0,0.0,0,4.174387269895637,8.0,0.0,0.0,0,0.0,7894
oh_add,32,32,32.0,160,5,5,0,0,0,0,0,68,0,0,0,0,0,0,114,0,32,0,0,0,0,1,0,4,3,2,0,0,1,87,34,6.218390804597701,12,68,0.5964912280701754,0,0.0,0,5.081404364984463,12.649110640673518,0.0,0.0,0,0.0,4650
oh_bin2gray,32,32,32.0,64,2,2,0,0,0,0,0,0,0,0,0,0,0,0,42,0,1,0,0,0,0,0,0,1,1,2,0,0,1,43,64,6.046511627906977,6,0,0.0,0,0.0,0,4.174387269895637,8.0,0.0,0.0,0,0.0,2287
oh_counter,32,32,32.0,64,2,2,0,0,0,0,0,0,0,0,0,0,0,0,471,0,0,0,0,0,0,1,32,2,2,2,0,0,1,594,266,5.575757575757576,33,0,0.0,32,0.0,0,4.174387269895637,8.0,1024.0,0.0,2048,0.0,28391
oh_csa62,1,1,1.0,14,14,0,0,0,14,0,0,0,6,0,0,0,0,0,46,0,0,0,0,0,0,1,0,9,5,2,0,0,1,52,9,3.1153846153846154,0,6,0.13043478260869565,0,0.0,0,2.70805020110221,3.7416573867739413,0.0,0.0,0,0.0,1420
oh_csa92,1,1,1.0,23,23,0,0,0,23,0,0,0,19,0,0,0,0,0,64,0,0,0,0,0,0,1,0,15,8,2,0,0,1,72,15,3.3472222222222223,2,19,0.296875,0,0.0,0,3.1780538303479458,4.795831523312719,0.0,0.0,0,0.0,2101
oh_delay,2,1,1.3333333333333333,4,3,0,0,0,2,0,0,0,0,0,0,0,0,0,27,0,0,0,0,0,0,1,4,3,1,2,0,0,1,34,15,2.8529411764705883,1,0,0.0,4,0.0,0,1.6094379124341003,2.0,5.333333333333333,0.0,16,0.0,1082
oh_gray2bin,32,32,32.0,64,2,2,0,0,0,0,0,0,0,0,0,0,0,0,42,0,1,0,0,0,0,0,0,1,1,2,0,0,1,43,65,6.046511627906977,6,0,0.0,0,0.0,0,4.174387269895637,8.0,0.0,0.0,0,0.0,2317
oh_mult,64,32,51.2,256,5,2,0,0,0,0,0,0,0,0,0,0,0,0,3689,0,0,0,0,0,0,1,0,3,3,2,0,0,1,4811,1470,5.102681355227603,153,0,0.0,0,0.0,0,5.54907608489522,16.0,0.0,0.0,0,0.0,210196
oh_mux,64,2,32.666666666666664,98,3,1,0,0,0,0,0,0,0,0,0,0,0,0,75,0,0,0,0,0,0,0,0,2,1,2,0,0,1,46,66,8.608695652173912,9,0,0.0,0,0.0,0,4.59511985013459,9.899494936611665,0.0,0.0,0,0.0,3542
oh_mux12,1,1,1.0,13,13,0,0,0,13,0,0,0,0,0,0,0,0,0,35,0,0,0,0,0,0,1,0,13,1,2,0,0,1,59,13,2.864406779661017,1,0,0.0,0,0.0,0,2.6390573296152584,3.605551275463989,0.0,0.0,0,0.0,1298
oh_mux7,1,1,1.0,8,8,0,0,0,8,0,0,0,0,0,0,0,0,0,26,0,0,0,0,0,0,1,0,8,1,2,0,0,1,42,8,2.4523809523809526,0,0,0.0,0,0.0,0,2.1972245773362196,2.8284271247461903,0.0,0.0,0,0.0,792
oh_mux8,1,1,1.0,9,9,0,0,0,9,0,0,0,0,0,0,0,0,0,28,0,0,0,0,0,0,1,0,9,1,2,0,0,1,43,9,2.604651162790698,0,0,0.0,0,0.0,0,2.302585092994046,3.0,0.0,0.0,0,0.0,863
oh_mux9,1,1,1.0,10,10,0,0,0,10,0,0,0,0,0,0,0,0,0,31,0,0,0,0,0,0,1,0,10,1,2,0,0,1,50,10,2.56,0,0,0.0,0,0.0,0,2.3978952727983707,3.1622776601683795,0.0,0.0,0,0.0,991
oh_pads_gpio,64,8,16.0,112,7,0,0,6,0,0,0,0,0,0,0,0,0,0,44,0,0,0,0,0,0,1,0,4,1,2,0,0,1,63,27,4.031746031746032,4,0,0.0,0,0.0,0,4.727387818712341,10.583005244258363,0.0,0.0,0,0.0,2208
oh_regfile,80,3,26.666666666666668,160,6,0,0,0,0,0,0,0,0,0,0,0,0,0,2045,0,0,0,0,0,0,1,129,6,1,2,0,0,1,1851,1024,6.587790383576445,103,0,0.0,129,0.0,0,5.081404364984463,12.649110640673518,3440.0,0.0,20640,0.0,116022
oh_ser2par,64,1,32.5,65,2,0,0,0,1,0,0,0,0,0,0,0,0,0,406,0,0,5,0,0,0,1,64,2,1,2,5,0,1,418,254,6.07177033492823,19,0,0.0,64,0.0,0,4.189654742026425,8.06225774829855,2080.0,0.0,4160,0.0,23075
oh_standby,5,5,5.0,5,1,0,0,0,0,0,0,0,38,0,0,0,0,0,65,0,0,0,0,0,0,2,19,1,1,2,0,0,1,62,21,4.612903225806452,9,38,0.5846153846153846,19,0.0,0,1.791759469228055,2.23606797749979,95.0,0.0,95,0.0,3448
oh_stretcher,4,4,4.0,4,1,0,0,0,0,0,0,0,0,0,0,0,0,0,20,0,0,0,0,0,0,2,5,1,1,2,0,0,1,30,9,3.4,0,0,0.0,5,0.0,0,1.6094379124341003,2.0,20.0,0.0,20,0.0,875
oldland_tlb_entry,20,2,12.857142857142858,90,7,0,0,0,0,0,0,0,0,0,0,0,0,0,204,0,0,0,0,0,0,2,45,4,4,2,0,0,1,145,49,7.227586206896552,22,0,0.0,45,0.0,0,4.51085950651685,9.486832980505138,578.5714285714286,0.0,4050,0.0,10224
ollar_core,32,2,19.714285714285715,138,7,4,0,0,0,0,0,0,310,0,0,0,0,0,28607,0,0,0,0,0,0,5,1615,2,3,2,0,0,1,28573,12715,5.924404157771322,784,310,0.01083650854685916,1615,0.0,0,4.9344739331306915,11.74734012447073,31838.57142857143,0.0,222870,0.0,1643360
omega_p16_t16,8,8,8.0,384,48,0,0,48,0,0,0,0,0,0,0,0,0,0,6579,0,0,0,0,0,0,17,256,17,16,2,0,0,1,7910,3301,5.529709228824273,321,0,0.0,256,0.0,0,5.953243334287785,19.595917942265423,2048.0,0.0,98304,0.0,391266
onehot,8,3,5.5,11,2,0,0,1,0,0,0,0,0,0,0,0,0,0,39,0,0,0,0,0,0,2,3,1,1,2,0,0,1,62,27,3.3870967741935485,5,0,0.0,3,0.0,0,2.4849066497880004,3.3166247903554,16.5,0.0,33,0.0,1836
onehot_to_bin,16,4,10.0,20,2,0,1,0,0,0,0,0,0,0,0,0,0,0,30,0,4,0,0,0,0,1,0,1,1,2,0,0,1,36,26,3.7777777777777777,1,0,0.0,0,0.0,0,3.044522437723423,4.47213595499958,0.0,0.0,0,0.0,1170
oneshot,2,2,2.0,4,2,0,0,0,0,0,0,0,0,0,0,0,0,0,25,0,0,0,0,0,0,3,2,1,1,2,0,0,1,42,10,2.1666666666666665,0,0,0.0,2,0.0,0,1.6094379124341003,2.0,4.0,0.0,8,0.0,975
one_bit_alu,3,3,3.0,3,1,0,0,0,0,0,0,0,0,0,0,0,0,0,28,0,0,0,0,0,0,1,0,2,1,2,0,0,1,61,14,2.721311475409836,1,0,0.0,0,0.0,0,1.3862943611198906,1.7320508075688772,0.0,0.0,0,0.0,1232
one_bit_alu_msb,3,3,3.0,3,1,0,0,0,0,0,0,0,0,0,0,0,0,0,29,0,0,0,0,0,0,1,0,2,1,2,0,0,1,69,13,2.7246376811594204,1,0,0.0,0,0.0,0,1.3862943611198906,1.7320508075688772,0.0,0.0,0,0.0,1368
one_digit_bcd_adder,4,4,4.0,12,3,0,0,0,0,0,0,0,0,0,0,0,0,0,38,0,0,0,0,0,0,1,0,3,2,2,0,0,1,68,23,3.2058823529411766,3,0,0.0,0,0.0,0,2.5649493574615367,3.4641016151377544,0.0,0.0,0,0.0,1666
one_hot,64,6,35.0,70,2,0,0,0,0,0,0,0,0,0,0,0,0,0,110,0,0,0,0,0,0,1,0,1,1,2,0,0,1,146,98,5.589041095890411,11,0,0.0,0,0.0,0,4.2626798770413155,8.366600265340756,0.0,0.0,0,0.0,6613
one_shot,1,1,1.0,1,0,0,0,0,1,2,0,1,0,2,0,1,0,4,53,3,0,1,2,1,0,0,2,2,1,2,3,0,1,28,7,2.5714285714285716,0,3,0.05660377358490566,4,0.05660377358490566,2,0.6931471805599453,1.0,2.0,0.22641509433962265,4,3.0,640
one_shot_timer,4,4,4.0,4,1,0,0,0,0,0,0,0,0,0,0,0,0,0,35,0,0,0,0,0,0,2,27,1,1,2,0,0,1,64,19,2.90625,3,0,0.0,27,0.0,0,1.6094379124341003,2.0,108.0,0.0,108,0.0,1599
onthefly,24,3,8.5,34,4,0,0,0,0,0,0,0,0,0,0,0,0,0,449,0,2,0,0,0,0,1,72,4,1,2,0,0,1,464,148,5.870689655172414,38,0,0.0,72,0.0,0,3.5553480614894135,5.830951894845301,612.0,0.0,2448,0.0,25110
op1_mux,8,2,7.0,42,6,0,0,5,0,0,0,0,0,0,0,0,0,0,61,0,0,0,0,0,0,1,20,5,1,2,0,0,1,75,30,4.586666666666667,8,0,0.0,20,0.0,0,3.7612001156935624,6.48074069840786,140.0,0.0,840,0.0,2984
op2_mux,8,2,6.5,26,4,0,0,3,0,0,0,0,0,0,0,0,0,0,34,0,0,0,0,0,0,1,10,3,1,2,0,0,1,44,10,3.6818181818181817,0,0,0.0,10,0.0,0,3.295836866004329,5.0990195135927845,65.0,0.0,260,0.0,1525
openmips,65,2,27.147058823529413,1846,68,45,0,3,0,0,0,0,9919,0,0,0,0,0,26364,0,33,491,0,5,0,60,16849,4,7,2,491,0,1,23525,9929,6.830010626992561,727,9919,0.376232741617357,16849,0.0,0,7.52131798019924,42.96510211788167,457400.7941176471,0.0,31103254,0.0,1637029
op_mux,32,5,23.0,69,3,2,0,0,0,0,0,1,0,0,0,0,0,0,118,1,0,0,2,0,0,0,2,3,2,2,2,0,1,40,13,2.675,4,1,0.00847457627118644,2,0.0,2,4.248495242049359,8.306623862918075,46.0,0.0,138,0.0,1995
or,32,32,32.0,96,3,3,0,0,0,0,0,0,0,0,0,0,0,0,39,0,0,0,0,0,0,0,0,2,1,2,0,0,1,9,33,15.222222222222221,4,0,0.0,0,0.0,0,4.574710978503383,9.797958971132712,0.0,0.0,0,0.0,1186
or1200_amultp2_32x32,524,2,68.05882352941177,1157,17,3,1,0,0,0,0,0,2479,0,0,0,0,0,8904,0,0,0,0,0,0,14,456,4,1,2,0,0,1,12215,4853,5.299222267703643,286,2479,0.27841419586702604,456,0.0,0,7.05444965813294,34.0147027033899,31034.823529411766,0.0,527592,0.0,571785
or1200_wb_biu,256,2,63.266666666666666,949,15,5,0,0,0,0,0,0,0,0,0,0,0,0,2753,0,34,0,0,0,0,4,1082,5,7,2,0,0,1,1999,859,7.019009504752376,103,0,0.0,1082,0.0,0,6.856461984594587,30.805843601498726,68454.53333333333,0.0,1026818,0.0,146278
orx,32,32,32.0,96,3,3,0,0,0,0,0,0,0,0,0,0,0,0,43,0,0,0,0,0,0,0,0,2,1,2,0,0,1,44,34,6.090909090909091,7,0,0.0,0,0.0,0,4.574710978503383,9.797958971132712,0.0,0.0,0,0.0,2618
or_gate,32,32,32.0,96,3,3,0,0,0,0,0,0,0,0,0,0,0,0,43,0,0,0,0,0,0,0,0,2,1,2,0,0,1,44,34,6.090909090909091,7,0,0.0,0,0.0,0,4.574710978503383,9.797958971132712,0.0,0.0,0,0.0,2180
oserdese2,8,2,4.5,18,4,0,0,1,0,0,0,16,0,0,0,0,0,0,72,0,6,0,0,0,0,5,18,1,1,2,0,0,1,89,30,4.191011235955056,7,16,0.2222222222222222,18,0.0,0,2.9444389791664403,4.242640687119285,81.0,0.0,324,0.0,3427
outmux,24,8,16.0,96,6,0,0,3,0,0,0,0,0,0,0,0,0,0,153,0,0,39,0,0,0,1,33,5,3,2,39,0,1,101,68,7.287128712871287,16,0,0.0,33,0.0,0,4.574710978503383,9.797958971132712,528.0,0.0,3168,0.0,8262
outputfrequency,20,20,20.0,40,2,0,0,0,0,0,0,42,0,0,0,0,0,0,44,0,19,0,0,0,0,1,0,1,1,2,0,0,1,42,22,4.214285714285714,4,42,0.9545454545454546,0,0.0,0,3.713572066704308,6.324555320336759,0.0,0.0,0,0.0,1634
outputport,16,16,16.0,32,2,0,2,0,0,0,0,0,0,0,0,0,0,0,60,0,0,0,0,0,0,1,16,2,1,2,0,0,1,51,18,5.627450980392157,13,0,0.0,16,0.0,0,3.4965075614664802,5.656854249492381,256.0,0.0,512,0.0,2834
output_mux,2,2,2.0,2,1,0,0,0,0,0,0,0,0,0,0,0,0,0,26,0,0,0,0,0,0,1,0,2,2,2,0,0,1,43,8,2.488372093023256,0,0,0.0,0,0.0,0,1.0986122886681098,1.4142135623730951,0.0,0.0,0,0.0,1044
output_register,128,128,128.0,256,2,0,0,0,0,0,0,0,0,0,0,0,0,0,241,0,0,0,0,0,0,1,129,2,2,2,0,0,1,37,130,29.91891891891892,17,0,0.0,129,0.0,0,5.54907608489522,16.0,16512.0,0.0,33024,0.0,11778
output_squares,16,4,8.0,48,6,0,1,0,0,0,0,0,165,0,0,0,0,0,322,0,0,0,0,0,0,4,31,2,4,2,0,0,1,408,165,5.348039215686274,26,165,0.5124223602484472,31,0.0,0,3.8918202981106265,6.928203230275509,248.0,0.0,1488,0.0,19573
out_buffer,4,2,2.8,28,10,0,0,0,0,0,0,0,0,0,0,0,0,0,57,0,0,0,0,0,0,0,19,6,6,2,0,0,1,40,21,5.225,5,0,0.0,19,0.0,0,3.367295829986474,5.291502622129181,53.199999999999996,0.0,532,0.0,2497
out_i2s,16,6,11.0,44,4,0,2,0,0,0,0,14,0,0,0,0,0,0,123,0,5,0,0,0,0,2,8,3,2,2,0,0,1,174,51,4.333333333333333,14,14,0.11382113821138211,8,0.0,0,3.8066624897703196,6.6332495807108,88.0,0.0,352,0.0,6763
out_lj,24,6,18.0,54,3,0,0,0,0,0,0,0,14,0,0,0,0,0,151,0,0,0,0,0,0,2,10,3,1,2,0,0,1,219,61,4.506849315068493,19,14,0.09271523178807947,10,0.0,0,4.007333185232471,7.3484692283495345,180.0,0.0,540,0.0,8682
out_table,14,13,13.5,27,2,0,0,0,0,0,0,0,0,0,0,0,0,0,11454,0,0,0,0,0,0,1,0,2,1,2,0,0,1,13482,6302,5.450897492953568,710,0,0.0,0,0.0,0,3.332204510175204,5.196152422706632,0.0,0.0,0,0.0,656846
ov7670_registers,16,8,12.0,24,2,0,1,1,0,0,0,0,0,0,0,0,0,0,366,0,1,0,0,0,0,2,40,1,2,2,0,0,1,475,204,5.069473684210526,31,0,0.0,40,0.0,0,3.2188758248682006,4.898979485566356,480.0,0.0,960,0.0,20877
overdrive,12,2,9.5,38,4,0,0,0,0,0,0,0,67,0,0,0,0,0,179,0,0,0,0,0,0,2,22,3,1,2,0,0,1,219,63,4.8173515981735155,23,67,0.3743016759776536,22,0.0,0,3.6635616461296463,6.164414002968976,209.0,0.0,836,0.0,10129
overflow_flag,4,4,4.0,8,2,0,0,0,0,0,0,0,0,0,0,0,0,0,22,0,0,0,0,0,0,1,1,2,1,2,0,0,1,50,10,2.3,0,0,0.0,1,0.0,0,2.1972245773362196,2.8284271247461903,4.0,0.0,8,0.0,869
packer,128,2,38.6,386,10,0,0,3,0,0,0,0,0,0,0,0,0,0,1782,0,0,0,0,0,0,5,251,4,4,2,0,0,1,1545,700,7.046601941747573,82,0,0.0,251,0.0,0,5.958424693029782,19.6468827043885,9688.6,0.0,96886,0.0,101762
pack_interconnect,128,32,104.0,416,4,1,0,0,0,0,0,0,0,0,0,0,0,0,2101,0,0,0,0,0,0,1,0,2,1,2,0,0,1,1256,1634,9.087579617834395,75,0,0.0,0,0.0,0,6.0330862217988015,20.396078054371138,0.0,0.0,0,0.0,126934
pair_sad,10,8,8.8,88,10,0,0,4,0,0,0,0,132,0,0,0,0,0,80,0,0,24,0,0,0,3,0,4,1,2,24,0,1,65,66,8.061538461538461,13,132,1.65,0,0.0,0,4.48863636973214,9.38083151964686,0.0,0.0,0,0.0,4681
parallella_gpio,32,2,9.93939393939394,656,66,8,0,4,0,0,0,0,272,0,0,0,0,0,310,0,0,0,0,0,0,1,0,20,6,2,0,0,1,148,136,9.83108108108108,18,272,0.8774193548387097,0,0.0,0,6.48768401848461,25.612496949731394,0.0,0.0,0,0.0,16616
parallel_adder_subtractor,4,4,4.0,12,3,0,0,0,0,0,0,0,0,0,0,0,0,0,25,0,0,0,0,0,0,1,0,3,2,2,0,0,1,33,14,3.272727272727273,2,0,0.0,0,0.0,0,2.5649493574615367,3.4641016151377544,0.0,0.0,0,0.0,815
parallel_to_serial,16,16,16.0,32,2,0,2,0,0,0,0,0,0,0,0,0,0,0,140,0,0,0,0,0,0,2,22,2,1,2,0,0,1,155,49,5.290322580645161,21,0,0.0,22,0.0,0,3.4965075614664802,5.656854249492381,352.0,0.0,704,0.0,7709
parameterizedviaheaderadderextmodule,16,16,16.0,32,2,0,2,0,0,0,0,0,0,0,0,0,0,0,50,0,1,0,0,0,0,1,0,1,1,2,0,0,1,77,30,4.12987012987013,8,0,0.0,0,0.0,0,3.4965075614664802,5.656854249492381,0.0,0.0,0,0.0,2633
parity_calc,8,8,8.0,16,2,0,0,2,0,0,0,0,0,0,0,0,0,0,49,0,0,0,0,0,0,2,8,2,1,2,0,0,1,59,17,3.983050847457627,4,0,0.0,8,0.0,0,2.833213344056216,4.0,64.0,0.0,128,0.0,2313
parity_check,8,8,8.0,8,1,0,0,1,0,0,0,0,0,0,0,0,0,0,22,0,0,0,0,0,0,1,0,2,1,2,0,0,1,41,10,2.5853658536585367,0,0,0.0,0,0.0,0,2.1972245773362196,2.8284271247461903,0.0,0.0,0,0.0,906
parity_finder,25,5,15.0,30,2,0,0,0,0,0,0,0,0,0,0,0,0,0,31,0,0,0,0,0,0,1,0,1,1,2,0,0,1,49,27,3.7755102040816326,3,0,0.0,0,0.0,0,3.4339872044851463,5.477225575051661,0.0,0.0,0,0.0,1490
parity_out,1024,8,346.6666666666667,1040,3,0,0,2,0,0,0,0,0,0,0,0,0,0,92,0,8,0,0,0,0,2,8,2,2,2,0,0,1,119,41,4.142857142857143,7,0,0.0,8,0.0,0,6.947937068614969,32.2490309931942,2773.3333333333335,0.0,8320,0.0,4560
parity_pitch,16,4,14.909090909090908,164,11,0,10,0,0,0,0,64,0,0,0,0,0,0,412,0,30,0,0,0,0,4,53,4,6,2,0,0,1,431,190,5.91415313225058,43,64,0.1553398058252427,53,0.0,0,5.10594547390058,12.806248474865697,790.1818181818181,0.0,8692,0.0,23022
parity_pitch_pipe,32,4,17.666666666666668,212,12,3,4,0,0,0,0,0,162,0,0,0,0,0,547,0,0,0,0,0,0,7,52,5,3,2,0,0,1,574,262,5.806620209059234,53,162,0.2961608775137112,52,0.0,0,5.3612921657094255,14.560219778561036,918.6666666666667,0.0,11024,0.0,30659
partial,17,16,16.5,33,2,0,1,0,0,0,0,0,0,0,0,0,0,0,88,0,0,0,0,0,0,1,0,2,1,2,0,0,1,157,72,4.923566878980892,20,0,0.0,0,0.0,0,3.5263605246161616,5.744562646538029,0.0,0.0,0,0.0,5844
passcoder_dd,17,3,8.25,132,16,0,1,0,0,0,0,0,6499,0,0,0,0,0,1625,0,0,0,0,0,0,5,0,4,1,2,0,0,1,723,2080,16.52420470262794,77,6499,3.9993846153846153,0,0.0,0,4.890349128221754,11.489125293076057,0.0,0.0,0,0.0,96828
password_gen,60,6,52.285714285714285,366,7,0,0,0,0,0,0,0,0,0,0,0,0,3,28,1,0,3,0,0,0,5,1,1,20,2,3,0,1,30,7,2.066666666666667,0,0,0.0,1,0.0,0,5.905361848054571,19.131126469708992,52.285714285714285,0.0,366,0.0,848
pattern_vg,20,8,11.928571428571429,167,14,0,0,7,0,0,0,0,293,0,0,0,0,0,500,0,0,0,0,0,0,3,47,10,4,2,0,0,1,502,153,6.51394422310757,50,293,0.586,47,0.0,0,5.123963979403259,12.922847983320086,560.6428571428571,0.0,7849,0.0,30206
paula_audio,16,3,10.679245283018869,566,53,0,25,7,0,0,0,0,4801,0,0,0,0,0,4320,0,0,0,0,0,0,45,510,5,5,2,0,0,1,3365,1721,8.345319465081724,256,4801,1.1113425925925926,510,0.0,0,6.340359303727752,23.790754506740637,5446.4150943396235,0.0,288660,0.0,257657
paula_audio_channel,16,3,11.583333333333334,139,12,0,7,1,0,0,0,0,288,0,0,0,0,0,925,0,0,0,0,0,0,10,125,3,2,2,0,0,1,989,449,6.130434782608695,57,288,0.31135135135135134,125,0.0,0,4.941642422609304,11.789826122551595,1447.9166666666667,0.0,17375,0.0,54945
paula_audio_mixer,9,8,8.25,66,8,0,0,6,0,0,0,0,56,0,0,0,0,0,96,0,0,0,0,0,0,3,18,5,2,2,0,0,1,70,30,7.4714285714285715,22,56,0.5833333333333334,18,0.0,0,4.204692619390966,8.12403840463596,148.5,0.0,1188,0.0,5099
payloadh8,16,7,11.5,23,2,0,1,0,0,0,0,0,0,0,0,0,0,0,38,0,11,0,0,0,0,1,0,1,1,2,0,0,1,46,34,3.0,3,0,0.0,0,0.0,0,3.1780538303479458,4.795831523312719,0.0,0.0,0,0.0,1611
pbypass_module,16,16,16.0,32,2,0,2,0,0,0,0,0,144,0,0,0,0,0,168,0,0,0,0,0,0,2,17,2,1,3,0,0,1,150,144,6.466666666666667,22,144,0.8571428571428571,17,0.0,0,3.4965075614664802,5.656854249492381,272.0,0.0,544,0.0,8687
pc,32,32,32.0,64,2,2,0,0,0,0,0,0,0,0,0,0,0,0,76,0,0,0,0,0,0,1,32,2,1,2,0,0,1,21,35,16.285714285714285,10,0,0.0,32,0.0,0,4.174387269895637,8.0,1024.0,0.0,2048,0.0,3579
pcadder,32,2,25.8,129,5,3,0,0,0,0,0,0,291,0,0,0,0,0,132,0,0,0,0,0,0,2,0,4,1,2,0,0,1,162,98,6.728395061728395,16,291,2.2045454545454546,0,0.0,0,4.867534450455582,11.357816691600547,0.0,0.0,0,0.0,8569
pcbranch,32,31,31.75,127,4,3,0,0,0,0,0,0,97,0,0,0,0,0,89,0,0,35,0,0,0,2,0,2,1,2,35,0,1,56,97,9.0,11,97,1.0898876404494382,0,0.0,0,4.852030263919617,11.269427669584644,0.0,0.0,0,0.0,5622
pci_arbiter,3,3,3.0,3,1,0,0,0,0,0,0,0,0,0,0,0,0,0,60,0,0,0,0,0,0,2,7,1,1,2,0,0,1,98,24,3.489795918367347,5,0,0.0,7,0.0,0,1.3862943611198906,1.7320508075688772,21.0,0.0,21,0.0,3072
pcmux,32,32,32.0,96,3,3,0,0,0,0,0,0,0,0,0,0,0,0,77,0,0,0,0,0,0,1,0,3,1,2,0,0,1,53,35,7.679245283018868,11,0,0.0,0,0.0,0,4.574710978503383,9.797958971132712,0.0,0.0,0,0.0,3765
pcnt,32,32,32.0,64,2,2,0,0,0,0,0,0,0,0,0,0,0,0,142,0,0,0,0,0,0,1,32,2,1,2,0,0,1,95,66,8.0,18,0,0.0,32,0.0,0,4.174387269895637,8.0,1024.0,0.0,2048,0.0,7452
pcplus4,32,32,32.0,64,2,2,0,0,0,0,0,0,0,0,0,0,0,0,102,0,2,0,0,0,0,1,0,1,1,2,0,0,1,138,57,4.797101449275362,14,0,0.0,0,0.0,0,4.174387269895637,8.0,0.0,0.0,0,0.0,5545
pcreg,32,32,32.0,96,3,3,0,0,0,1,0,0,0,0,0,0,0,5,31,1,0,4,0,0,0,7,1,7,1,2,4,0,1,22,8,2.9545454545454546,0,1,0.03225806451612903,1,0.0,0,4.574710978503383,9.797958971132712,32.0,0.0,96,0.0,756
pctarget,32,32,32.0,96,3,3,0,0,0,0,0,0,0,0,0,0,0,0,67,0,0,0,0,0,0,1,0,2,1,2,0,0,1,88,35,5.068181818181818,9,0,0.0,0,0.0,0,4.574710978503383,9.797958971132712,0.0,0.0,0,0.0,3972
pcunit,32,32,32.0,64,2,2,0,0,0,0,0,0,0,0,0,0,0,0,75,0,0,0,0,0,0,0,32,2,1,2,0,0,1,15,34,22.266666666666666,10,0,0.0,32,0.0,0,4.174387269895637,8.0,1024.0,0.0,2048,0.0,3740
pc_add,32,32,32.0,64,2,2,0,0,0,1,0,0,0,0,0,0,0,0,7,0,1,0,0,0,0,0,0,1,1,2,0,0,1,8,2,1.25,0,1,0.14285714285714285,0,0.0,0,4.174387269895637,8.0,0.0,0.0,0,0.0,99
pc_add4,32,32,32.0,64,2,2,0,0,0,0,0,0,0,0,0,0,0,0,108,0,2,0,0,0,0,1,0,1,1,2,0,0,1,138,57,4.797101449275362,14,0,0.0,0,0.0,0,4.174387269895637,8.0,0.0,0.0,0,0.0,5811
pc_adder,32,32,32.0,96,3,3,0,0,0,0,0,0,0,0,0,0,0,0,77,0,0,0,0,0,0,1,0,2,1,2,0,0,1,88,35,5.068181818181818,9,0,0.0,0,0.0,0,4.574710978503383,9.797958971132712,0.0,0.0,0,0.0,4027
pc_adder_jbeq,32,31,31.8,159,5,4,0,0,0,0,0,0,97,0,0,0,0,0,101,0,0,0,0,0,0,2,0,3,1,2,0,0,1,58,97,8.741379310344827,11,97,0.9603960396039604,0,0.0,0,5.075173815233827,12.609520212918492,0.0,0.0,0,0.0,5372
pc_control,16,8,13.333333333333334,40,3,0,2,1,0,0,0,0,0,8,6,0,0,0,34,0,15,0,0,0,0,2,0,4,1,2,0,0,1,34,15,3.1176470588235294,1,0,0.0,0,0.4117647058823529,0,3.713572066704308,6.324555320336759,0.0,0.0,0,106.66666666666667,663
pc_counter,32,32,32.0,64,2,2,0,0,0,0,0,0,1,0,0,0,0,2,17,1,0,0,0,0,0,1,1,1,1,2,0,0,1,14,3,1.4285714285714286,0,1,0.058823529411764705,1,0.0,0,4.174387269895637,8.0,32.0,0.0,64,0.0,229
pc_decoding,7,2,4.0,64,16,0,0,0,0,0,0,0,57,0,0,0,0,0,289,0,0,0,0,0,0,3,44,14,1,2,0,0,1,389,135,4.388174807197943,25,57,0.1972318339100346,44,0.0,0,4.174387269895637,8.0,176.0,0.0,2816,0.0,16578
pc_flip,32,32,32.0,64,2,2,0,0,0,0,0,0,0,0,0,0,0,0,76,0,0,0,0,0,0,1,32,2,1,2,0,0,1,22,34,15.545454545454545,10,0,0.0,32,0.0,0,4.174387269895637,8.0,1024.0,0.0,2048,0.0,3348
pc_module,10,8,9.333333333333334,28,3,0,0,1,0,0,0,0,27,0,0,0,0,0,64,0,0,0,0,0,0,2,10,2,1,3,0,0,1,78,27,4.846153846153846,9,27,0.421875,10,0.0,0,3.367295829986474,5.291502622129181,93.33333333333334,0.0,280,0.0,3227
pc_mux,32,32,32.0,96,3,3,0,0,0,0,0,0,0,0,0,0,0,0,66,0,0,0,0,0,0,0,0,3,1,2,0,0,1,46,34,7.282608695652174,9,0,0.0,0,0.0,0,4.574710978503383,9.797958971132712,0.0,0.0,0,0.0,3595
pc_next,32,31,31.75,127,4,3,0,0,0,0,0,0,291,0,0,0,0,0,118,0,0,0,0,0,0,2,0,3,1,2,0,0,1,136,98,7.382352941176471,16,291,2.4661016949152543,0,0.0,0,4.852030263919617,11.269427669584644,0.0,0.0,0,0.0,7738
pc_plus_4,32,32,32.0,64,2,2,0,0,0,0,0,0,169,0,0,0,0,0,132,0,2,0,0,0,0,1,0,1,1,2,0,0,1,108,169,6.324074074074074,8,169,1.2803030303030303,0,0.0,0,4.174387269895637,8.0,0.0,0.0,0,0.0,6308
pc_reg,32,3,22.333333333333332,67,3,2,0,0,0,0,0,4,169,0,0,0,0,0,274,0,2,0,0,0,0,1,33,3,1,2,0,0,1,300,169,5.98,26,173,0.6313868613138686,33,0.0,0,4.219507705176107,8.18535277187245,737.0,0.0,2211,0.0,15393
pc_register,32,32,32.0,64,2,2,0,0,0,0,0,0,0,0,0,0,0,0,145,0,0,75,0,0,0,1,33,2,1,2,75,0,1,102,66,7.186274509803922,16,0,0.0,33,0.0,0,4.174387269895637,8.0,1056.0,0.0,2112,0.0,7332
pc_sel,32,2,26.0,130,5,4,0,0,0,0,0,1,0,0,0,0,0,1,30,1,0,1,2,0,0,0,1,5,1,2,3,0,1,23,6,1.8695652173913044,0,1,0.03333333333333333,1,0.0,2,4.875197323201151,11.40175425099138,26.0,0.0,130,0.0,655
pc_target,32,31,31.75,127,4,3,0,0,0,0,0,0,97,0,0,0,0,0,79,0,0,0,0,0,0,2,0,2,1,2,0,0,1,57,97,8.842105263157896,11,97,1.2278481012658229,0,0.0,0,4.852030263919617,11.269427669584644,0.0,0.0,0,0.0,5070
pdm,13,12,12.25,49,4,0,0,0,0,0,0,0,88,0,0,0,0,0,230,0,0,0,0,0,0,4,24,2,1,2,0,0,1,289,94,4.927335640138408,29,88,0.3826086956521739,24,0.0,0,3.912023005428146,7.0,294.0,0.0,1176,0.0,13399
pe,28,2,27.6,1794,65,0,0,0,0,0,0,0,0,0,0,0,0,0,4001,0,57,0,0,0,0,1,0,34,33,2,0,0,1,4292,1989,6.119291705498602,260,0,0.0,0,0.0,0,7.492760300922379,42.35563716909474,0.0,0.0,0,0.0,238108
peak_counter_datapath,24,8,18.666666666666668,56,3,0,0,1,0,0,0,0,336,0,0,0,0,0,3343,0,0,4,0,0,0,1,1562,2,3,2,4,0,1,2929,1312,6.602594742232844,95,336,0.10050852527669758,1562,0.0,0,4.04305126783455,7.483314773547883,29157.333333333336,0.0,87472,0.0,215366
percvar_pipe,32,5,19.771929824561404,1127,57,15,23,0,0,0,0,0,39161,0,0,0,0,0,17130,0,2,150,0,0,0,20,0,25,10,2,150,0,1,2436,5957,37.916666666666664,350,39161,2.28610624635143,0,0.0,0,7.028201432058005,33.57082066318904,0.0,0.0,0,0.0,1026598
peripheral,32,4,13.846153846153847,180,13,2,0,3,0,0,0,24,1257,0,0,0,0,0,1265,0,10,0,0,0,0,10,359,4,2,2,0,0,1,1128,447,6.914007092198582,86,1281,1.0126482213438734,359,0.0,0,5.198497031265826,13.416407864998739,4970.769230769231,0.0,64620,0.0,77948
peripherals,32,4,21.041666666666668,505,24,11,2,0,0,0,0,1,1,12,0,0,0,6,139,1,6,0,2,0,0,14,1,7,6,2,2,0,1,60,16,3.6666666666666665,5,2,0.014388489208633094,1,0.08633093525179857,2,6.226536669287466,22.47220505424423,21.041666666666668,0.08633093525179857,505,252.5,2556
peripheral_interface,32,2,19.571428571428573,274,14,8,0,0,0,0,0,20,0,0,0,0,0,0,551,0,38,0,0,0,0,1,112,8,8,2,0,0,1,368,113,7.380434782608695,33,20,0.036297640653357534,112,0.0,0,5.616771097666572,16.55294535724685,2192.0,0.0,30688,0.0,29754
permute_controller,4,3,3.5,7,2,0,0,0,0,0,0,0,0,0,0,0,0,0,40,0,1,0,0,0,0,3,3,1,1,2,0,0,1,69,15,3.1884057971014492,3,0,0.0,3,0.0,0,2.0794415416798357,2.6457513110645907,10.5,0.0,21,0.0,1886
pes_pwm,28,4,15.5,62,4,0,0,0,0,0,0,0,85,0,0,0,0,0,274,0,1,0,0,0,0,5,40,1,1,2,0,0,1,298,93,5.268456375838926,25,85,0.3102189781021898,40,0.0,0,4.143134726391533,7.874007874011811,620.0,0.0,2480,0.0,15997
pes_rr_arbiter,4,4,4.0,12,3,0,0,0,0,0,0,0,0,0,0,0,0,0,68,0,8,0,0,0,0,1,0,2,2,2,0,0,1,96,24,3.4270833333333335,4,0,0.0,0,0.0,0,2.5649493574615367,3.4641016151377544,0.0,0.0,0,0.0,3191
pe_1,3,2,2.6666666666666665,8,3,0,0,0,0,0,0,0,1,0,0,0,0,0,32,0,0,0,0,0,0,2,0,1,1,2,0,0,1,15,8,1.9333333333333333,0,1,0.03125,0,0.0,0,2.1972245773362196,2.8284271247461903,0.0,0.0,0,0.0,225
pe_2,3,2,2.6666666666666665,8,3,0,0,0,0,0,0,0,1,1,2,0,0,0,32,0,3,0,0,0,0,2,0,1,1,2,0,0,1,11,8,2.3636363636363638,0,1,0.03125,0,0.09375,0,2.1972245773362196,2.8284271247461903,0.0,0.0,0,2.6666666666666665,235
pe_array,16,8,10.666666666666666,32,3,0,1,2,0,0,0,0,70444,0,0,0,0,0,116390,0,0,0,0,0,0,1,25020,3,1,2,0,0,1,75444,42814,8.316499655373523,1738,70444,0.6052410000859181,25020,0.0,0,3.4965075614664802,5.656854249492381,266880.0,0.0,800640,0.0,6863793
pe_ctrl,64,3,43.666666666666664,131,3,0,0,0,0,0,0,0,0,0,0,0,0,0,247,0,0,74,0,0,0,1,71,2,3,2,74,0,1,220,130,7.386363636363637,20,0,0.0,71,0.0,0,4.882801922586371,11.445523142259598,3100.333333333333,0.0,9301,0.0,14403
pe_fpga,8,3,5.5,11,2,0,0,1,0,0,0,0,0,0,0,0,0,0,21,0,0,0,0,0,0,1,0,1,1,2,0,0,1,38,15,2.6578947368421053,1,0,0.0,0,0.0,0,2.4849066497880004,3.3166247903554,0.0,0.0,0,0.0,815
pe_i,16,2,15.784615384615385,1026,65,0,64,0,0,0,0,0,0,0,0,0,0,0,2157,0,33,0,0,0,0,1,0,34,33,2,0,0,1,2458,1119,6.0992676973148905,176,0,0.0,0,0.0,0,6.934397209928558,32.03123475609393,0.0,0.0,0,0.0,132440
pe_line,128,8,32.0,160,5,0,0,4,0,0,0,0,706,0,0,0,0,0,2990,0,0,0,0,0,0,1,256,3,3,2,0,0,1,3119,1331,6.369990381532542,106,706,0.23612040133779263,256,0.0,0,5.081404364984463,12.649110640673518,8192.0,0.0,40960,0.0,196535
pfa,4,4,4.0,32,8,0,0,0,0,0,0,0,0,0,0,0,0,0,54,0,0,0,0,0,0,1,17,3,2,2,0,0,1,36,19,6.166666666666667,7,0,0.0,17,0.0,0,3.4965075614664802,5.656854249492381,68.0,0.0,544,0.0,2086
pfd,32,32,32.0,128,4,4,0,0,0,0,0,0,0,0,0,0,0,0,990,0,1,0,0,0,0,4,109,1,1,2,0,0,1,1284,407,5.200934579439252,50,0,0.0,109,0.0,0,4.859812404361672,11.313708498984761,3488.0,0.0,13952,0.0,58052
pgm_distributed_fifo_ctr_v1_0,13,9,10.222222222222221,184,18,0,0,0,0,0,0,4,397,0,0,0,0,0,650,0,0,1,0,0,0,15,86,1,5,2,1,0,1,582,306,7.359106529209622,63,401,0.6169230769230769,86,0.0,0,5.220355825078324,13.564659966250536,879.1111111111111,0.0,15824,0.0,40052
pgpio,64,24,48.0,288,6,0,0,0,0,0,0,36,48,0,0,0,0,0,226,0,16,0,0,0,0,1,0,2,1,2,0,0,1,125,115,8.272,18,84,0.37168141592920356,0,0.0,0,5.666426688112432,16.97056274847714,0.0,0.0,0,0.0,11819
pgr_apb_mif_32bit,32,2,14.875,238,16,4,3,4,0,0,0,0,66,0,0,0,0,0,687,0,0,56,0,0,0,8,126,6,5,2,56,0,1,575,132,6.909565217391305,51,66,0.09606986899563319,126,0.0,0,5.476463551931511,15.427248620541512,1874.25,0.0,29988,0.0,38661
pgr_clk_gen_32bit,16,14,15.0,30,2,0,1,0,0,0,0,0,45,0,0,0,0,0,104,0,0,0,0,0,0,3,17,1,1,2,0,0,1,109,50,5.5963302752293576,20,45,0.4326923076923077,17,0.0,0,3.4339872044851463,5.477225575051661,255.0,0.0,510,0.0,5558
pgr_cmd_parser_32bit,32,4,12.0,108,9,1,2,2,0,0,0,0,45,0,0,0,0,0,459,0,0,85,0,0,0,5,74,2,5,2,85,0,1,424,95,6.193396226415095,37,45,0.09803921568627451,74,0.0,0,4.6913478822291435,10.392304845413264,888.0,0.0,7992,0.0,25100
pgr_uart_tx_32bit,11,2,5.6,28,5,0,0,1,0,0,0,0,0,0,0,0,0,0,260,0,0,67,0,0,0,4,54,3,1,2,67,0,1,362,121,4.54696132596685,27,0,0.0,54,0.0,0,3.367295829986474,5.291502622129181,302.4,0.0,1512,0.0,15194
pgs_pciex4_fifo_ctrl,9,7,8.333333333333334,50,6,0,0,0,0,0,0,0,79,0,0,0,0,0,188,0,0,57,0,0,0,5,29,1,3,2,57,0,1,194,47,5.989690721649485,29,79,0.42021276595744683,29,0.0,0,3.9318256327243257,7.0710678118654755,241.66666666666669,0.0,1450,0.0,10739
picorv32_base,36,4,28.285714285714285,396,14,11,0,0,0,0,0,0,0,0,0,0,0,0,37963,0,103,4,0,0,0,1,9684,4,12,2,4,0,1,40440,16337,5.674431256181998,876,0,0.0,9684,0.0,0,5.983936280687191,19.8997487421324,273918.85714285716,0.0,3834864,0.0,2278922
picosoc_mem,32,4,22.5,90,4,2,0,0,0,0,0,0,0,0,0,0,0,0,52618,0,8,0,0,0,0,1,8224,4,1,2,0,0,1,36292,32768,7.897194974098975,2251,0,0.0,8224,0.0,0,4.51085950651685,9.486832980505138,185040.0,0.0,740160,0.0,3108283
pic_buffer,17,7,8.933333333333334,134,15,0,0,11,0,0,0,0,96,0,0,0,0,0,9797,0,8,13,0,0,0,5,4149,2,16,2,13,0,1,1161,12144,35.95693367786391,342,96,0.00979891803613351,4149,0.0,0,4.90527477843843,11.575836902790225,37064.4,0.0,555966,0.0,535649
pinmux,38,3,14.409090909090908,317,22,4,1,1,0,0,0,0,0,0,0,0,0,0,41916,0,44,131,0,47,0,1,5001,270,236,2,131,0,1,40588,7647,3.321129397851582,279,0,0.0,5001,0.0,0,5.762051382780177,17.804493814764857,72059.86363636363,0.0,1585317,0.0,2270136
pipeline,32,2,26.62962962962963,1438,54,43,0,0,0,0,0,6,6972,0,0,0,0,0,5494,0,0,0,0,0,0,35,2010,3,4,2,0,0,1,3794,2020,9.057722720084344,287,6978,1.2701128503822352,2010,0.0,0,7.271703706887368,37.92097045171708,53525.555555555555,0.0,2890380,0.0,320241
pipelinelab,1,1,1.0,1,0,0,0,0,1,0,0,0,0,0,0,0,0,0,25,0,0,0,0,0,0,1,6,4,1,2,0,0,1,40,8,2.85,0,0,0.0,6,0.0,0,0.6931471805599453,1.0,6.0,0.0,6,0.0,1050
pipelinereg_ifid,44,4,22.0,88,4,1,0,1,0,0,0,0,0,0,0,0,0,0,102,0,0,0,0,0,0,1,44,4,1,2,0,0,1,23,46,20.347826086956523,10,0,0.0,44,0.0,0,4.48863636973214,9.38083151964686,968.0,0.0,3872,0.0,5430
pipelinereg_memwb,13,4,8.333333333333334,25,3,0,0,1,0,0,0,0,0,0,0,0,0,0,40,0,0,0,0,0,0,1,32,3,1,2,0,0,1,23,15,6.826086956521739,9,0,0.0,32,0.0,0,3.258096538021482,5.0,266.6666666666667,0.0,800,0.0,1841
pipelinetrain,32,9,24.333333333333332,73,3,2,0,0,0,0,0,0,0,0,0,0,0,0,1551,0,0,0,0,0,0,2,330,2,2,2,0,0,1,948,1152,8.572784810126583,90,0,0.0,330,0.0,0,4.30406509320417,8.54400374531753,8030.0,0.0,24090,0.0,89228
pipeline_add,20,10,13.444444444444445,121,9,0,0,0,0,0,0,0,60,0,0,0,0,0,170,0,0,0,0,0,0,7,51,3,1,2,0,0,1,69,53,12.565217391304348,25,60,0.35294117647058826,51,0.0,0,4.804021044733257,11.0,685.6666666666666,0.0,6171,0.0,8959
pipeline_add_msb,20,9,13.333333333333334,120,9,0,0,0,0,0,0,0,60,0,0,0,0,0,171,0,0,0,0,0,0,7,51,3,2,2,0,0,1,70,53,12.428571428571429,25,60,0.3508771929824561,51,0.0,0,4.795790545596741,10.954451150103322,680.0,0.0,6120,0.0,8963
pipeline_reg,4,2,3.0,18,6,0,0,0,0,0,0,0,0,0,0,0,0,0,54,0,0,0,0,0,0,0,21,4,4,2,0,0,1,52,22,4.403846153846154,5,0,0.0,21,0.0,0,2.9444389791664403,4.242640687119285,63.0,0.0,378,0.0,2554
pipe_ctrl,32,2,23.609756097560975,968,41,28,0,0,0,0,0,0,0,0,0,0,0,0,2857,0,12,0,0,0,0,11,551,16,17,2,0,0,1,1899,692,8.586624539231174,112,0,0.0,551,0.0,0,6.876264611890766,31.11269837220809,13008.975609756097,0.0,533368,0.0,180544
pipe_equal,64,5,35.4,177,5,0,0,0,0,0,0,0,0,0,0,0,0,0,189,0,0,0,0,0,0,4,28,3,1,2,0,0,1,206,97,5.902912621359223,20,0,0.0,28,0.0,0,5.181783550292085,13.30413469565007,991.1999999999999,0.0,4956,0.0,11087
pipe_reg,8,8,8.0,16,2,0,0,2,0,0,0,0,0,0,0,0,0,0,28,0,0,0,0,0,0,1,9,2,1,2,0,0,1,21,10,4.857142857142857,0,0,0.0,9,0.0,0,2.833213344056216,4.0,72.0,0.0,144,0.0,942
pipe_reg_en,8,8,8.0,16,2,0,0,2,0,0,0,0,0,0,0,0,0,0,46,0,0,0,0,0,0,1,9,2,1,2,0,0,1,53,18,4.30188679245283,1,0,0.0,9,0.0,0,2.833213344056216,4.0,72.0,0.0,144,0.0,1871
pipe_sync,1,1,1.0,1,0,0,0,0,1,0,0,0,0,0,0,0,0,0,30,0,0,0,0,0,0,1,10,1,1,2,0,0,1,60,22,3.3,2,0,0.0,10,0.0,0,0.6931471805599453,1.0,10.0,0.0,10,0.0,1539
pipo,8,8,8.0,16,2,0,0,2,0,0,0,0,0,0,0,0,0,0,35,0,0,0,0,0,0,1,8,2,1,2,0,0,1,35,10,4.314285714285714,0,0,0.0,8,0.0,0,2.833213344056216,4.0,64.0,0.0,128,0.0,1579
pipo1,32,32,32.0,64,2,2,0,0,0,0,0,0,0,0,0,0,0,0,112,0,0,0,0,0,0,1,32,2,1,2,0,0,1,108,95,6.805555555555555,15,0,0.0,32,0.0,0,4.174387269895637,8.0,1024.0,0.0,2048,0.0,6024
pipo_bidirectional,4,2,3.4285714285714284,24,7,0,0,0,0,0,0,0,16,0,0,0,0,0,34,0,0,0,0,0,0,1,4,3,1,2,0,0,1,45,17,4.044444444444444,3,16,0.47058823529411764,4,0.0,0,3.2188758248682006,4.898979485566356,13.714285714285714,0.0,96,0.0,1311
pipo_shift_register,4,4,4.0,16,4,0,0,0,0,0,0,0,0,0,0,0,0,0,49,1,0,1,0,1,0,1,3,2,1,4,1,0,1,28,8,2.4642857142857144,0,0,0.0,3,0.0,0,2.833213344056216,4.0,12.0,0.0,48,0.0,590
piso,4,4,4.0,8,2,0,0,0,0,0,0,0,0,0,0,0,0,0,26,0,0,0,0,0,0,2,5,2,1,2,0,0,1,39,9,2.769230769230769,0,0,0.0,5,0.0,0,2.1972245773362196,2.8284271247461903,20.0,0.0,40,0.0,995
piso_4bit,4,4,4.0,8,2,0,0,0,0,0,0,0,0,0,0,0,0,0,22,0,0,0,0,0,0,2,5,2,1,2,0,0,1,39,9,2.769230769230769,0,0,0.0,5,0.0,0,2.1972245773362196,2.8284271247461903,20.0,0.0,40,0.0,887
piso_left_cyclic_nb,8,8,8.0,72,9,0,0,9,0,0,0,0,0,0,0,0,0,0,231,0,0,0,0,0,0,5,64,5,1,2,0,0,1,74,128,14.432432432432432,23,0,0.0,64,0.0,0,4.290459441148391,8.48528137423857,512.0,0.0,4608,0.0,12702
piso_shift_register,4,4,4.0,8,2,0,0,0,0,0,0,0,0,0,0,0,0,0,56,1,0,1,0,1,0,1,3,2,1,4,1,0,1,28,13,3.2142857142857144,3,0,0.0,3,0.0,0,2.1972245773362196,2.8284271247461903,12.0,0.0,24,0.0,797
piso_udff,4,4,4.0,4,1,0,0,0,0,0,0,0,16,0,0,0,0,0,26,0,0,0,0,0,0,2,14,1,1,2,0,0,1,34,12,3.4411764705882355,1,16,0.6153846153846154,14,0.0,0,1.6094379124341003,2.0,56.0,0.0,56,0.0,1028
play_pause,24,18,20.0,60,3,0,0,0,0,0,0,0,0,0,0,0,0,0,239,0,24,0,0,0,0,3,37,1,1,2,0,0,1,259,103,5.718146718146718,27,0,0.0,37,0.0,0,4.110873864173311,7.745966692414834,740.0,0.0,2220,0.0,13683
plic,32,2,16.818181818181817,185,11,4,2,0,0,0,0,0,4,0,0,0,0,0,581,0,4,0,0,0,0,7,238,4,1,2,0,0,1,620,227,5.72741935483871,50,4,0.0068846815834767644,238,0.0,0,5.225746673713202,13.601470508735444,4002.7272727272725,0.0,44030,0.0,34290
plicfanin,32,3,3.914285714285714,137,35,1,0,0,0,0,0,0,0,0,0,0,0,0,786,0,0,0,0,0,0,1,0,33,2,2,0,0,1,1058,439,4.774102079395085,38,0,0.0,0,0.0,0,4.927253685157205,11.704699910719626,0.0,0.0,0,0.0,45356
pmod_step_driver,4,3,3.3333333333333335,10,3,0,0,0,0,0,0,0,0,0,0,0,0,0,46,0,0,0,0,0,0,3,7,1,1,2,0,0,1,70,15,3.4285714285714284,3,0,0.0,7,0.0,0,2.3978952727983707,3.1622776601683795,23.333333333333336,0.0,70,0.0,2302
pmod_step_interface,26,3,12.0,60,5,0,0,0,0,0,0,0,454,0,0,0,0,0,279,0,0,0,0,0,0,5,34,1,1,2,0,0,1,215,338,7.576744186046511,24,454,1.6272401433691757,34,0.0,0,4.110873864173311,7.745966692414834,408.0,0.0,2040,0.0,16684
pmpchecker,32,2,21.0,546,26,9,0,0,0,0,0,0,0,0,0,0,0,0,1918,0,1,0,0,0,0,1,0,27,1,2,0,0,1,2294,908,5.160854402789886,63,0,0.0,0,0.0,0,6.304448802421981,23.366642891095847,0.0,0.0,0,0.0,115429
pm_calc,7,2,4.5,18,4,0,0,0,0,0,0,0,0,0,0,0,0,0,55,0,0,0,0,0,0,1,8,4,1,2,0,0,1,93,19,3.3763440860215055,4,0,0.0,8,0.0,0,2.9444389791664403,4.242640687119285,36.0,0.0,144,0.0,2796
pm_mem,7,2,4.0,24,6,0,0,0,0,0,0,0,0,0,0,0,0,0,45,0,0,0,0,0,0,0,14,4,4,2,0,0,1,27,16,6.481481481481482,7,0,0.0,14,0.0,0,3.2188758248682006,4.898979485566356,56.0,0.0,336,0.0,2035
pn2112_table,32,7,19.5,39,2,1,0,0,0,0,0,0,0,0,0,0,0,0,420,0,0,0,0,0,0,1,0,1,1,2,0,0,1,587,259,5.105621805792164,42,0,0.0,0,0.0,0,3.6888794541139363,6.244997998398398,0.0,0.0,0,0.0,24466
polar,2,2,2.0,4,2,0,0,0,0,0,0,0,0,0,0,0,0,0,34,0,0,0,0,0,0,2,3,2,1,2,0,0,1,64,14,2.75,1,0,0.0,3,0.0,0,1.6094379124341003,2.0,6.0,0.0,12,0.0,1530
popcnt,32,6,19.0,38,2,1,0,0,0,0,0,0,0,0,0,0,0,0,78,0,0,0,0,0,0,1,0,1,1,2,0,0,1,124,38,3.9596774193548385,7,0,0.0,0,0.0,0,3.6635616461296463,6.164414002968976,0.0,0.0,0,0.0,3714
porcentaje_a_log_4decadas,14,7,10.5,21,2,0,0,0,0,0,0,0,0,0,0,0,0,0,264,0,0,0,0,0,0,1,0,1,1,2,0,0,1,401,176,4.795511221945137,19,0,0.0,0,0.0,0,3.091042453358316,4.58257569495584,0.0,0.0,0,0.0,15537
port_a,8,8,8.0,16,2,0,0,2,0,0,0,0,0,0,0,0,0,0,77,0,0,0,0,0,0,1,0,1,0,2,0,0,1,71,42,4.788732394366197,9,0,0.0,0,0.0,0,2.833213344056216,4.0,0.0,0.0,0,0.0,2861
port_b,8,8,8.0,16,2,0,0,2,0,0,0,0,0,0,0,0,0,0,77,0,0,0,0,0,0,1,0,1,0,2,0,0,1,72,32,4.722222222222222,9,0,0.0,0,0.0,0,2.833213344056216,4.0,0.0,0.0,0,0.0,2861
port_control_logic,1,1,1.0,1,0,0,0,0,1,0,0,0,0,0,0,0,0,0,28,0,0,0,0,0,0,1,0,1,1,2,0,0,1,45,10,2.7111111111111112,0,0,0.0,0,0.0,0,0.6931471805599453,1.0,0.0,0.0,0,0.0,1031
post_process_sub_multiples,32,4,23.24390243902439,953,41,26,0,0,0,0,0,0,2327,0,0,0,0,0,11415,0,22,0,0,0,0,31,727,5,4,2,0,0,1,12288,4891,5.865397135416667,417,2327,0.20385457731055628,727,0.0,0,6.860663671448287,30.870698080866262,16898.317073170732,0.0,692831,0.0,669021
post_process_sub_multiples_calc,96,4,33.355555555555554,1501,45,19,0,0,0,0,0,0,2267,0,0,0,0,0,16805,0,0,0,0,0,0,34,1082,5,5,2,0,0,1,18357,7080,5.76450400392221,457,2267,0.13490032728354656,1082,0.0,0,7.31455283232408,38.742741255621034,36090.71111111111,0.0,1624082,0.0,986675
post_process_sub_multiples_extended_bits,96,4,32.77777777777778,1475,45,21,0,0,0,0,0,0,2296,0,0,0,0,0,15742,0,0,0,0,0,0,35,1066,5,4,2,0,0,1,17531,6565,5.7360104956933435,509,2296,0.14585186126286367,1066,0.0,0,7.297091005160418,38.40572873934304,34941.11111111111,0.0,1572350,0.0,935973
post_process_sub_multiples_extended_bits_dec10_bk,80,4,25.048780487804876,1027,41,23,0,0,0,0,0,0,2066,0,0,0,0,0,11265,0,0,0,0,0,0,31,728,5,4,2,0,0,1,12428,4482,5.814773093015771,426,2066,0.18339991122947183,728,0.0,0,6.93537044601511,32.046840717924134,18235.51219512195,0.0,747656,0.0,665921
power_on_delay,20,14,17.333333333333332,104,6,0,1,0,0,0,0,0,156,0,0,0,0,0,354,0,1,0,0,0,0,7,60,1,1,2,0,0,1,281,101,7.4911032028469755,35,156,0.4406779661016949,60,0.0,0,4.653960350157523,10.198039027185569,1040.0,0.0,6240,0.0,19677
power_on_rst,32,30,31.0,62,2,1,0,0,0,0,0,0,93,0,0,0,0,0,210,0,0,0,0,0,0,3,32,1,1,2,0,0,1,198,125,6.373737373737374,24,93,0.44285714285714284,32,0.0,0,4.143134726391533,7.874007874011811,992.0,0.0,1984,0.0,12107
pps,8,2,4.933333333333334,74,15,0,0,3,0,0,0,0,0,0,0,0,0,0,357,0,0,0,0,7,0,1,51,5,55,2,0,0,1,285,59,6.12280701754386,29,0,0.0,51,0.0,0,4.31748811353631,8.602325267042627,251.60000000000002,0.0,3774,0.0,20816
prbs15_64bit_v1_0,64,15,31.666666666666668,95,3,0,1,0,0,0,0,0,0,0,0,0,0,0,189,0,0,0,0,0,0,2,15,2,1,2,0,0,1,199,121,5.984924623115578,25,0,0.0,15,0.0,0,4.564348191467836,9.746794344808963,475.0,0.0,1425,0.0,10698
prbs31_128bit_v1_0,128,3,102.6,513,5,0,0,0,0,0,0,0,1080,0,0,0,0,0,2286,0,0,0,0,0,0,4,260,2,2,2,0,0,1,2095,699,6.8,114,1080,0.47244094488188976,260,0.0,0,6.2422232654551655,22.64950330581225,26676.0,0.0,133380,0.0,136212
preamble,6,2,4.0,8,2,0,0,0,0,0,0,0,0,0,0,0,0,0,115,0,0,0,0,0,0,2,8,2,1,2,0,0,1,198,55,3.686868686868687,8,0,0.0,8,0.0,0,2.1972245773362196,2.8284271247461903,32.0,0.0,64,0.0,6177
prefetch,32,32,32.0,96,3,3,0,0,0,0,0,0,32,0,0,0,0,0,304,0,0,0,0,0,0,2,33,2,2,2,0,0,1,285,97,6.298245614035087,32,32,0.10526315789473684,33,0.0,0,4.574710978503383,9.797958971132712,1056.0,0.0,3168,0.0,19565
preprocfsm,32,2,22.181818181818183,976,44,13,23,0,0,0,0,0,25123,0,0,0,0,0,11812,0,0,135,0,0,0,43,513,2,2,2,135,0,1,3334,5421,18.653269346130774,316,25123,2.1269048425330173,513,0.0,0,6.884486652042782,31.240998703626616,11379.272727272728,0.0,500688,0.0,689861
prescaler,10,8,9.0,18,2,0,0,1,0,0,0,0,27,0,0,0,0,0,70,0,0,0,0,0,0,3,11,1,1,2,0,0,1,83,32,4.734939759036145,12,27,0.38571428571428573,11,0.0,0,2.9444389791664403,4.242640687119285,99.0,0.0,198,0.0,3539
prescaler_for_1khz,32,30,31.0,62,2,1,0,0,0,0,0,0,93,0,0,0,0,0,200,0,0,0,0,1,0,3,33,1,1,2,0,0,1,192,98,6.395833333333333,20,93,0.465,33,0.0,0,4.143134726391533,7.874007874011811,1023.0,0.0,2046,0.0,11979
prescaler_for_1mhz,32,30,31.0,62,2,1,0,0,0,0,0,0,93,0,0,0,0,0,200,0,0,0,0,1,0,3,33,1,1,2,0,0,1,193,98,6.362694300518135,20,93,0.465,33,0.0,0,4.143134726391533,7.874007874011811,1023.0,0.0,2046,0.0,11977
pre_adder,37,8,30.235294117647058,514,17,2,0,3,0,0,0,0,446,0,0,0,0,0,2260,0,0,26,0,0,0,13,190,3,4,2,26,0,1,2137,1005,6.429106223678053,102,446,0.19734513274336282,190,0.0,0,6.244166900663736,22.67156809750927,5744.705882352941,0.0,97660,0.0,127609
pre_encoder,10,4,6.0,18,3,0,0,0,0,0,0,0,4,0,0,0,0,0,425,0,0,0,0,0,0,2,8,2,1,2,0,0,1,607,265,4.7677100494233935,27,4,0.009411764705882352,8,0.0,0,2.9444389791664403,4.242640687119285,48.0,0.0,144,0.0,24898
pre_encoder_rom,4,4,4.0,12,3,0,0,0,0,0,0,0,0,0,0,0,0,0,199,0,0,0,0,0,0,1,0,2,1,2,0,0,1,288,120,4.663194444444445,19,0,0.0,0,0.0,0,2.5649493574615367,3.4641016151377544,0.0,0.0,0,0.0,11625
pre_if,32,32,32.0,96,3,3,0,0,0,0,0,0,0,0,0,0,0,0,184,0,1,1,0,0,0,1,0,2,1,2,1,0,1,272,104,4.132352941176471,17,0,0.0,0,0.0,0,4.574710978503383,9.797958971132712,0.0,0.0,0,0.0,9615
pre_processing,257,6,163.0,1304,8,0,0,2,0,0,0,0,1809,0,0,0,0,0,3362,0,1,0,0,0,0,6,265,3,2,2,0,0,1,3340,1788,6.698203592814371,158,1809,0.5380725758477097,265,0.0,0,7.173958319756794,36.11094017053558,43195.0,0.0,345560,0.0,201665
pre_sqrt,24,8,16.0,64,4,0,0,2,0,0,0,0,0,0,0,0,0,0,82,0,0,0,0,0,0,1,0,2,2,2,0,0,1,82,49,5.560975609756097,12,0,0.0,0,0.0,0,4.174387269895637,8.0,0.0,0.0,0,0.0,4063
prioenc,8,3,5.5,11,2,0,0,1,0,0,0,0,0,0,0,0,0,0,27,0,0,0,0,0,0,1,0,1,1,2,0,0,1,54,19,2.814814814814815,2,0,0.0,0,0.0,0,2.4849066497880004,3.3166247903554,0.0,0.0,0,0.0,1190
priority_arbiter,3,3,3.0,21,7,0,0,0,0,0,0,0,1,10,70,0,0,2,189,3,0,6,4,0,0,0,6,7,5,2,10,0,1,81,34,4.382716049382716,8,1,0.005291005291005291,6,0.42328042328042326,4,3.091042453358316,4.58257569495584,18.0,2.5396825396825395,126,30.0,3728
priority_enc,8,2,5.0,25,5,0,0,2,0,0,0,0,0,0,0,0,0,0,70,0,0,0,0,0,0,2,8,4,1,2,0,0,1,110,36,4.009090909090909,7,0,0.0,8,0.0,0,3.258096538021482,5.0,40.0,0.0,200,0.0,3613
priority_encoder,25,8,16.5,66,4,0,0,2,0,0,0,0,0,0,0,0,0,0,679,0,0,200,0,0,0,1,0,2,2,2,200,0,1,826,375,5.302663438256658,59,0,0.0,0,0.0,0,4.204692619390966,8.12403840463596,0.0,0.0,0,0.0,38225
prio_enco,8,3,4.666666666666667,14,3,0,0,1,0,0,0,0,0,0,0,0,0,0,31,0,0,0,0,0,0,2,3,2,1,2,0,0,1,53,23,2.849056603773585,1,0,0.0,3,0.0,0,2.70805020110221,3.7416573867739413,14.0,0.0,42,0.0,1331
prio_encode,6,3,4.5,9,2,0,0,0,0,0,0,0,0,0,0,0,0,0,23,0,0,0,0,0,0,1,0,1,1,2,0,0,1,39,18,2.3333333333333335,1,0,0.0,0,0.0,0,2.302585092994046,3.0,0.0,0.0,0,0.0,788
prio_ram_encoder,16,8,10.666666666666666,96,9,0,3,6,0,0,0,0,0,0,0,0,0,0,90,0,16,0,0,0,0,0,0,110,67,2,0,0,1,59,29,6.067796610169491,11,0,0.0,0,0.0,0,4.574710978503383,9.797958971132712,0.0,0.0,0,0.0,4608
prj_b,4,2,3.0,9,3,0,0,0,0,0,0,0,0,0,0,0,0,0,54,0,0,0,0,0,0,2,4,2,1,2,0,0,1,92,26,3.489130434782609,4,0,0.0,4,0.0,0,2.302585092994046,3.0,12.0,0.0,36,0.0,2601
prng_8bit,8,8,8.0,8,1,0,0,1,0,0,0,0,0,0,0,0,0,0,29,0,0,0,0,0,0,1,8,1,1,2,0,0,1,25,21,4.04,1,0,0.0,8,0.0,0,2.1972245773362196,2.8284271247461903,64.0,0.0,64,0.0,1162
prng_h7,136,2,18.09433962264151,1918,106,0,8,6,0,0,0,0,22868,0,0,0,0,0,17861,0,1,0,0,0,0,104,944,3,2,2,0,0,1,12921,6035,7.893893661481309,570,22868,1.280331448407144,944,0.0,0,7.5595594960077,43.79497688091638,17081.056603773584,0.0,1810592,0.0,1066576
prng_lsfr,12,3,7.285714285714286,51,7,0,0,1,0,0,0,4,867,0,0,0,0,0,363,0,4,0,0,0,0,5,11,1,3,2,0,0,1,298,356,8.63758389261745,35,871,2.399449035812672,11,0.0,0,3.9512437185814275,7.14142842854285,80.14285714285714,0.0,561,0.0,22521
proc,17,2,14.181818181818182,312,22,0,17,0,0,0,0,0,2349,0,0,0,0,0,1881,0,15,0,0,0,0,8,377,3,14,2,0,0,1,1365,1073,8.857875457875458,151,2349,1.2488038277511961,377,0.0,0,5.746203190540153,17.663521732655695,5346.545454545454,0.0,117624,0.0,108502
processing_unit,9,2,7.2,108,15,0,0,11,0,0,0,0,203,0,0,0,0,0,545,0,0,0,0,0,0,10,65,4,4,2,0,0,1,517,152,6.241779497098646,45,203,0.3724770642201835,65,0.0,0,4.6913478822291435,10.392304845413264,468.0,0.0,7020,0.0,29926
processor,33,2,22.49206349206349,1417,63,37,0,0,0,0,0,4,30589,0,0,0,0,0,20381,0,34,65,0,0,0,55,7474,5,6,2,65,0,1,15413,12859,8.942710698760786,761,30593,1.501054904077327,7474,0.0,0,7.257002707092073,37.64306044943742,168105.68253968252,0.0,10590658,0.0,1263545
processor_top,33,3,26.789473684210527,509,19,11,3,0,0,0,0,0,140374,0,0,0,0,0,140743,0,0,0,0,0,0,18,31017,2,1,2,0,0,1,54273,123182,12.723343098778399,4031,140374,0.9973781999815267,31017,0.0,0,6.234410725718371,22.561028345356956,830929.105263158,0.0,15787653,0.0,8189323
progcnt,4,4,4.0,4,1,0,0,0,0,0,0,0,0,0,0,0,0,0,26,0,0,0,0,0,0,1,4,1,1,2,0,0,1,43,13,2.883720930232558,1,0,0.0,4,0.0,0,1.6094379124341003,2.0,16.0,0.0,16,0.0,1060
programcounter,32,31,31.666666666666668,95,3,2,0,0,0,0,0,0,280,0,0,0,0,0,237,0,0,0,0,0,0,2,32,2,1,2,0,0,1,240,100,7.0625,30,280,1.1814345991561181,32,0.0,0,4.564348191467836,9.746794344808963,1013.3333333333334,0.0,3040,0.0,14200
program_counter,8,6,7.333333333333333,22,3,0,0,2,0,0,0,0,21,0,0,0,0,0,70,0,0,0,0,0,0,2,8,2,1,2,0,0,1,92,27,4.5,6,21,0.3,8,0.0,0,3.1354942159291497,4.69041575982343,58.666666666666664,0.0,176,0.0,3769
program_mem,8,8,8.0,16,2,0,0,2,0,0,0,0,0,0,0,0,0,0,110,0,0,0,0,0,0,1,0,2,1,2,0,0,1,174,67,4.068965517241379,13,0,0.0,0,0.0,0,2.833213344056216,4.0,0.0,0.0,0,0.0,5872
progress_cnt,26,2,11.333333333333334,34,3,0,0,0,0,0,0,0,254,0,0,0,0,0,276,0,0,0,0,0,0,2,32,2,1,2,0,0,1,268,254,6.604477611940299,25,254,0.9202898550724637,32,0.0,0,3.5553480614894135,5.830951894845301,362.6666666666667,0.0,1088,0.0,15469
prog_counter2,32,32,32.0,32,1,1,0,0,0,0,0,4,169,0,0,0,0,0,251,0,32,0,0,0,0,1,32,1,1,2,0,0,1,221,169,6.248868778280543,18,173,0.6892430278884463,32,0.0,0,3.4965075614664802,5.656854249492381,1024.0,0.0,1024,0.0,12766
prog_memory,32,16,22.857142857142858,160,7,3,4,0,0,0,0,0,0,0,0,0,0,0,341,0,32,0,0,0,0,5,64,2,2,2,0,0,1,243,67,7.3580246913580245,34,0,0.0,64,0.0,0,5.081404364984463,12.649110640673518,1462.857142857143,0.0,10240,0.0,18056
project,20,18,19.333333333333332,58,3,0,0,0,0,0,0,0,180,0,0,0,0,0,427,0,1,0,0,0,0,4,55,1,1,2,0,0,1,474,167,5.451476793248945,34,180,0.4215456674473068,55,0.0,0,4.07753744390572,7.615773105863909,1063.3333333333333,0.0,3190,0.0,23467
prueba_nuevo,15,3,9.0,63,7,0,0,1,0,0,0,14,322,0,0,0,0,0,408,0,1,0,0,0,0,8,46,1,1,2,0,0,1,392,102,6.119897959183674,40,336,0.8235294117647058,46,0.0,0,4.1588830833596715,7.937253933193772,414.0,0.0,2898,0.0,25338
prv32_alu,32,4,22.666666666666668,136,6,3,0,0,0,0,0,0,581,0,0,0,0,0,1492,0,0,0,0,0,0,2,0,4,2,2,0,0,1,1607,661,5.728064716863721,62,581,0.3894101876675603,0,0.0,0,4.919980925828125,11.661903789690601,0.0,0.0,0,0.0,87146
pr_enc,8,3,5.5,11,2,0,0,1,0,0,0,0,0,0,0,0,0,0,32,0,0,0,0,0,0,1,3,21,9,2,0,0,1,55,20,2.6363636363636362,1,0,0.0,3,0.0,0,2.4849066497880004,3.3166247903554,16.5,0.0,33,0.0,1338
ps2,11,4,7.666666666666667,23,3,0,0,1,0,0,0,0,0,0,0,0,0,0,887,0,0,654,0,0,0,3,323,1,2,2,654,0,1,673,512,7.104011887072808,46,0,0.0,323,0.0,0,3.1780538303479458,4.795831523312719,2476.3333333333335,0.0,7429,0.0,47488
ps2mouse_basemod,24,2,13.0,26,2,0,0,0,0,0,0,2,0,0,0,0,0,0,45,0,0,0,0,0,0,1,0,1,2,2,0,0,1,56,64,4.25,2,2,0.044444444444444446,0,0.0,0,3.295836866004329,5.0990195135927845,0.0,0.0,0,0.0,1970
ps2_controller,8,3,6.1,61,10,0,0,5,0,1,0,1,0,6,0,0,0,12,130,2,3,16,2,0,1,1,21,4,2,2,19,0,1,50,14,3.74,4,2,0.015384615384615385,21,0.046153846153846156,3,4.127134385045092,7.810249675906654,128.1,0.9692307692307693,1281,36.599999999999994,4020
ps2_decoder,13,3,9.0,45,5,0,0,1,0,0,0,0,36,0,0,0,0,0,181,0,0,47,0,0,0,5,92,1,2,2,47,0,1,194,54,5.443298969072165,28,36,0.19889502762430938,92,0.0,0,3.828641396489095,6.708203932499369,828.0,0.0,4140,0.0,10311
ps2_read_funcmod,24,7,11.5,46,4,0,0,1,0,0,0,0,0,0,0,0,0,0,215,0,0,0,0,0,0,4,43,1,2,2,0,0,1,270,72,5.725925925925926,26,0,0.0,43,0.0,0,3.8501476017100584,6.782329983125268,494.5,0.0,1978,0.0,13256
ps2_receiver,32,4,10.333333333333334,62,6,1,0,2,0,0,0,0,62,0,0,0,0,0,257,0,0,0,0,0,0,6,67,1,1,2,0,0,1,234,67,6.371794871794871,29,62,0.24124513618677043,67,0.0,0,4.143134726391533,7.874007874011811,692.3333333333334,0.0,4154,0.0,14649
ptc_top,32,4,24.0,216,9,5,1,0,0,0,0,0,467,0,0,0,0,0,1152,0,0,0,0,0,0,6,107,4,2,2,0,0,1,1102,471,6.748638838475499,62,467,0.4053819444444444,107,0.0,0,5.37989735354046,14.696938456699069,2568.0,0.0,23112,0.0,70138
pulsegen,1,1,1.0,1,0,0,0,0,1,0,0,0,1,1,0,0,0,2,23,1,1,1,0,0,0,4,1,3,1,2,1,0,1,25,4,1.6,0,1,0.043478260869565216,1,0.043478260869565216,0,0.6931471805599453,1.0,1.0,0.043478260869565216,1,1.0,272
pulser,33,33,33.0,33,1,0,0,0,0,0,0,0,0,0,0,0,0,0,238,0,0,0,0,0,0,2,34,1,1,2,0,0,1,301,139,5.524916943521594,26,0,0.0,34,0.0,0,3.5263605246161616,5.744562646538029,1122.0,0.0,1122,0.0,14564
pulse_counter,16,8,11.2,56,5,0,2,3,0,0,0,0,80,0,0,0,0,0,228,0,0,0,0,0,0,4,39,1,3,2,0,0,1,204,52,6.313725490196078,31,80,0.3508771929824561,39,0.0,0,4.04305126783455,7.483314773547883,436.79999999999995,0.0,2184,0.0,12063
pulso,26,26,26.0,26,1,0,0,0,0,0,0,0,0,0,0,0,0,0,172,0,0,0,0,0,0,2,27,1,1,2,0,0,1,204,105,5.073529411764706,17,0,0.0,27,0.0,0,3.295836866004329,5.0990195135927845,702.0,0.0,702,0.0,9340
pw,15,8,10.25,41,4,0,0,2,0,0,0,0,44,0,0,0,0,0,178,0,0,0,0,0,0,3,110,3,1,2,0,0,1,247,90,4.8785425101214575,20,44,0.24719101123595505,110,0.0,0,3.7376696182833684,6.4031242374328485,1127.5,0.0,4510,0.0,10111
pwm,32,2,24.857142857142858,2784,112,79,0,0,0,0,0,0,16357,0,0,0,0,0,26238,0,0,1771,0,0,0,110,2967,3,2,2,1771,0,1,18723,8180,8.190621161138706,891,16357,0.6234087964021648,2967,0.0,0,7.932003152361385,52.76362383309168,73751.14285714286,0.0,8260128,0.0,1627012
pwm3,26,24,25.0,100,4,0,0,0,0,0,0,0,150,0,0,0,0,0,290,0,0,0,0,0,0,5,53,1,1,2,0,0,1,254,105,7.090551181102362,25,150,0.5172413793103449,53,0.0,0,4.61512051684126,10.0,1325.0,0.0,5300,0.0,16573
pwm4channels,8,6,7.333333333333333,88,12,0,0,8,0,0,0,0,420,0,0,0,0,0,270,0,4,0,0,0,0,9,36,5,5,2,0,0,1,206,108,9.014563106796116,41,420,1.5555555555555556,36,0.0,0,4.48863636973214,9.38083151964686,264.0,0.0,3168,0.0,17020
pwmchannel,64,2,25.77777777777778,232,9,5,0,0,0,0,0,0,54,0,0,0,0,0,1727,0,0,0,0,0,0,7,167,4,1,2,0,0,1,1894,784,5.892291446673706,52,54,0.03126809496236248,167,0.0,0,5.4510384535657,15.231546211727817,4304.888888888889,0.0,38744,0.0,103907
pwmctrl,32,6,19.25,154,8,2,0,3,0,0,0,0,207,0,0,0,0,0,429,0,0,0,0,0,0,8,80,1,2,2,0,0,1,452,184,6.650442477876106,31,207,0.4825174825174825,80,0.0,0,5.043425116919247,12.409673645990857,1540.0,0.0,12320,0.0,27579
pwmgen,8,6,7.5,30,4,0,0,3,0,0,0,0,21,0,0,0,0,0,114,0,0,0,0,0,0,4,54,2,1,2,0,0,1,150,32,4.566666666666666,19,21,0.18421052631578946,54,0.0,0,3.4339872044851463,5.477225575051661,405.0,0.0,1620,0.0,6021
pwmled,19,4,11.666666666666666,70,6,0,1,1,0,0,0,0,180,0,0,0,0,0,319,0,0,0,0,0,0,7,32,1,1,2,0,0,1,391,131,5.565217391304348,35,180,0.5642633228840125,32,0.0,0,4.2626798770413155,8.366600265340756,373.3333333333333,0.0,2240,0.0,18858
pwm_analyzer,11,11,11.0,11,1,0,0,0,0,0,0,0,23,0,0,0,0,0,144,0,0,0,0,0,0,2,14,1,6,2,0,0,1,199,64,4.261306532663316,17,23,0.1597222222222222,14,0.0,0,2.4849066497880004,3.3166247903554,154.0,0.0,154,0.0,8075
pwm_control,40,3,23.272727272727273,256,11,3,0,0,0,0,0,0,1740,0,0,0,0,0,1178,0,0,0,0,0,0,11,287,2,1,2,0,0,1,844,1154,8.674170616113743,75,1740,1.4770797962648556,287,0.0,0,5.54907608489522,16.0,6679.272727272727,0.0,73472,0.0,72633
pwm_controller,8,6,7.333333333333333,22,3,0,0,2,0,0,0,0,21,0,0,0,0,0,72,0,0,0,0,0,0,3,9,2,1,2,0,0,1,105,30,3.8380952380952382,8,21,0.2916666666666667,9,0.0,0,3.1354942159291497,4.69041575982343,66.0,0.0,198,0.0,3806
pwm_core,9,4,7.833333333333333,47,6,0,0,2,0,1,0,0,0,0,0,0,0,7,53,2,0,4,0,0,0,0,3,3,1,2,4,0,1,25,7,2.8,0,1,0.018867924528301886,3,0.0,0,3.871201010907891,6.855654600401044,23.5,0.0,141,0.0,648
pwm_counter,8,4,6.666666666666667,20,3,0,0,2,0,0,0,0,0,0,0,0,0,0,77,0,0,0,0,0,0,2,5,3,1,2,0,0,1,136,31,3.4044117647058822,9,0,0.0,5,0.0,0,3.044522437723423,4.47213595499958,33.333333333333336,0.0,100,0.0,4078
pwm_decoder,18,6,14.23076923076923,185,13,0,8,2,0,0,0,0,1195,0,0,0,0,0,872,0,0,0,0,0,0,11,259,3,1,2,0,0,1,215,473,16.21395348837209,48,1195,1.3704128440366972,259,0.0,0,5.225746673713202,13.601470508735444,3685.7692307692305,0.0,47915,0.0,51121
pwm_driver,8,3,6.090909090909091,67,11,0,0,6,0,0,0,0,1,0,0,0,0,1,99,4,9,1,4,0,0,3,4,2,2,2,5,0,1,64,11,2.21875,1,1,0.010101010101010102,4,0.0,4,4.219507705176107,8.18535277187245,24.363636363636363,0.0,268,0.0,1896
pwm_enhanced,32,10,23.4,117,5,3,0,0,0,0,0,0,0,0,0,0,0,0,398,0,0,0,0,0,0,4,235,3,1,2,0,0,1,424,190,5.884433962264151,32,0,0.0,235,0.0,0,4.770684624465665,10.816653826391969,5499.0,0.0,27495,0.0,22654
pwm_gen,8,3,7.0,35,5,0,0,4,0,2,0,0,1,0,0,0,0,5,94,2,0,13,0,0,0,0,6,1,1,2,13,0,1,27,10,3.037037037037037,0,3,0.031914893617021274,6,0.0,0,3.58351893845611,5.916079783099616,42.0,0.0,210,0.0,885
pwm_geneator,32,32,32.0,96,3,3,0,0,0,0,0,0,0,0,0,0,0,0,438,0,0,0,0,0,0,2,33,3,1,2,0,0,1,564,241,5.205673758865248,29,0,0.0,33,0.0,0,4.574710978503383,9.797958971132712,1056.0,0.0,3168,0.0,25821
pwm_generator,32,8,16.0,48,3,1,0,2,0,0,0,0,0,0,0,0,0,0,85,0,0,0,0,0,0,3,17,2,1,2,0,0,1,111,28,4.603603603603603,10,0,0.0,17,0.0,0,3.8918202981106265,6.928203230275509,272.0,0.0,816,0.0,4734
pwm_generator_verilog,28,4,15.5,62,4,0,0,0,0,0,0,0,85,0,0,0,0,0,274,0,1,0,0,0,0,5,40,1,1,2,0,0,1,298,93,5.268456375838926,25,85,0.3102189781021898,40,0.0,0,4.143134726391533,7.874007874011811,620.0,0.0,2480,0.0,16011
pwm_ip,40,32,34.333333333333336,206,6,4,0,0,0,0,0,0,818,0,0,0,0,0,801,0,0,0,0,0,0,5,333,3,1,2,0,0,1,481,371,10.871101871101871,80,818,1.021223470661673,333,0.0,0,5.332718793265369,14.352700094407323,11433.0,0.0,68598,0.0,51462
pwm_mod,17,8,15.035714285714286,421,28,0,17,2,0,0,0,0,3898,0,0,0,0,0,2493,0,0,0,0,0,0,23,261,7,1,2,0,0,1,1438,1495,10.050764951321279,154,3898,1.5635780184516646,261,0.0,0,6.045005314036012,20.518284528683193,3924.321428571429,0.0,109881,0.0,150547
pwm_modulator,1,1,1.0,1,0,0,0,0,1,0,4,1,0,0,0,4,0,0,96,0,0,0,0,0,0,5,3,2,1,2,0,0,1,49,13,2.6122448979591835,2,5,0.052083333333333336,11,0.041666666666666664,0,0.6931471805599453,1.0,3.0,0.4583333333333333,11,4.0,1488
pwm_module,32,4,13.0,52,4,1,0,2,0,2,4,0,1,1,0,0,0,25,99,1,1,6,2,0,1,0,4,4,1,2,9,0,1,35,15,3.8,2,7,0.0707070707070707,4,0.010101010101010102,3,3.970291913552122,7.211102550927978,52.0,0.04040404040404041,208,13.0,1570
pwm_out,16,11,13.4,67,5,0,2,0,0,0,0,0,103,0,0,0,0,0,333,0,10,0,0,0,0,4,41,2,2,2,0,0,1,346,103,5.479768786127168,31,103,0.30930930930930933,41,0.0,0,4.219507705176107,8.18535277187245,549.4,0.0,2747,0.0,18992
pwm_sync,12,10,11.0,22,2,0,0,0,0,0,0,0,114,0,0,0,0,0,106,0,0,0,0,0,0,2,15,1,2,2,0,0,1,90,81,6.144444444444445,20,114,1.0754716981132075,15,0.0,0,3.1354942159291497,4.69041575982343,165.0,0.0,330,0.0,5948
pwm_tone,15,2,6.666666666666667,20,3,0,0,0,0,0,0,0,133,0,0,0,0,0,256,0,0,0,0,0,0,2,16,3,1,2,0,0,1,360,133,4.897222222222222,23,133,0.51953125,16,0.0,0,3.044522437723423,4.47213595499958,106.66666666666667,0.0,320,0.0,14897
q2_16b,16,16,16.0,48,3,0,3,0,0,0,0,0,0,0,0,0,0,0,116,0,0,0,0,0,0,1,0,3,2,2,0,0,1,187,68,4.411764705882353,16,0,0.0,0,0.0,0,3.8918202981106265,6.928203230275509,0.0,0.0,0,0.0,6567
q2_32b,32,32,32.0,96,3,3,0,0,0,0,0,0,0,0,0,0,0,0,237,0,0,0,0,0,0,1,0,3,2,2,0,0,1,363,148,4.785123966942149,22,0,0.0,0,0.0,0,4.574710978503383,9.797958971132712,0.0,0.0,0,0.0,14320
q2_4b,4,4,4.0,12,3,0,0,0,0,0,0,0,0,0,0,0,0,0,34,0,0,0,0,0,0,1,0,3,2,2,0,0,1,63,15,3.0476190476190474,4,0,0.0,0,0.0,0,2.5649493574615367,3.4641016151377544,0.0,0.0,0,0.0,1466
qadd,32,32,32.0,96,3,3,0,0,0,0,0,0,0,0,0,0,0,0,615,0,0,0,0,0,0,1,0,2,1,2,0,0,1,1025,460,4.912195121951219,31,0,0.0,0,0.0,0,4.574710978503383,9.797958971132712,0.0,0.0,0,0.0,40685
qmult,32,32,32.0,96,3,3,0,0,0,0,0,0,0,0,0,0,0,0,2880,0,0,0,0,0,0,1,0,2,1,2,0,0,1,3700,1125,5.107297297297297,132,0,0.0,0,0.0,0,4.574710978503383,9.797958971132712,0.0,0.0,0,0.0,164446
qpsk,8,2,6.0,18,3,0,0,2,0,0,0,0,0,0,0,0,0,0,81,0,1,0,0,0,0,1,16,2,3,2,0,0,1,102,32,4.735294117647059,17,0,0.0,16,0.0,0,2.9444389791664403,4.242640687119285,96.0,0.0,288,0.0,4415
qp_decoding,6,4,5.285714285714286,37,7,0,0,0,0,0,0,0,58,0,0,0,0,0,170,0,0,0,0,0,0,1,12,6,10,2,0,0,1,229,53,4.554585152838428,19,58,0.3411764705882353,12,0.0,0,3.6375861597263857,6.082762530298219,63.42857142857143,0.0,444,0.0,9873
qp_lambda_table,7,6,6.5,13,2,0,0,0,0,0,0,0,0,0,0,0,0,0,70,0,0,0,0,0,0,1,0,1,1,2,0,0,1,129,44,3.697674418604651,11,0,0.0,0,0.0,0,2.6390573296152584,3.605551275463989,0.0,0.0,0,0.0,3785
qtr,10,2,7.0,42,6,0,0,3,0,0,0,0,48,0,0,0,0,0,212,0,0,0,0,0,0,6,34,1,2,2,0,0,1,240,53,5.225,30,48,0.22641509433962265,34,0.0,0,3.7612001156935624,6.48074069840786,238.0,0.0,1428,0.0,11802
quadenc,8,2,5.0,20,4,0,0,2,0,0,0,0,0,0,0,0,0,0,83,0,0,0,0,0,0,5,42,1,1,2,0,0,1,70,32,6.0285714285714285,9,0,0.0,42,0.0,0,3.044522437723423,4.47213595499958,210.0,0.0,840,0.0,4315
quadrature,2,2,2.0,4,2,0,0,0,0,0,0,0,0,0,0,0,0,0,44,0,0,0,0,0,0,3,17,1,1,2,0,0,1,71,13,3.23943661971831,2,0,0.0,17,0.0,0,1.6094379124341003,2.0,34.0,0.0,68,0.0,2097
quad_counter,32,3,17.5,70,4,2,0,0,0,0,0,0,170,0,0,0,0,0,164,0,0,0,0,0,0,4,38,1,1,2,0,0,1,114,100,8.93859649122807,20,170,1.0365853658536586,38,0.0,0,4.2626798770413155,8.366600265340756,665.0,0.0,2660,0.0,9508
quan,31,2,21.751677852348994,6482,298,0,97,0,0,0,0,0,126946,0,0,0,0,0,75525,0,0,0,0,0,0,233,1571,35,33,2,0,0,1,19144,25379,24.324592561638113,1954,126946,1.6808474015226746,1571,0.0,0,8.776938645174996,80.51086883148137,34171.88590604027,0.0,10183222,0.0,4897006
quantise,32,4,26.107142857142858,731,28,22,0,0,0,0,0,0,206,0,0,0,0,0,5713,0,17,0,0,0,0,25,346,4,2,2,0,0,1,5908,2459,5.8266756939742725,223,206,0.036058113075441975,346,0.0,0,6.595780513961311,27.03701166919155,9033.07142857143,0.0,252926,0.0,315225
quantise_rom,32,4,12.692307692307692,330,26,7,0,0,0,0,0,0,429,0,0,0,0,0,1957,0,16,0,0,0,0,23,230,4,2,358,0,0,1,1841,812,6.253666485605649,96,429,0.21921308124680633,230,0.0,0,5.802118375377063,18.16590212458495,2919.230769230769,0.0,75900,0.0,111601
quantization,42,2,11.73015873015873,739,63,0,0,17,0,0,0,0,2585,0,0,0,0,0,4692,0,2,206,0,0,0,58,478,4,4,2,206,0,1,3821,1544,6.970164878304109,119,2585,0.5509377664109122,478,0.0,0,6.606650186198215,27.184554438136374,5607.015873015873,0.0,353242,0.0,297958
quantizedadder,5,5,5.0,15,3,0,0,0,0,0,0,0,0,0,0,0,0,0,38,0,1,0,0,0,0,4,0,2,1,2,0,0,1,69,18,3.101449275362319,3,0,0.0,0,0.0,0,2.772588722239781,3.872983346207417,0.0,0.0,0,0.0,1745
quantizedsubber,5,5,5.0,15,3,0,0,0,0,0,0,0,0,0,0,0,0,0,42,0,1,0,0,0,0,4,0,2,1,2,0,0,1,79,22,3.2025316455696204,3,0,0.0,0,0.0,0,2.772588722239781,3.872983346207417,0.0,0.0,0,0.0,2050
quarter_count,8,6,7.0,14,2,0,0,1,0,0,0,0,21,0,0,0,0,0,78,0,0,0,0,0,0,3,10,1,1,2,0,0,1,98,34,4.408163265306122,11,21,0.2692307692307692,10,0.0,0,2.70805020110221,3.7416573867739413,70.0,0.0,140,0.0,3829
queue,32,2,12.0,84,7,2,0,0,0,0,0,0,0,0,0,0,0,0,453,0,4,0,0,0,0,3,122,3,4,2,0,0,1,320,124,7.9625,33,0,0.0,122,0.0,0,4.442651256490317,9.16515138991168,1464.0,0.0,10248,0.0,28295
queuecompatibility,9,6,7.8,78,10,0,0,6,0,0,0,0,102,0,0,0,0,0,8696,0,8,17,0,0,0,8,2065,2,3,2,17,0,1,4809,6144,10.173840715325431,546,102,0.011729530818767249,2065,0.0,0,4.3694478524670215,8.831760866327848,16107.0,0.0,161070,0.0,508458
queue_1,32,2,8.6,86,10,2,0,0,0,0,0,0,0,0,0,0,0,0,342,0,0,0,0,0,0,1,95,6,6,2,0,0,1,254,97,6.913385826771654,18,0,0.0,95,0.0,0,4.465908118654584,9.273618495495704,817.0,0.0,8170,0.0,20988
queue_10,4,3,3.3333333333333335,20,6,0,0,0,0,0,0,0,0,0,0,0,0,0,58,0,11,0,0,0,0,1,11,4,4,2,0,0,1,53,13,4.339622641509434,7,0,0.0,11,0.0,0,3.044522437723423,4.47213595499958,36.66666666666667,0.0,220,0.0,3115
queue_11,14,3,5.166666666666667,62,12,0,0,0,0,0,0,0,0,0,0,0,0,0,255,0,0,0,0,0,0,1,67,7,7,2,0,0,1,201,69,6.358208955223881,18,0,0.0,67,0.0,0,4.143134726391533,7.874007874011811,346.1666666666667,0.0,4154,0.0,15358
queue_13,32,2,10.428571428571429,146,14,2,0,2,0,0,0,0,0,0,0,0,0,0,534,0,0,0,0,0,0,1,151,8,8,2,0,0,1,359,151,7.573816155988858,36,0,0.0,151,0.0,0,4.990432586778736,12.083045973594572,1574.7142857142858,0.0,22046,0.0,32914
queue_21,32,2,14.0,140,10,2,0,2,0,0,0,0,0,0,0,0,0,0,286,0,72,0,0,0,0,1,72,6,6,2,0,0,1,66,96,16.666666666666668,18,0,0.0,72,0.0,0,4.948759890378168,11.832159566199232,1008.0,0.0,10080,0.0,17347
queue_22,64,3,16.142857142857142,226,14,0,0,2,0,0,0,0,0,0,0,0,0,0,788,0,0,0,0,0,0,1,231,8,8,2,0,0,1,497,231,8.173038229376257,42,0,0.0,231,0.0,0,5.424950017481403,15.033296378372908,3729.0,0.0,52206,0.0,45868
queue_23,64,2,15.0,150,10,0,0,0,0,0,0,0,0,0,0,0,0,0,556,0,0,0,0,0,0,1,159,6,6,2,0,0,1,373,159,7.640750670241287,31,0,0.0,159,0.0,0,5.017279836814924,12.24744871391589,2385.0,0.0,23850,0.0,34186
queue_37,64,2,21.2,212,10,0,0,2,0,0,0,0,0,0,0,0,0,0,408,0,108,0,0,0,0,1,108,6,6,2,0,0,1,66,192,24.303030303030305,20,0,0.0,108,0.0,0,5.3612921657094255,14.560219778561036,2289.6,0.0,22896,0.0,24898
queue_4,32,3,13.0,156,12,4,0,0,0,0,0,0,0,0,0,0,0,0,572,0,0,0,0,0,0,1,163,7,7,2,0,0,1,379,163,7.693931398416886,35,0,0.0,163,0.0,0,5.056245805348308,12.489995996796797,2119.0,0.0,25428,0.0,35432
queue_5,32,2,10.25,82,8,2,0,0,0,0,0,0,0,0,0,0,0,0,332,0,0,0,0,0,0,1,93,5,5,2,0,0,1,246,95,6.914634146341464,18,0,0.0,93,0.0,0,4.418840607796598,9.055385138137417,953.25,0.0,7626,0.0,20322
q_compute,8,8,8.0,32,4,0,0,4,0,0,0,0,0,0,0,0,0,0,104,0,0,0,0,0,0,1,8,4,1,2,0,0,1,160,43,4.01875,8,0,0.0,8,0.0,0,3.4965075614664802,5.656854249492381,64.0,0.0,256,0.0,5368
q_quanlify,9,5,7.0,42,6,0,0,0,0,0,0,0,0,0,0,0,0,0,174,0,6,1,0,0,0,1,13,4,4,2,1,0,1,237,82,4.725738396624473,20,0,0.0,13,0.0,0,3.7612001156935624,6.48074069840786,91.0,0.0,546,0.0,9354
r7counter,6,6,6.0,12,2,0,0,0,0,0,0,0,0,0,0,0,0,0,43,0,0,0,0,0,0,1,6,2,1,2,0,0,1,70,19,3.742857142857143,3,0,0.0,6,0.0,0,2.5649493574615367,3.4641016151377544,36.0,0.0,72,0.0,2168
radix2,33,33,33.0,264,8,0,0,0,0,0,0,0,0,0,0,0,0,0,676,0,2,0,0,0,0,1,0,5,4,2,0,0,1,929,412,5.107642626480086,24,0,0.0,0,0.0,0,5.579729825986222,16.24807680927192,0.0,0.0,0,0.0,41738
radix4_divider,32,5,26.6,133,5,4,0,0,0,0,0,0,1107,0,0,0,0,0,2062,0,2,0,0,0,0,2,70,3,3,2,0,0,1,2255,918,5.82039911308204,68,1107,0.5368574199806013,70,0.0,0,4.897839799950911,11.532562594670797,1862.0,0.0,9310,0.0,127803
ram,11,8,8.75,35,4,0,0,3,0,0,0,0,81953,0,0,0,0,0,102389,0,0,0,0,0,0,2,16392,2,0,2,0,0,1,60847,81953,10.58402221966572,2969,81953,0.8004082469796561,16392,0.0,0,3.58351893845611,5.916079783099616,143430.0,0.0,573720,0.0,6994612
ram128,32,4,18.75,75,4,2,0,0,0,0,0,0,0,0,0,0,0,0,26213,0,7,0,0,0,0,1,4128,4,1,2,0,0,1,18342,16384,7.859502780503762,1155,0,0.0,4128,0.0,0,4.330733340286331,8.660254037844387,77400.0,0.0,309600,0.0,1510110
ram16x1d,16,16,16.0,16,1,0,1,0,0,0,0,0,0,0,0,0,0,0,171,0,8,0,0,0,0,2,16,1,1,2,0,0,1,239,91,4.828451882845188,18,0,0.0,16,0.0,0,2.833213344056216,4.0,256.0,0.0,256,0.0,9268
ram256,32,4,19.0,76,4,2,0,1,0,0,0,0,0,0,0,0,0,0,52623,0,8,0,0,0,0,1,8224,4,1,2,0,0,1,36345,32768,7.8921722382721144,2250,0,0.0,8224,0.0,0,4.343805421853684,8.717797887081348,156256.0,0.0,625024,0.0,3109705
ram32x1s,32,32,32.0,32,1,1,0,0,0,0,0,0,0,0,0,0,0,0,234,0,5,0,0,0,0,2,32,1,1,2,0,0,1,295,112,5.576271186440678,21,0,0.0,32,0.0,0,3.4965075614664802,5.656854249492381,1024.0,0.0,1024,0.0,13746
ram64x1s,64,64,64.0,64,1,0,0,0,0,0,0,0,0,0,0,0,0,0,501,0,6,0,0,0,0,2,64,1,1,2,0,0,1,534,222,5.98876404494382,32,0,0.0,64,0.0,0,4.174387269895637,8.0,4096.0,0.0,4096,0.0,27613
ramf,12,6,9.0,36,4,0,0,0,0,0,0,0,0,0,0,0,0,0,4662,0,0,0,0,0,0,1,774,4,1,2,0,0,1,3024,3072,7.901124338624339,172,0,0.0,774,0.0,0,3.6109179126442243,6.0,6966.0,0.0,27864,0.0,244790
raminfr,8,4,6.0,24,4,0,0,2,0,0,0,0,0,0,0,0,0,0,787,0,4,0,0,0,0,1,128,4,1,2,0,0,1,557,512,7.421903052064632,37,0,0.0,128,0.0,0,3.2188758248682006,4.898979485566356,768.0,0.0,3072,0.0,40503
ramz,12,6,9.0,36,4,0,0,0,0,0,0,0,0,0,0,0,0,0,4662,0,0,0,0,0,0,1,774,4,1,2,0,0,1,3025,3072,7.899173553719009,172,0,0.0,774,0.0,0,3.6109179126442243,6.0,6966.0,0.0,27864,0.0,244798
ram_32_16,16,5,13.25,53,4,0,3,0,0,0,0,0,0,0,0,0,0,0,3094,0,0,0,0,0,0,1,529,3,1,2,0,0,1,1987,2048,8.50830397584298,115,0,0.0,529,0.0,0,3.9889840465642745,7.280109889280518,7009.25,0.0,28037,0.0,172865
ram_6x12,12,6,9.0,36,4,0,0,0,0,0,0,0,0,0,0,0,0,0,4662,0,0,0,0,0,0,1,774,4,1,2,0,0,1,3024,3072,7.901124338624339,172,0,0.0,774,0.0,0,3.6109179126442243,6.0,6966.0,0.0,27864,0.0,244794
ram_8mb,23,2,10.0,40,4,0,0,0,0,0,0,0,0,0,0,0,0,0,67,0,3,0,0,0,0,2,5,3,2,2,0,0,1,91,24,3.4505494505494507,6,0,0.0,5,0.0,0,3.713572066704308,6.324555320336759,50.0,0.0,200,0.0,3344
ram_arb,32,4,19.5,234,12,6,0,0,0,0,0,0,0,0,0,0,0,0,238,0,0,0,0,0,0,1,2,8,6,2,0,0,1,273,115,5.688644688644689,26,0,0.0,2,0.0,0,5.459585514144159,15.297058540778355,39.0,0.0,468,0.0,13669
ram_b,32,3,20.8,104,5,3,0,0,0,0,0,0,18,0,0,0,0,0,12366,0,0,0,0,0,0,2,1024,4,1,2,0,0,1,12620,5410,6.868225039619651,421,18,0.001455604075691412,1024,0.0,0,4.653960350157523,10.198039027185569,21299.2,0.0,106496,0.0,833757
ram_io_configmem,328,20,177.0,708,4,1,0,0,0,0,0,0,656,0,0,0,0,0,1350,0,0,0,0,0,0,1,656,2,2,2,0,0,1,411,658,14.94890510948905,45,656,0.48592592592592593,656,0.0,0,6.5638555265321274,26.60826939130014,116112.0,0.0,464448,0.0,84083
ram_io_switch_matrix,280,280,280.0,560,2,0,0,0,0,0,0,0,0,0,0,0,0,0,553,0,16,0,0,0,0,1,0,3,1,2,0,0,1,548,314,5.992700729927007,24,0,0.0,0,0.0,0,6.329720905522696,23.664319132398465,0.0,0.0,0,0.0,34913
ram_model_1w1r,32,2,17.0,68,4,2,0,0,0,0,0,0,0,0,0,0,0,0,635,0,2,0,0,0,0,1,128,4,1,2,0,0,1,437,512,8.308924485125859,38,0,0.0,128,0.0,0,4.23410650459726,8.246211251235321,2176.0,0.0,8704,0.0,37617
ram_mux,32,4,25.0,300,12,9,0,0,0,0,0,0,0,0,0,0,0,0,238,0,65,0,0,0,0,1,2,8,6,2,0,0,1,126,76,9.047619047619047,18,0,0.0,2,0.0,0,5.707110264748875,17.320508075688775,50.0,0.0,600,0.0,13837
ram_read_counter,16,16,16.0,16,1,0,1,0,0,0,0,0,0,0,0,0,0,0,114,0,0,0,0,0,0,1,16,1,1,2,0,0,1,174,67,4.724137931034483,16,0,0.0,16,0.0,0,2.833213344056216,4.0,256.0,0.0,256,0.0,6640
random,63,8,17.0,119,7,0,1,5,0,0,0,24,0,0,0,0,0,0,846,0,20,0,0,0,0,2,142,2,5,2,0,0,1,797,309,6.4341279799247175,57,24,0.028368794326241134,142,0.0,0,4.787491742782046,10.908712114635714,2414.0,0.0,16898,0.0,47311
randomg,14,4,9.0,18,2,0,0,0,0,0,0,0,0,0,0,0,0,0,27,0,0,0,0,0,0,1,0,1,1,2,0,0,1,50,10,2.76,0,0,0.0,0,0.0,0,2.9444389791664403,4.242640687119285,0.0,0.0,0,0.0,1155
ratedivider,28,11,19.5,39,2,0,0,0,0,0,0,0,0,0,0,0,0,0,86,0,0,0,0,0,0,2,11,2,1,2,0,0,1,113,35,4.380530973451328,15,0,0.0,11,0.0,0,3.6888794541139363,6.244997998398398,214.5,0.0,429,0.0,4341
ratematch,10,2,7.0,28,4,0,0,0,0,0,0,0,0,0,0,0,0,0,1896,0,0,0,0,0,0,3,21,1,3,2,0,0,1,2267,1073,5.232465813850904,111,0,0.0,21,0.0,0,3.367295829986474,5.291502622129181,147.0,0.0,588,0.0,107388
raw_rgb_bin,10,10,10.0,70,7,0,0,0,0,0,0,0,99,0,0,0,0,0,304,0,0,0,0,0,0,3,50,3,3,2,0,0,1,322,132,6.434782608695652,32,99,0.3256578947368421,50,0.0,0,4.2626798770413155,8.366600265340756,500.0,0.0,3500,0.0,18029
rbsp_buffer,40,3,11.5,207,18,3,0,1,0,0,0,0,0,0,0,0,0,0,1153,0,0,0,0,42,0,10,142,5,6,2,0,0,1,994,360,6.79476861167002,89,0,0.0,142,0.0,0,5.337538079701318,14.38749456993816,1633.0,0.0,29394,0.0,66826
rca,32,32,32.0,96,3,3,0,0,0,0,0,0,0,0,0,0,0,0,276,0,0,0,0,0,0,1,0,3,1,2,0,0,1,450,170,4.6066666666666665,20,0,0.0,0,0.0,0,4.574710978503383,9.797958971132712,0.0,0.0,0,0.0,16875
rca24bit,50,50,50.0,150,3,0,0,0,0,0,0,0,0,0,0,0,0,0,77,0,0,0,0,0,0,1,0,3,2,2,0,0,1,116,52,5.758620689655173,9,0,0.0,0,0.0,0,5.017279836814924,12.24744871391589,0.0,0.0,0,0.0,5405
rca8,8,8,8.0,24,3,0,0,3,0,0,0,0,0,0,0,0,0,0,61,0,0,0,0,0,0,1,0,3,2,2,0,0,1,103,55,3.8640776699029127,4,0,0.0,0,0.0,0,3.2188758248682006,4.898979485566356,0.0,0.0,0,0.0,3065
rcadder,32,32,32.0,96,3,3,0,0,0,0,0,0,0,0,0,0,0,0,229,0,0,0,0,0,0,1,0,3,1,2,0,0,1,350,233,4.791428571428572,19,0,0.0,0,0.0,0,4.574710978503383,9.797958971132712,0.0,0.0,0,0.0,13835
rcu,5,3,4.0,8,2,0,0,0,0,0,0,0,0,0,0,0,0,0,43,0,1,0,0,0,0,3,3,1,1,2,0,0,1,71,15,2.943661971830986,3,0,0.0,3,0.0,0,2.1972245773362196,2.8284271247461903,12.0,0.0,24,0.0,2058
rdata_arbiter,32,32,32.0,160,5,5,0,0,0,0,0,0,0,0,0,0,0,0,117,0,0,0,0,0,0,1,0,4,1,2,0,0,1,114,37,7.728070175438597,22,0,0.0,0,0.0,0,5.081404364984463,12.649110640673518,0.0,0.0,0,0.0,8211
rd_cell,24,2,9.5,57,6,0,0,3,0,0,0,0,25,0,0,0,0,0,97,0,0,0,0,0,0,2,8,5,1,2,0,0,1,126,26,4.7063492063492065,12,25,0.25773195876288657,8,0.0,0,4.060443010546419,7.54983443527075,76.0,0.0,456,0.0,5411
rd_ctrl,128,2,24.714285714285715,346,14,0,0,0,0,0,0,20,0,0,0,0,0,0,356,0,135,0,0,0,0,3,44,7,7,2,0,0,1,195,135,7.866666666666666,22,20,0.056179775280898875,44,0.0,0,5.849324779946859,18.601075237738275,1087.4285714285716,0.0,15224,0.0,17352
rd_seq,36,4,14.333333333333334,86,6,0,0,1,0,0,0,0,36,0,0,0,0,0,11798,0,0,0,0,0,0,4,58,2,3,2,0,0,1,13790,6415,5.471138506163887,756,36,0.0030513646380742497,58,0.0,0,4.465908118654584,9.273618495495704,831.3333333333334,0.0,4988,0.0,676200
read,16,6,11.0,22,2,0,1,0,0,0,0,0,0,0,0,0,0,0,95,0,0,0,0,0,0,2,8,2,1,2,0,0,1,149,37,3.684563758389262,9,0,0.0,8,0.0,0,3.1354942159291497,4.69041575982343,88.0,0.0,176,0.0,5226
readwritesdblock,32,2,8.428571428571429,177,21,1,0,14,0,0,0,0,0,0,0,0,0,0,1228,0,4,46,0,0,0,6,122,6,12,2,46,0,1,1328,515,5.597138554216867,62,0,0.0,122,0.0,0,5.181783550292085,13.30413469565007,1028.2857142857142,0.0,21594,0.0,69119
readwritespiwiredata,8,2,6.75,54,8,0,0,6,0,0,0,0,0,0,0,0,0,0,305,0,0,73,0,0,0,6,43,3,2,2,73,0,1,341,105,5.24633431085044,27,0,0.0,43,0.0,0,4.007333185232471,7.3484692283495345,290.25,0.0,2322,0.0,17604
read_bits,8,4,6.666666666666667,20,3,0,0,2,0,0,0,0,0,0,0,0,0,0,75,0,0,0,0,0,0,1,0,3,1,2,0,0,1,105,39,4.0285714285714285,8,0,0.0,0,0.0,0,3.044522437723423,4.47213595499958,0.0,0.0,0,0.0,3660
read_exp_golomb,31,2,10.11111111111111,91,9,0,2,0,0,0,0,0,0,0,0,0,0,0,943,0,0,0,0,0,0,1,0,4,6,2,0,0,1,1243,545,5.17135961383749,79,0,0.0,0,0.0,0,4.5217885770490405,9.539392014169456,0.0,0.0,0,0.0,54252
read_from_file,25,25,25.0,50,2,0,0,0,0,0,0,0,0,0,0,0,0,0,61,0,0,0,0,0,0,0,25,2,1,2,0,0,1,14,27,15.285714285714286,8,0,0.0,25,0.0,0,3.9318256327243257,7.0710678118654755,625.0,0.0,1250,0.0,2523
read_ir,32,32,32.0,64,2,2,0,0,0,0,0,0,0,0,0,0,0,0,75,0,0,0,0,0,0,0,32,2,1,2,0,0,1,15,66,22.266666666666666,9,0,0.0,32,0.0,0,4.174387269895637,8.0,1024.0,0.0,2048,0.0,3711
read_nalu,32,2,9.454545454545455,104,11,1,0,7,0,0,0,0,0,0,0,0,0,0,571,0,0,0,0,4,0,7,100,2,5,2,0,0,1,491,128,6.670061099796334,39,0,0.0,100,0.0,0,4.653960350157523,10.198039027185569,945.4545454545455,0.0,10400,0.0,34860
receiver,8,2,5.2,26,5,0,0,2,0,0,0,0,0,0,0,0,0,0,207,0,0,0,0,0,0,5,27,1,2,2,0,0,1,255,84,4.7254901960784315,24,0,0.0,27,0.0,0,3.295836866004329,5.0990195135927845,140.4,0.0,702,0.0,11008
receptor_adc_dout,12,7,10.333333333333334,31,3,0,0,0,0,0,0,0,0,0,0,0,0,0,205,0,0,0,0,0,0,1,24,2,2,2,0,0,1,252,93,5.087301587301587,21,0,0.0,24,0.0,0,3.4657359027997265,5.5677643628300215,248.0,0.0,744,0.0,11681
rec_df_ram_ctrl,32,2,14.8,222,15,5,0,4,0,0,0,0,0,0,0,0,0,0,278,0,0,0,0,0,0,1,1,11,6,2,0,0,1,301,139,5.27906976744186,23,0,0.0,1,0.0,0,5.407171771460119,14.89966442575134,14.8,0.0,222,0.0,17826
rec_gclk_gen,6,2,3.473684210526316,66,19,0,0,0,0,0,0,0,0,0,0,0,0,0,299,0,1,0,0,0,0,1,21,20,12,2,0,0,1,351,87,3.9173789173789175,18,0,0.0,21,0.0,0,4.204692619390966,8.12403840463596,72.94736842105263,0.0,1386,0.0,17129
redirect,5,4,4.8,24,5,0,0,0,0,0,0,0,0,0,0,0,0,0,56,0,0,0,0,0,0,1,10,5,1,2,0,0,1,93,30,3.7311827956989245,9,0,0.0,10,0.0,0,3.2188758248682006,4.898979485566356,48.0,0.0,240,0.0,2742
reg,32,32,32.0,64,2,2,0,0,0,0,0,0,0,0,0,0,0,0,112,0,0,0,0,0,0,1,32,2,1,2,0,0,1,99,66,7.212121212121212,16,0,0.0,32,0.0,0,4.174387269895637,8.0,1024.0,0.0,2048,0.0,6240
reg25bit,25,25,25.0,50,2,0,0,0,0,0,0,0,0,0,0,0,0,0,88,0,0,0,0,0,0,1,26,2,1,2,0,0,1,77,52,7.12987012987013,16,0,0.0,26,0.0,0,3.9318256327243257,7.0710678118654755,650.0,0.0,1300,0.0,4782
reg32,32,32,32.0,64,2,2,0,0,0,0,0,0,0,0,0,0,0,0,110,0,0,0,0,0,0,1,32,2,1,2,0,0,1,89,98,7.820224719101123,14,0,0.0,32,0.0,0,4.174387269895637,8.0,1024.0,0.0,2048,0.0,5828
regarraysize6,16,4,14.5,116,8,0,7,0,0,0,0,0,0,0,0,0,0,0,349,0,0,0,0,0,0,1,97,3,6,2,0,0,1,303,128,7.66996699669967,39,0,0.0,97,0.0,0,4.762173934797756,10.770329614269007,1406.5,0.0,11252,0.0,20555
regbank,16,3,9.2,46,5,0,2,1,0,0,0,0,128,0,0,0,0,0,515,0,0,0,0,0,0,2,768,4,1,2,0,0,1,253,384,11.944664031620553,44,128,0.24854368932038834,768,0.0,0,3.8501476017100584,6.782329983125268,7065.599999999999,0.0,35328,0.0,33549
regcfg,32,2,12.842105263157896,244,19,2,6,0,0,0,0,0,0,0,0,0,0,0,1821,0,6,7,0,0,0,1,408,8,13,2,7,0,1,1346,840,7.6263001485884105,108,0,0.0,408,0.0,0,5.501258210544727,15.620499351813308,5239.578947368422,0.0,99552,0.0,109992
regfile,32,5,18.5,111,6,3,0,0,0,0,0,0,0,0,0,0,0,0,7723,0,10,0,0,0,0,1,7169,5,2,2,0,0,1,5675,5120,7.435770925110132,181,0,0.0,7169,0.0,0,4.718498871295094,10.535653752852738,132626.5,0.0,795759,0.0,437480
regfiles,32,5,18.5,111,6,3,0,0,0,0,0,0,0,0,0,0,0,0,7300,0,10,0,0,0,0,1,6945,5,2,2,0,0,1,5332,4960,7.476369092273068,170,0,0.0,6945,0.0,0,4.718498871295094,10.535653752852738,128482.5,0.0,770895,0.0,415383
regfile_32x4,4,2,3.6,18,5,0,0,0,0,0,0,0,0,0,0,0,0,0,982,0,10,0,0,0,0,5,162,2,1,2,0,0,1,887,640,6.79706877113867,50,0,0.0,162,0.0,0,2.9444389791664403,4.242640687119285,583.2,0.0,2916,0.0,56221
regfile_configmem,414,20,220.0,880,4,1,0,0,0,0,0,0,828,0,0,0,0,0,1636,0,0,0,0,0,0,1,828,2,2,2,0,0,1,497,830,15.476861167002012,45,828,0.5061124694376528,828,0.0,0,6.78105762593618,29.664793948382652,182160.0,0.0,728640,0.0,105389
regfile_switch_matrix,412,412,412.0,824,2,0,0,0,0,0,0,0,0,0,0,0,0,0,1801,0,64,0,0,0,0,1,0,3,1,2,0,0,1,1969,632,5.566277298120873,44,0,0.0,0,0.0,0,6.715383386334681,28.705400188814647,0.0,0.0,0,0.0,106940
regir,10,10,10.0,20,2,0,0,0,0,0,0,0,0,0,0,0,0,0,43,0,0,0,0,0,0,1,11,2,1,2,0,0,1,51,32,4.803921568627451,5,0,0.0,11,0.0,0,3.044522437723423,4.47213595499958,110.0,0.0,220,0.0,1975
register,32,32,32.0,128,4,4,0,0,0,0,0,0,0,0,0,0,0,0,234,0,0,0,0,0,0,2,32,2,1,2,0,0,1,168,97,7.142857142857143,25,0,0.0,32,0.0,0,4.859812404361672,11.313708498984761,1024.0,0.0,4096,0.0,11911
register25b,25,25,25.0,50,2,0,0,0,0,0,0,0,0,0,0,0,0,0,98,0,0,0,0,0,0,1,130,2,1,2,0,0,1,77,52,7.12987012987013,16,0,0.0,130,0.0,0,3.9318256327243257,7.0710678118654755,3250.0,0.0,6500,0.0,5162
registerfile,32,5,18.5,111,6,3,0,0,0,0,0,0,0,0,0,0,0,0,8640,0,0,0,0,0,0,1,7033,5,2,2,0,0,1,7145,4960,6.782505248425473,209,0,0.0,7033,0.0,0,4.718498871295094,10.535653752852738,130110.5,0.0,780663,0.0,519107
registerinterface,8,8,8.0,88,11,0,0,11,0,0,0,0,0,0,0,0,0,0,324,0,0,0,0,0,0,1,73,3,9,2,0,0,1,330,135,6.315151515151515,37,0,0.0,73,0.0,0,4.48863636973214,9.38083151964686,584.0,0.0,6424,0.0,19153
registers,16,8,12.8,128,10,0,6,4,0,0,0,0,0,0,0,0,0,0,221,0,0,0,0,0,0,1,208,6,6,2,0,0,1,164,67,7.0060975609756095,19,0,0.0,208,0.0,0,4.859812404361672,11.313708498984761,2662.4,0.0,26624,0.0,11545
register_16bit,16,16,16.0,32,2,0,2,0,0,0,0,0,32,0,0,0,0,0,67,0,0,0,0,0,0,1,17,2,1,2,0,0,1,75,50,5.226666666666667,16,32,0.47761194029850745,17,0.0,0,3.4965075614664802,5.656854249492381,272.0,0.0,544,0.0,3203
register_8bit,8,8,8.0,16,2,0,0,2,0,0,0,0,0,0,0,0,0,0,37,0,0,0,0,0,0,1,9,2,1,2,0,0,1,48,18,4.229166666666667,1,0,0.0,9,0.0,0,2.833213344056216,4.0,72.0,0.0,144,0.0,1667
register_bank,16,3,14.304347826086957,329,23,0,20,0,0,0,0,0,1304,0,0,0,0,0,1337,0,0,0,0,0,0,17,325,6,3,2,0,0,1,1053,784,8.622032288698955,106,1304,0.975317875841436,325,0.0,0,5.799092654460526,18.138357147217054,4648.913043478261,0.0,106925,0.0,82832
register_file,32,5,18.5,111,6,3,0,0,0,0,0,0,0,0,0,0,0,0,3410,0,8,0,0,0,0,1,3585,5,2,2,0,0,1,2412,2560,8.400082918739635,117,0,0.0,3585,0.0,0,4.718498871295094,10.535653752852738,66322.5,0.0,397935,0.0,227808
register_file_ir,32,32,32.0,128,4,4,0,0,0,0,0,0,0,0,0,0,0,0,141,0,0,0,0,0,0,0,64,3,2,2,0,0,1,18,130,36.666666666666664,12,0,0.0,64,0.0,0,4.859812404361672,11.313708498984761,2048.0,0.0,8192,0.0,6633
register_g,16,16,16.0,32,2,0,2,0,0,0,0,0,0,0,0,0,0,0,67,0,0,0,0,0,0,1,17,2,1,2,0,0,1,57,34,6.245614035087719,16,0,0.0,17,0.0,0,3.4965075614664802,5.656854249492381,272.0,0.0,544,0.0,3620
register_mask,32,32,32.0,96,3,3,0,0,0,0,0,0,0,0,0,0,0,0,76,0,0,0,0,0,0,0,1,2,1,2,0,0,1,44,34,6.090909090909091,7,0,0.0,1,0.0,0,4.574710978503383,9.797958971132712,32.0,0.0,96,0.0,4481
register_mem,4,4,4.0,8,2,0,0,0,0,0,0,0,0,0,0,0,0,0,25,0,0,0,0,0,0,1,5,2,1,2,0,0,1,40,10,2.975,0,0,0.0,5,0.0,0,2.1972245773362196,2.8284271247461903,20.0,0.0,40,0.0,990
register_p,12,4,8.625,138,16,0,0,10,0,0,0,0,133,0,0,0,0,0,659,0,0,0,0,0,0,14,91,3,1,2,0,0,1,664,198,6.039156626506024,47,133,0.20182094081942337,91,0.0,0,4.9344739331306915,11.74734012447073,784.875,0.0,12558,0.0,37558
register_pc,16,14,15.333333333333334,46,3,0,2,0,0,0,0,0,45,0,0,0,0,0,126,0,0,0,0,0,0,2,17,2,1,2,0,0,1,147,51,5.523809523809524,29,45,0.35714285714285715,17,0.0,0,3.8501476017100584,6.782329983125268,260.6666666666667,0.0,782,0.0,7457
register_read,42,6,24.75,99,4,1,0,0,0,0,0,0,0,0,0,0,0,0,100,0,10,0,0,0,0,1,42,3,2,2,0,0,1,100,50,5.07,12,0,0.0,42,0.0,0,4.605170185988092,9.9498743710662,1039.5,0.0,4158,0.0,5208
register_unit,8,8,8.0,16,2,0,0,2,0,0,0,0,0,0,0,0,0,0,35,0,0,0,0,0,0,1,8,2,1,2,0,0,1,38,18,4.868421052631579,1,0,0.0,8,0.0,0,2.833213344056216,4.0,64.0,0.0,128,0.0,1755
registrador,64,64,64.0,128,2,0,0,0,0,0,0,0,0,0,0,0,0,0,139,0,0,0,0,0,0,0,64,2,1,2,0,0,1,15,66,43.6,10,0,0.0,64,0.0,0,4.859812404361672,11.313708498984761,4096.0,0.0,8192,0.0,6679
registradorinstrucao,32,32,32.0,64,2,2,0,0,0,0,0,0,0,0,0,0,0,0,75,0,0,0,0,0,0,0,32,2,1,2,0,0,1,13,34,20.615384615384617,8,0,0.0,32,0.0,0,4.174387269895637,8.0,1024.0,0.0,2048,0.0,3064
regn,16,16,16.0,32,2,0,2,0,0,0,0,0,0,0,0,0,0,0,43,0,0,0,0,0,0,0,17,2,1,2,0,0,1,14,34,12.428571428571429,9,0,0.0,17,0.0,0,3.4965075614664802,5.656854249492381,272.0,0.0,544,0.0,1644
regs,32,5,18.5,111,6,3,0,0,0,0,0,0,0,0,0,0,0,0,7497,0,0,0,0,0,0,1,6944,5,2,2,0,0,1,5113,4960,8.411500097789947,217,0,0.0,6944,0.0,0,4.718498871295094,10.535653752852738,128464.0,0.0,770784,0.0,472339
regset,4,3,3.9166666666666665,47,12,0,0,0,0,0,0,0,0,0,0,0,0,0,233,0,0,0,0,0,0,9,41,3,1,2,0,0,1,254,70,5.519685039370079,29,0,0.0,41,0.0,0,3.871201010907891,6.855654600401044,160.58333333333331,0.0,1927,0.0,12698
regs_file,32,5,18.5,111,6,3,0,0,0,0,0,0,0,0,0,0,0,0,7641,0,0,0,0,0,0,1,1024,5,2,2,0,0,1,5180,5120,8.483976833976834,213,0,0.0,1024,0.0,0,4.718498871295094,10.535653752852738,18944.0,0.0,113664,0.0,479835
regular_coding,13,2,7.851063829787234,369,47,0,0,5,0,0,0,0,3269,0,0,0,0,0,3347,0,3,34,0,0,0,39,188,7,3,2,34,0,1,2518,1265,7.318506751389992,156,3269,0.9766955482521661,188,0.0,0,5.91350300563827,19.209372712298546,1476.0,0.0,69372,0.0,198727
regwload,32,32,32.0,96,3,3,0,0,0,0,0,0,32,0,0,0,0,0,141,0,0,0,0,0,0,2,32,2,1,2,0,0,1,63,66,11.619047619047619,19,32,0.22695035460992907,32,0.0,0,4.574710978503383,9.797958971132712,1024.0,0.0,3072,0.0,7451
reg_32,32,5,18.5,111,6,3,0,0,0,0,0,0,0,0,0,0,0,0,7535,0,10,0,0,0,0,1,7169,5,2,2,0,0,1,5401,5121,7.547861507128309,173,0,0.0,7169,0.0,0,4.718498871295094,10.535653752852738,132626.5,0.0,795759,0.0,435804
reg_32b,32,32,32.0,64,2,2,0,0,0,0,0,0,0,0,0,0,0,0,126,0,0,0,0,0,0,1,33,2,1,2,0,0,1,94,66,7.5212765957446805,16,0,0.0,33,0.0,0,4.174387269895637,8.0,1056.0,0.0,2112,0.0,6442
reg_64b,64,64,64.0,128,2,0,0,0,0,0,0,0,0,0,0,0,0,0,267,0,0,0,0,0,0,1,65,2,1,2,0,0,1,163,130,8.54601226993865,18,0,0.0,65,0.0,0,4.859812404361672,11.313708498984761,4160.0,0.0,8320,0.0,13064
reg_array,64,5,34.5,207,6,0,0,0,0,0,0,0,0,0,0,0,0,0,15599,0,10,0,0,0,0,1,1984,5,2,2,0,0,1,11262,9920,7.635144734505417,553,0,0.0,1984,0.0,0,5.337538079701318,14.38749456993816,68448.0,0.0,410688,0.0,939574
reg_bank,32,5,18.5,185,10,5,0,0,0,0,0,0,0,0,0,0,0,0,7685,0,74,0,0,0,0,1,1086,7,4,2,0,0,1,6033,4960,7.562572517818664,270,0,0.0,1086,0.0,0,5.225746673713202,13.601470508735444,20091.0,0.0,200910,0.0,447607
reg_cam_cell,32,32,32.0,160,5,5,0,0,0,0,0,0,0,0,0,0,0,0,388,0,0,0,0,0,0,3,67,4,1,2,0,0,1,340,97,6.314705882352941,25,0,0.0,67,0.0,0,5.081404364984463,12.649110640673518,2144.0,0.0,10720,0.0,20178
reg_compare,32,5,23.0,69,3,2,0,0,0,0,0,0,0,0,0,0,0,0,284,0,4,0,0,0,0,1,0,2,1,2,0,0,1,446,191,4.511210762331839,19,0,0.0,0,0.0,0,4.248495242049359,8.306623862918075,0.0,0.0,0,0.0,16748
reg_config,32,2,12.285714285714286,86,7,1,1,0,0,0,0,0,134,0,0,0,0,0,1405,0,0,0,0,0,0,7,219,1,2,2,0,0,1,1719,739,5.464223385689354,118,134,0.09537366548042704,219,0.0,0,4.465908118654584,9.273618495495704,2690.571428571429,0.0,18834,0.0,83612
reg_enable,9,9,9.0,18,2,0,0,0,0,0,0,0,0,0,0,0,0,0,29,0,0,0,0,0,0,0,10,2,1,2,0,0,1,13,20,8.0,4,0,0.0,10,0.0,0,2.9444389791664403,4.242640687119285,90.0,0.0,180,0.0,998
reg_exe_mem,32,2,18.125,290,16,8,0,0,0,0,0,0,0,0,0,0,0,0,643,0,0,0,0,0,0,1,239,9,9,2,0,0,1,377,157,9.389920424403183,42,0,0.0,239,0.0,0,5.673323267171493,17.029386365926403,4331.875,0.0,69310,0.0,37945
reg_ex_mem,32,3,22.666666666666668,272,12,8,0,0,0,0,0,0,0,0,0,0,0,0,432,0,0,0,0,0,0,1,140,7,7,2,0,0,1,227,140,10.325991189427313,40,0,0.0,140,0.0,0,5.60947179518496,16.492422502470642,3173.3333333333335,0.0,38080,0.0,24404
reg_file,32,5,18.5,111,6,3,0,0,0,0,0,0,0,0,0,0,0,0,7648,0,0,0,0,0,0,1,7169,5,2,2,0,0,1,5182,5120,8.480702431493631,215,0,0.0,7169,0.0,0,4.718498871295094,10.535653752852738,132626.5,0.0,795759,0.0,487037
reg_file_be,104,5,39.0,117,3,0,0,1,0,0,0,0,0,0,0,0,0,0,245,0,0,0,0,0,0,1,209,3,1,2,0,0,1,80,106,17.35,14,0,0.0,209,0.0,0,4.770684624465665,10.816653826391969,8151.0,0.0,24453,0.0,14045
reg_id_ex,32,3,18.2,364,20,10,0,0,0,0,0,0,0,0,0,0,0,0,593,0,0,0,0,0,0,1,188,11,11,2,0,0,1,282,188,10.957446808510639,57,0,0.0,188,0.0,0,5.8998973535824915,19.078784028338912,3421.6,0.0,68432,0.0,31707
reg_if_id,32,32,32.0,128,4,4,0,0,0,0,0,0,0,0,0,0,0,0,283,0,0,0,0,0,0,1,64,3,2,2,0,0,1,185,66,8.091891891891892,25,0,0.0,64,0.0,0,4.859812404361672,11.313708498984761,2048.0,0.0,8192,0.0,14572
reg_if_is,32,32,32.0,128,4,4,0,0,0,0,0,0,0,0,0,0,0,0,276,0,0,0,0,0,0,1,64,3,2,2,0,0,1,169,66,8.615384615384615,24,0,0.0,64,0.0,0,4.859812404361672,11.313708498984761,2048.0,0.0,8192,0.0,14260
reg_mem_wb,32,2,22.5,270,12,8,0,0,0,0,0,0,0,0,0,0,0,0,585,0,0,0,0,0,0,1,180,7,7,2,0,0,1,332,140,9.704819277108435,32,0,0.0,180,0.0,0,5.602118820879701,16.431676725154983,4050.0,0.0,48600,0.0,33876
reg_mux,32,2,26.0,130,5,4,0,0,0,0,0,0,0,0,0,0,0,0,140,0,0,0,0,0,0,1,103,4,1,2,0,0,1,161,70,6.590062111801243,22,0,0.0,103,0.0,0,4.875197323201151,11.40175425099138,2678.0,0.0,13390,0.0,9425
relu8b,32,5,19.25,77,4,2,0,1,0,0,0,0,962,0,0,0,0,0,402,0,0,33,0,0,0,2,0,2,1,2,33,0,1,384,962,8.6796875,33,962,2.3930348258706466,0,0.0,0,4.356708826689592,8.774964387392123,0.0,0.0,0,0.0,29080
relu_acc,32,5,29.3,293,10,9,0,0,0,0,0,0,7956,0,0,0,0,0,2892,0,0,126,0,0,0,5,524,6,1,2,126,0,1,429,3848,41.25407925407925,193,7956,2.7510373443983402,524,0.0,0,5.683579767338681,17.11724276862369,15353.2,0.0,153532,0.0,178940
relu_h7,16,3,9.5,57,6,0,3,0,0,0,0,0,0,0,0,0,0,0,93,0,14,0,0,0,0,1,24,3,4,2,0,0,1,103,50,5.456310679611651,13,0,0.0,24,0.0,0,4.060443010546419,7.54983443527075,228.0,0.0,1368,0.0,4689
rename,404,4,74.0,1258,17,0,0,0,0,0,0,0,3858,0,0,0,0,0,28921,0,99,0,0,0,0,5,1046,8,7,2,0,0,1,29772,14274,5.950221684804514,1036,3858,0.13339787697520833,1046,0.0,0,7.138073034044347,35.4682957019364,77404.0,0.0,1315868,0.0,1708608
repeater,15,3,5.166666666666667,93,18,0,0,0,0,0,0,0,0,0,0,0,0,0,169,0,0,0,0,0,0,7,33,7,7,2,0,0,1,115,36,6.991304347826087,17,0,0.0,33,0.0,0,4.543294782270004,9.643650760992955,170.5,0.0,3069,0.0,10278
repeater_1,64,2,15.0,225,15,0,0,0,0,0,0,0,0,0,0,0,0,0,302,0,0,0,0,0,0,6,79,6,6,2,0,0,1,166,130,10.391566265060241,17,0,0.0,79,0.0,0,5.420534999272286,15.0,1185.0,0.0,17775,0.0,21377
repeater_2,31,3,7.833333333333333,141,18,0,0,0,0,0,0,0,0,0,0,0,0,0,249,0,0,0,0,0,0,7,49,7,7,2,0,0,1,131,64,8.580152671755725,17,0,0.0,49,0.0,0,4.955827057601261,11.874342087037917,383.8333333333333,0.0,6909,0.0,14809
repeater_3,28,3,7.333333333333333,132,18,0,0,0,0,0,0,0,0,0,0,0,0,0,234,0,0,0,0,0,0,7,46,7,7,2,0,0,1,128,58,8.3125,17,0,0.0,46,0.0,0,4.890349128221754,11.489125293076057,337.3333333333333,0.0,6072,0.0,13957
requatize,40,2,10.774193548387096,334,31,0,0,2,0,0,0,0,105,0,0,0,0,0,1915,0,11,0,0,0,0,18,547,10,6,2,0,0,1,2111,910,5.573188062529606,104,105,0.05483028720626632,547,0.0,0,5.814130531825066,18.275666882497067,5893.4838709677415,0.0,182698,0.0,109979
reservationstation,420,3,108.66666666666667,1304,12,0,0,0,0,0,0,0,0,0,0,0,0,0,21744,0,14,0,0,0,0,2,1603,9,3,2,0,0,1,19184,9297,6.33877189324437,429,0,0.0,1603,0.0,0,7.173958319756794,36.11094017053558,174192.6666666667,0.0,2090312,0.0,1253715
reset,28,26,27.0,54,2,0,0,0,0,0,0,0,81,0,0,0,0,0,146,0,0,0,0,0,0,3,30,1,1,2,0,0,1,178,86,6.101123595505618,23,81,0.5547945205479452,30,0.0,0,4.007333185232471,7.3484692283495345,810.0,0.0,1620,0.0,9365
reset_control,6,6,6.0,6,1,0,0,0,0,0,0,0,0,0,0,0,0,0,47,0,0,0,0,0,0,2,6,1,1,2,0,0,1,70,24,3.4,4,0,0.0,6,0.0,0,1.9459101490553132,2.449489742783178,36.0,0.0,36,0.0,2330
reset_delay,21,19,20.0,40,2,0,0,0,0,0,0,0,60,0,0,0,0,0,124,0,0,0,0,0,0,3,22,1,1,2,0,0,1,122,86,6.204918032786885,21,60,0.4838709677419355,22,0.0,0,3.713572066704308,6.324555320336759,440.0,0.0,880,0.0,7029
residu,32,4,19.105263157894736,726,38,13,13,0,0,0,0,146,0,0,0,0,0,0,1195,0,91,0,0,0,0,10,62,13,18,2,0,0,1,1058,439,6.720226843100189,95,146,0.12217573221757322,62,0.0,0,6.588926477533519,26.94438717061496,1184.5263157894738,0.0,45012,0.0,68776
residual_ctrl,6,4,5.285714285714286,37,7,0,0,0,0,0,0,0,0,0,0,0,0,0,188,0,0,0,0,19,0,1,36,4,5,2,0,0,1,221,72,4.882352941176471,21,0,0.0,36,0.0,0,3.6375861597263857,6.082762530298219,190.28571428571428,0.0,1332,0.0,10921
resolutioncounter,15,13,14.0,28,2,0,0,0,0,0,0,0,42,0,0,0,0,0,88,0,0,0,0,0,0,2,15,1,1,2,0,0,1,108,46,5.175925925925926,20,42,0.4772727272727273,15,0.0,0,3.367295829986474,5.291502622129181,210.0,0.0,420,0.0,5208
resp_fifo,8,2,6.363636363636363,70,11,0,0,5,0,0,0,0,42,0,0,0,0,0,2043,0,1,1,0,0,0,10,304,2,2,2,1,0,1,1619,1024,7.4601605929586166,146,42,0.020558002936857563,304,0.0,0,4.2626798770413155,8.366600265340756,1934.5454545454545,0.0,21280,0.0,117942
result_mux,32,32,32.0,160,5,5,0,0,0,0,0,0,0,0,0,0,0,0,114,0,0,0,0,0,0,1,0,4,1,2,0,0,1,125,66,6.184,17,0,0.0,0,0.0,0,5.081404364984463,12.649110640673518,0.0,0.0,0,0.0,7393
return_addr_stack,32,5,23.0,69,3,2,0,0,0,0,0,0,0,0,0,0,0,0,6493,0,0,0,0,0,0,2,1076,2,2,2,0,0,1,4329,4096,7.714252714252714,198,0,0.0,1076,0.0,0,4.248495242049359,8.306623862918075,24748.0,0.0,74244,0.0,347257
revaluate_controller,4,3,3.5,7,2,0,0,0,0,0,0,0,0,0,0,0,0,0,40,0,1,0,0,0,0,3,3,1,1,2,0,0,1,69,15,3.1884057971014492,3,0,0.0,3,0.0,0,2.0794415416798357,2.6457513110645907,10.5,0.0,21,0.0,1888
reversiblecounter,32,32,32.0,64,2,2,0,0,0,0,0,0,100,0,0,0,0,0,214,0,0,0,0,0,0,2,32,1,1,2,0,0,1,181,100,7.232044198895028,26,100,0.4672897196261682,32,0.0,0,4.174387269895637,8.0,1024.0,0.0,2048,0.0,11335
re_in_ctl,19,2,17.87878787878788,1180,66,0,0,0,0,0,0,0,0,0,0,0,0,0,2396,0,0,0,0,0,0,1,0,35,33,2,0,0,1,2811,1508,5.9832799715403775,186,0,0.0,0,0.0,0,7.074116816197362,34.351128074635334,0.0,0.0,0,0.0,150412
re_level0_cal,26,17,24.788235294117648,2107,85,0,0,0,0,0,0,0,2367,0,0,0,0,0,5337,0,34,0,0,0,0,51,819,2,34,2,0,0,1,2540,1333,11.668503937007873,362,2367,0.44350758853288363,819,0.0,0,7.653494909661253,45.902069670114,20301.564705882352,0.0,1725633,0.0,322908
re_level1,28,2,25.836772983114447,13771,533,0,0,0,0,0,0,0,36686,0,0,0,0,0,41162,0,24,0,0,0,0,518,3668,9,8,2,0,0,1,19337,9030,11.939959662822568,1661,36686,0.8912589281376027,3668,0.0,0,9.530392824458414,117.3499041328965,94769.28330206379,0.0,50512028,0.0,2590856
re_level1_cal,27,18,25.58974358974359,998,39,0,0,0,0,0,0,0,1003,0,0,0,0,0,2520,0,19,0,0,0,0,24,374,2,15,2,0,0,1,1082,543,12.269870609981515,182,1003,0.398015873015873,374,0.0,0,6.906754778648554,31.591137997862628,9570.564102564103,0.0,373252,0.0,146827
re_level2,28,2,26.340740740740742,3556,135,0,0,0,0,0,0,0,8733,0,0,0,0,0,10600,0,12,0,0,0,0,128,943,5,4,2,0,0,1,5048,2226,11.57527733755943,486,8733,0.8238679245283019,943,0.0,0,8.176672771948455,59.632206063502295,24839.31851851852,0.0,3353308,0.0,675006
re_level2_cal,27,19,26.157894736842106,497,19,0,0,0,0,0,0,0,438,0,0,0,0,0,1283,0,13,0,0,0,0,12,179,2,7,2,0,0,1,684,273,10.223684210526315,89,438,0.34138737334372565,179,0.0,0,6.210600077024653,22.293496809607955,4682.263157894737,0.0,88963,0.0,75626
re_level3,28,19,26.641025641025642,2078,78,0,0,0,0,0,0,0,2546,0,0,0,0,0,5239,0,12,0,0,0,0,71,517,5,4,2,0,0,1,2652,1414,10.72549019607843,275,2546,0.48597060507730483,517,0.0,0,7.639642287858013,45.58508528016593,13773.410256410258,0.0,1074326,0.0,328765
re_out_ctl,28,2,26.83582089552239,1798,67,0,0,0,0,0,0,0,0,0,0,0,0,0,3819,0,0,0,0,0,0,2,3,35,33,2,0,0,1,4120,1959,6.187378640776699,237,0,0.0,3,0.0,0,7.4949862339505335,42.40283009422838,80.50746268656717,0.0,5394,0.0,232320
re_trigger,10,10,10.0,20,2,0,0,0,0,0,0,0,0,0,0,0,0,0,24,0,0,0,0,0,0,0,12,2,2,2,0,0,1,19,14,6.157894736842105,7,0,0.0,12,0.0,0,3.044522437723423,4.47213595499958,120.0,0.0,240,0.0,1059
rf,32,5,21.875,175,8,5,0,0,0,0,0,0,0,0,0,0,0,0,8538,0,0,0,0,0,0,1,992,5,2,2,0,0,1,7238,3510,6.768582481348439,273,0,0.0,992,0.0,0,5.170483995038151,13.228756555322953,21700.0,0.0,173600,0.0,469923
rga_decode,236,8,122.0,244,2,0,0,1,0,0,0,0,0,0,0,0,0,0,327,0,1,0,0,0,0,1,238,1,1,2,0,0,1,404,307,6.306930693069307,39,0,0.0,238,0.0,0,5.501258210544727,15.620499351813308,29036.0,0.0,58072,0.0,22589
rgb2ycbcr,24,8,12.647058823529411,430,34,0,0,18,0,7,4,9,1,2,0,0,0,38,130,3,0,5,0,0,3,10,6,4,2,2,8,0,1,56,11,3.5535714285714284,1,21,0.16153846153846155,6,0.015384615384615385,3,6.066108090103747,20.73644135332772,75.88235294117646,0.09230769230769231,2580,25.294117647058822,2174
rgb2yuv,24,24,24.0,48,2,0,0,0,0,0,0,0,0,0,0,0,0,0,851,0,8,0,0,0,0,1,25,2,2,2,0,0,1,1258,381,4.817965023847377,51,0,0.0,25,0.0,0,3.8918202981106265,6.928203230275509,600.0,0.0,1200,0.0,52182
rgbtohsl,10,10,10.0,60,6,0,0,0,0,0,0,0,178,0,0,0,0,0,3872,0,4,0,0,0,0,1,26,4,3,2,0,0,1,5051,2171,5.073846763017224,150,178,0.04597107438016529,26,0.0,0,4.110873864173311,7.745966692414834,260.0,0.0,1560,0.0,225635
rgb_gray_converter,32,8,12.0,72,6,1,0,5,0,0,0,0,0,0,0,0,0,0,234,0,0,0,0,0,0,2,8,5,2,2,0,0,1,349,105,4.292263610315186,19,0,0.0,8,0.0,0,4.290459441148391,8.48528137423857,96.0,0.0,576,0.0,13502
rgb_huesimplifier,10,10,10.0,60,6,0,0,0,0,0,0,46,0,0,0,0,0,0,761,0,21,1,0,0,0,1,9,4,3,2,1,0,1,1053,481,5.021842355175688,46,46,0.06044678055190539,9,0.0,0,4.110873864173311,7.745966692414834,90.0,0.0,540,0.0,43515
rgb_to_hue,12,4,7.384615384615385,96,13,0,0,6,0,0,0,0,288,0,0,0,0,0,2503,0,0,75,0,0,0,10,57,4,1,2,75,0,1,2972,1374,5.657469717362046,183,288,0.11506192568917299,57,0.0,0,4.574710978503383,9.797958971132712,420.92307692307696,0.0,5472,0.0,147647
rgb_to_ycbcr,19,8,13.84375,443,32,0,0,6,0,0,0,0,1614,0,0,0,0,0,2175,0,3,0,0,317,0,27,268,4,4,2,0,0,1,1395,641,9.064516129032258,162,1614,0.7420689655172413,268,0.0,0,6.095824562432225,21.047565179849187,3710.125,0.0,118724,0.0,131869
rgb_to_yuv,384,128,256.0,512,2,0,0,0,0,0,0,0,0,0,0,0,0,0,12975,0,44,0,0,0,0,1,2001,2,2,2,0,0,1,12622,4099,6.0034859768657896,164,0,0.0,2001,0.0,0,6.240275845170769,22.627416997969522,512256.0,0.0,1024512,0.0,769455
rib,32,32,32.0,672,21,21,0,0,0,0,0,36,0,0,0,0,0,0,1397,0,16,0,0,0,0,1,0,11,12,2,0,0,1,1514,759,6.538309114927345,57,36,0.025769506084466716,0,0.0,0,6.511745329644728,25.92296279363144,0.0,0.0,0,0.0,90334
rightshifter,32,32,32.0,96,3,3,0,0,0,0,0,0,1985,0,0,0,0,0,811,0,1,35,0,0,0,1,0,3,1,2,35,0,1,465,1023,14.58279569892473,66,1985,2.4475955610357585,0,0.0,0,4.574710978503383,9.797958971132712,0.0,0.0,0,0.0,55979
right_barrel_shifter,32,5,23.0,69,3,2,0,0,0,0,0,0,0,0,0,0,0,0,393,0,0,27,0,0,0,1,0,3,1,2,27,0,1,493,234,5.604462474645031,27,0,0.0,0,0.0,0,4.248495242049359,8.306623862918075,0.0,0.0,0,0.0,22249
right_shift,16,4,12.0,36,3,0,2,0,0,0,0,0,0,0,0,0,0,0,154,0,1,1,0,0,0,1,0,2,1,2,1,0,1,204,119,4.970588235294118,16,0,0.0,0,0.0,0,3.6109179126442243,6.0,0.0,0.0,0,0.0,8275
right_shifter,8,3,6.333333333333333,19,3,0,0,2,0,0,0,0,0,0,0,0,0,0,53,0,0,1,0,0,0,1,0,2,1,2,1,0,1,74,26,4.108108108108108,8,0,0.0,0,0.0,0,2.995732273553991,4.358898943540674,0.0,0.0,0,0.0,2374
ring_counter,16,14,15.0,30,2,0,1,0,0,0,0,0,45,0,0,0,0,0,97,0,0,0,0,0,0,2,18,1,1,2,0,0,1,105,51,5.685714285714286,22,45,0.4639175257731959,18,0.0,0,3.4339872044851463,5.477225575051661,270.0,0.0,540,0.0,5536
rippleadder,32,32,32.0,96,3,3,0,0,0,0,0,0,0,0,0,0,0,0,235,0,0,0,0,0,0,1,0,3,2,2,0,0,1,361,146,4.7645429362880884,23,0,0.0,0,0.0,0,4.574710978503383,9.797958971132712,0.0,0.0,0,0.0,14191
ripplecarryadder,32,32,32.0,96,3,3,0,0,0,0,0,0,0,0,0,0,0,0,79,0,0,0,0,0,0,1,0,3,2,2,0,0,1,78,66,5.564102564102564,7,0,0.0,0,0.0,0,4.574710978503383,9.797958971132712,0.0,0.0,0,0.0,3534
ripple_add,13,13,13.0,39,3,0,0,0,0,0,0,0,0,0,0,0,0,0,89,0,0,0,0,0,0,1,0,3,1,2,0,0,1,150,52,4.126666666666667,9,0,0.0,0,0.0,0,3.6888794541139363,6.244997998398398,0.0,0.0,0,0.0,4825
ripple_add_sub,13,13,13.0,39,3,0,0,0,0,0,0,0,0,0,0,0,0,0,113,0,0,0,0,0,0,1,0,3,1,2,0,0,1,202,67,4.064356435643564,13,0,0.0,0,0.0,0,3.6888794541139363,6.244997998398398,0.0,0.0,0,0.0,6568
ripple_carry_adder,32,32,32.0,96,3,3,0,0,0,0,0,0,0,0,0,0,0,0,79,0,0,0,0,0,0,1,0,3,2,2,0,0,1,80,34,5.425,9,0,0.0,0,0.0,0,4.574710978503383,9.797958971132712,0.0,0.0,0,0.0,3536
ripple_carry_adder_subtractor,32,32,32.0,96,3,3,0,0,0,0,0,0,0,0,0,0,0,0,194,0,0,0,0,0,0,1,0,3,2,2,0,0,1,300,167,4.1466666666666665,12,0,0.0,0,0.0,0,4.574710978503383,9.797958971132712,0.0,0.0,0,0.0,10476
ripple_counter,4,4,4.0,8,2,0,0,0,0,0,0,0,16,0,0,0,0,0,27,0,0,0,0,0,0,1,4,1,2,2,0,0,1,33,14,3.727272727272727,2,16,0.5925925925925926,4,0.0,0,2.1972245773362196,2.8284271247461903,16.0,0.0,32,0.0,1141
ripple_sub,11,11,11.0,33,3,0,0,0,0,0,0,0,0,0,0,0,0,0,63,0,0,13,0,0,0,1,0,3,2,2,13,0,1,108,35,4.268518518518518,11,0,0.0,0,0.0,0,3.5263605246161616,5.744562646538029,0.0,0.0,0,0.0,3562
riscv,32,32,32.0,64,2,2,0,0,0,0,0,4,409,0,0,0,0,0,226,0,34,0,0,0,0,1,30,1,2,2,0,0,1,152,240,9.203947368421053,19,413,1.8274336283185841,30,0.0,0,4.174387269895637,8.0,960.0,0.0,1920,0.0,11909
riscv_alu,64,4,49.0,196,4,0,0,0,0,0,0,0,650,0,0,0,0,0,2705,0,1,0,0,0,0,1,0,3,2,2,0,0,1,3057,1316,5.537455021262676,80,650,0.24029574861367836,0,0.0,0,5.2832037287379885,14.0,0.0,0.0,0,0.0,158730
riscv_bp,12,2,10.75,129,12,0,0,0,0,23,5,2,0,10,4,0,0,19,70,3,0,6,0,0,6,13,7,13,4,4,12,0,1,40,24,5.075,4,30,0.42857142857142855,7,0.2,6,4.867534450455582,11.357816691600547,75.25,1.4000000000000001,903,107.5,2023
riscv_controller,7,2,3.1666666666666665,19,6,0,0,0,0,0,0,0,0,0,0,0,0,0,61,0,0,0,0,0,0,1,0,3,5,2,0,0,1,98,30,3.336734693877551,4,0,0.0,0,0.0,0,2.995732273553991,4.358898943540674,0.0,0.0,0,0.0,2951
riscv_core,32,2,19.892857142857142,557,28,13,0,0,0,0,0,0,0,0,0,0,0,0,16187,0,0,0,0,0,0,28,3446,1,1,2,0,0,1,13792,5538,5.754277842227379,477,0,0.0,3446,0.0,0,6.324358962381311,23.600847442411894,68550.78571428571,0.0,1919422,0.0,887055
riscv_cpu,32,2,16.333333333333332,147,9,4,0,0,0,0,0,0,0,0,0,0,0,0,27,0,0,0,0,0,0,5,0,3,3,2,0,0,1,31,5,2.3870967741935485,0,0,0.0,0,0.0,0,4.997212273764115,12.12435565298214,0.0,0.0,0,0.0,757
riscv_csr,32,2,26.0,468,18,13,0,0,0,0,0,0,651,0,0,0,0,0,2944,0,2,0,0,0,0,10,1378,7,4,2,0,0,1,2431,984,6.895516248457425,194,651,0.22112771739130435,1378,0.0,0,6.150602768446279,21.633307652783937,35828.0,0.0,644904,0.0,164953
riscv_datapath,33,2,26.05,521,20,14,0,0,0,0,0,4,7261,0,0,0,0,0,9378,0,73,0,0,0,0,12,13536,7,4,2,0,0,1,6735,6336,8.591982182628062,333,7265,0.7746854339944551,13536,0.0,0,6.257667587882639,22.825424421026653,352612.8,0.0,7052256,0.0,627845
riscv_decode_k,32,2,19.642857142857142,550,28,9,0,5,0,0,0,0,489,0,0,0,0,0,1755,0,14,10,0,0,0,11,272,8,12,2,10,0,1,1568,511,6.763392857142857,120,489,0.27863247863247864,272,0.0,0,6.311734809152915,23.45207879911715,5342.857142857143,0.0,149600,0.0,102984
riscv_exec,58,5,27.68421052631579,526,19,10,0,0,0,0,0,0,1668,0,0,0,0,0,3025,0,3,0,0,0,0,9,37,487,4,2,0,0,1,2826,1237,6.669851380042463,118,1668,0.5514049586776859,37,0.0,0,6.267200548541362,22.93468988235943,1024.3157894736842,0.0,19462,0.0,181340
riscv_fetch,64,32,35.55555555555556,320,9,8,0,0,0,0,0,4,169,0,0,0,0,0,1241,0,4,0,0,0,0,5,164,3,4,2,0,0,1,1146,474,6.12303664921466,65,173,0.13940370668815472,164,0.0,0,5.771441123130016,17.88854381999832,5831.111111111111,0.0,52480,0.0,71768
riscv_lsu,58,4,23.5,423,18,9,0,0,0,0,0,0,129,0,0,0,0,0,884,0,35,0,0,0,0,2,86,11,8,2,0,0,1,827,287,6.102781136638452,68,129,0.14592760180995476,86,0.0,0,6.049733455231958,20.566963801203133,2021.0,0.0,36378,0.0,52107
riscv_muldiv,64,5,29.5,531,18,9,0,0,0,0,0,0,23424,0,0,0,0,0,13168,0,2,0,0,0,0,9,237,9,3,2,0,0,1,4517,21617,16.55656409121098,231,23424,1.778857837181045,237,0.0,0,6.2766434893416445,23.043437243605826,6991.5,0.0,125847,0.0,863792
riscv_processor,32,2,11.720930232558139,504,43,12,0,5,0,5,58,4,4,33,0,0,1,41,662,3,0,10,0,2,3,137,18,44,71,2,13,0,1,365,137,3.4356164383561643,12,71,0.10725075528700906,18,0.04984894259818731,3,6.22455842927536,22.44994432064365,210.97674418604652,0.8972809667673716,9072,386.7906976744186,24532
riscv_regfile,64,5,59.21621621621622,2191,37,0,0,0,0,0,0,0,0,0,0,0,0,0,14313,0,0,0,0,0,0,32,2058,5,2,2,0,0,1,10179,4724,8.185479909617841,473,0,0.0,2058,0.0,0,7.692569648067906,46.8081189538738,121866.97297297297,0.0,4509078,0.0,808983
riscv_ssd_top,20,2,9.090909090909092,100,11,0,2,0,0,0,0,0,144,0,0,0,0,0,428,0,0,0,0,0,0,2,20,3,3,2,0,0,1,583,230,4.994854202401372,25,144,0.3364485981308411,20,0.0,0,4.61512051684126,10.0,181.81818181818184,0.0,2000,0.0,25374
riscv_too_local_io,32,16,29.77777777777778,268,9,6,1,0,0,0,0,0,560,0,0,0,0,0,1347,0,0,0,0,0,0,7,162,3,2,2,0,0,1,1136,430,7.072183098591549,74,560,0.41573867854491464,162,0.0,0,5.594711379601839,16.3707055437449,4824.0,0.0,43416,0.0,77555
riscv_top,33,31,32.0,416,13,11,0,0,0,0,0,4,14257,0,0,0,0,0,11697,0,0,0,0,0,0,9,13536,3,4,2,0,0,1,6840,7064,9.517251461988304,333,14261,1.2192015046593143,13536,0.0,0,6.0330862217988015,20.396078054371138,433152.0,0.0,5630976,0.0,714542
risc_cpu,13,3,9.0,45,5,0,0,2,0,0,0,0,1,0,0,0,0,0,116,0,0,0,0,0,0,6,2,2,3,9,0,0,1,48,13,3.125,1,1,0.008620689655172414,2,0.0,0,3.828641396489095,6.708203932499369,18.0,0.0,90,0.0,1930
rishabh_counter,4,4,4.0,4,1,0,0,0,0,0,0,0,0,0,0,0,0,0,26,0,0,0,0,0,0,1,4,1,1,2,0,0,1,56,15,2.8214285714285716,1,0,0.0,4,0.0,0,1.6094379124341003,2.0,16.0,0.0,16,0.0,1259
rj_memory,16,4,10.0,40,4,0,2,0,0,0,0,0,0,0,0,0,0,0,1581,0,0,0,0,0,0,1,256,4,1,2,0,0,1,1040,1024,8.682692307692308,81,0,0.0,256,0.0,0,3.713572066704308,6.324555320336759,2560.0,0.0,10240,0.0,94112
rle_ram_interface,16,3,9.428571428571429,66,7,0,1,4,0,0,0,0,0,0,0,0,0,0,278,0,0,0,0,0,0,3,59,2,5,2,0,0,1,309,79,5.948220064724919,31,0,0.0,59,0.0,0,4.204692619390966,8.12403840463596,556.2857142857143,0.0,3894,0.0,16224
rnd,8,8,8.0,8,1,0,0,1,0,0,0,0,0,0,0,0,0,0,47,0,0,0,0,0,0,1,8,1,1,2,0,0,1,65,29,4.123076923076923,4,0,0.0,8,0.0,0,2.1972245773362196,2.8284271247461903,64.0,0.0,64,0.0,2268
rng,16,16,16.0,48,3,0,3,0,0,0,0,0,0,0,0,0,0,0,190,0,0,0,0,0,0,3,48,1,1,2,0,0,1,200,77,5.84,23,0,0.0,48,0.0,0,3.8918202981106265,6.928203230275509,768.0,0.0,2304,0.0,10328
rob,32,2,11.928571428571429,167,14,4,0,0,0,0,0,0,0,0,0,0,0,0,2687,0,0,0,0,0,0,4,289,7,6,2,0,0,1,2518,1183,6.446783161239079,111,0,0.0,289,0.0,0,5.123963979403259,12.922847983320086,3447.357142857143,0.0,48263,0.0,162551
robber_language,8,3,6.75,27,4,0,0,3,0,0,0,0,0,0,0,0,0,0,248,0,0,0,0,0,0,3,107,2,2,2,0,0,1,297,118,4.8686868686868685,24,0,0.0,107,0.0,0,3.332204510175204,5.196152422706632,722.25,0.0,2889,0.0,14253
rol4,4,2,3.3333333333333335,10,3,0,0,0,0,0,0,0,0,0,0,0,0,0,26,0,0,0,0,0,0,1,0,2,1,2,0,0,1,51,13,2.8627450980392157,1,0,0.0,0,0.0,0,2.3978952727983707,3.1622776601683795,0.0,0.0,0,0.0,1143
rolling_average,17,12,13.666666666666666,41,3,0,0,0,0,0,0,0,0,0,0,0,0,0,84,0,0,0,0,0,0,2,26,2,1,2,0,0,1,105,28,5.3238095238095235,22,0,0.0,26,0.0,0,3.7376696182833684,6.4031242374328485,355.3333333333333,0.0,1066,0.0,4643
rom,32,5,11.166666666666666,67,6,1,0,1,0,0,0,0,0,0,0,0,0,0,92,0,32,0,0,0,0,1,27,2,5,2,0,0,1,27,100,13.851851851851851,11,0,0.0,27,0.0,0,4.219507705176107,8.18535277187245,301.5,0.0,1809,0.0,4526
rom1,11,4,7.5,15,2,0,0,0,0,0,0,0,0,0,0,0,0,0,58,0,1,0,0,0,0,1,10,2,1,2,0,0,1,80,22,3.625,6,0,0.0,10,0.0,0,2.772588722239781,3.872983346207417,75.0,0.0,150,0.0,2674
rom2,11,4,7.5,15,2,0,0,0,0,0,0,0,0,0,0,0,0,0,33,0,8,0,0,0,0,1,3,2,1,2,0,0,1,48,23,2.6875,1,0,0.0,3,0.0,0,2.772588722239781,3.872983346207417,22.5,0.0,45,0.0,1247
romweightsfract_h8,24,7,15.75,63,4,0,0,1,0,0,0,0,0,0,0,0,0,0,168,0,0,0,0,0,0,2,26,3,1,2,0,0,1,193,82,5.020725388601036,16,0,0.0,26,0.0,0,4.1588830833596715,7.937253933193772,409.5,0.0,1638,0.0,9150
romweightsint_h8,27,7,14.333333333333334,86,6,0,0,2,0,0,0,0,0,0,0,0,0,0,324,0,2,0,0,0,0,2,46,3,4,2,0,0,1,395,174,5.050632911392405,23,0,0.0,46,0.0,0,4.465908118654584,9.273618495495704,659.3333333333334,0.0,3956,0.0,18314
rom_cb0,32,4,18.0,36,2,1,0,0,0,0,0,0,0,0,0,0,0,0,74,0,22,0,0,0,0,1,0,1,1,2,0,0,1,76,65,4.565789473684211,8,0,0.0,0,0.0,0,3.6109179126442243,6.0,0.0,0.0,0,0.0,3318
rom_cb1,32,4,18.0,36,2,1,0,0,0,0,0,0,0,0,0,0,0,0,65,0,23,0,0,0,0,1,0,1,1,2,0,0,1,66,73,4.348484848484849,6,0,0.0,0,0.0,0,3.6109179126442243,6.0,0.0,0.0,0,0.0,2881
rom_cb2,32,4,18.0,36,2,1,0,0,0,0,0,0,0,0,0,0,0,0,70,0,23,0,0,0,0,1,0,1,1,2,0,0,1,75,64,4.48,9,0,0.0,0,0.0,0,3.6109179126442243,6.0,0.0,0.0,0,0.0,3177
rom_cb3,32,4,18.0,36,2,1,0,0,0,0,0,0,0,0,0,0,0,0,66,0,22,0,0,0,0,1,0,1,1,2,0,0,1,67,64,4.373134328358209,6,0,0.0,0,0.0,0,3.6109179126442243,6.0,0.0,0.0,0,0.0,2880
rom_cb4,32,4,18.0,36,2,1,0,0,0,0,0,0,0,0,0,0,0,0,72,0,21,0,0,0,0,1,0,1,1,2,0,0,1,82,58,4.475609756097561,8,0,0.0,0,0.0,0,3.6109179126442243,6.0,0.0,0.0,0,0.0,3390
rom_cb5,32,4,18.0,36,2,1,0,0,0,0,0,0,0,0,0,0,0,0,64,0,22,0,0,0,0,1,0,1,1,2,0,0,1,75,64,4.16,6,0,0.0,0,0.0,0,3.6109179126442243,6.0,0.0,0.0,0,0.0,2978
rom_cb6,32,4,18.0,36,2,1,0,0,0,0,0,0,0,0,0,0,0,0,63,0,22,0,0,0,0,1,0,1,1,2,0,0,1,67,63,4.223880597014926,5,0,0.0,0,0.0,0,3.6109179126442243,6.0,0.0,0.0,0,0.0,2803
rom_cb7,32,4,18.0,36,2,1,0,0,0,0,0,0,0,0,0,0,0,0,52,0,23,0,0,0,0,1,0,1,1,2,0,0,1,49,65,4.224489795918367,4,0,0.0,0,0.0,0,3.6109179126442243,6.0,0.0,0.0,0,0.0,2142
rom_n,16,3,9.5,19,2,0,1,0,0,0,0,12,0,0,0,0,0,0,39,0,14,0,0,0,0,1,0,1,1,2,0,0,1,47,21,3.3191489361702127,3,12,0.3076923076923077,0,0.0,0,2.995732273553991,4.358898943540674,0.0,0.0,0,0.0,1471
rom_nlp_fir,80,6,43.0,86,2,0,0,0,0,0,0,134,0,0,0,0,0,0,245,0,65,0,0,0,0,1,0,1,1,2,0,0,1,276,117,5.286231884057971,20,134,0.5469387755102041,0,0.0,0,4.465908118654584,9.273618495495704,0.0,0.0,0,0.0,12843
rom_nlp_w,80,6,43.0,86,2,0,0,0,0,0,0,132,0,0,0,0,0,0,353,0,64,0,0,0,0,1,0,1,1,2,0,0,1,407,183,5.380835380835381,30,132,0.37393767705382436,0,0.0,0,4.465908118654584,9.273618495495704,0.0,0.0,0,0.0,18732
rom_speech_w,32,10,21.0,42,2,1,0,0,0,0,0,50,0,0,0,0,0,0,494,0,23,0,0,0,0,1,0,1,1,2,0,0,1,695,316,4.997122302158274,41,50,0.10121457489878542,0,0.0,0,3.7612001156935624,6.48074069840786,0.0,0.0,0,0.0,28581
rom_speech_w_48,48,10,29.0,58,2,0,0,0,0,0,0,0,0,0,0,0,0,0,1984,0,23,0,0,0,0,1,0,1,1,2,0,0,1,2416,1174,5.201986754966887,73,0,0.0,0,0.0,0,4.07753744390572,7.615773105863909,0.0,0.0,0,0.0,110602
rotate_controller,4,3,3.5,7,2,0,0,0,0,0,0,0,0,0,0,0,0,0,46,0,1,0,0,0,0,3,3,1,1,2,0,0,1,87,19,3.1494252873563218,4,0,0.0,3,0.0,0,2.0794415416798357,2.6457513110645907,10.5,0.0,21,0.0,2320
rot_enc,2,2,2.0,4,2,0,0,0,0,0,0,0,0,0,0,0,0,0,31,0,0,0,0,0,0,2,9,1,1,2,0,0,1,47,11,2.8297872340425534,1,0,0.0,9,0.0,0,1.6094379124341003,2.0,18.0,0.0,36,0.0,1303
round,28,3,18.0,54,3,0,0,0,0,0,0,0,0,0,0,0,0,0,131,0,0,0,0,0,0,1,0,3,1,2,0,0,1,196,87,4.51530612244898,16,0,0.0,0,0.0,0,4.007333185232471,7.3484692283495345,0.0,0.0,0,0.0,7260
roundanyrawfntorecfn,65,2,15.803418803418804,1849,117,0,21,4,0,2,1,0,0,41,33,0,1,11,166,0,2,25,0,0,24,148,0,9,2,2,49,0,1,196,148,3.270408163265306,3,3,0.018072289156626505,0,0.4457831325301205,24,7.52294091807237,43.0,0.0,0.0,0,647.940170940171,9825
roundconst,32,4,18.0,36,2,1,0,0,0,0,0,0,0,0,0,0,0,0,69,0,24,0,0,0,0,1,8,1,1,2,0,0,1,67,60,4.522388059701493,5,0,0.0,8,0.0,0,3.6109179126442243,6.0,144.0,0.0,288,0.0,2919
rounder,32,3,17.0,68,4,1,0,1,0,0,0,0,0,0,0,0,0,0,124,0,9,0,0,0,0,1,0,4,2,2,0,0,1,152,64,4.671052631578948,14,0,0.0,0,0.0,0,4.23410650459726,8.246211251235321,0.0,0.0,0,0.0,6489
rounding,25,2,19.333333333333332,174,9,0,0,0,0,3,0,1,0,3,3,0,0,24,119,2,3,1,2,0,0,7,7,5,3,2,3,0,1,48,9,3.4166666666666665,0,4,0.03361344537815126,7,0.05042016806722689,2,5.1647859739235145,13.19090595827292,135.33333333333331,0.35294117647058826,1218,58.0,1793
roundrawfntorecfn,33,3,15.6,156,10,0,0,0,0,0,0,0,0,0,0,0,0,0,49,0,11,0,0,0,0,11,0,8,2,2,0,0,1,32,11,3.1875,2,0,0.0,0,0.0,0,5.056245805348308,12.489995996796797,0.0,0.0,0,0.0,2118
round_call,128,4,91.33333333333333,548,6,1,0,0,0,0,0,0,101,0,0,0,0,0,14301,0,0,0,0,0,0,2,8,4,2,2,0,0,1,16675,7629,5.526896551724138,940,101,0.0070624431857912034,8,0.0,0,6.3080984415095305,23.40939982143925,730.6666666666666,0.0,4384,0.0,848185
round_div,51,3,26.0,78,3,0,0,0,0,0,0,0,0,0,0,0,0,0,153,0,0,0,0,0,0,1,0,3,1,2,0,0,1,232,97,4.525862068965517,17,0,0.0,0,0.0,0,4.3694478524670215,8.831760866327848,0.0,0.0,0,0.0,8706
round_mul,48,3,24.666666666666668,74,3,0,0,0,0,0,0,0,0,0,0,0,0,0,135,0,0,0,0,0,0,1,0,3,1,2,0,0,1,196,87,4.51530612244898,16,0,0.0,0,0.0,0,4.31748811353631,8.602325267042627,0.0,0.0,0,0.0,7326
round_robin,4,4,4.0,12,3,0,0,0,0,0,0,0,0,0,0,0,0,0,59,0,0,0,0,0,0,2,4,2,1,2,0,0,1,107,28,3.2710280373831777,5,0,0.0,4,0.0,0,2.5649493574615367,3.4641016151377544,16.0,0.0,48,0.0,2978
round_robin_arbiter,1,1,1.0,1,0,0,0,0,1,0,16,0,6,0,0,0,0,0,43,0,1,0,0,0,0,1,2,2,1,2,0,0,1,81,19,2.9382716049382718,3,22,0.5116279069767442,2,0.0,0,0.6931471805599453,1.0,2.0,0.0,2,0.0,2194
round_robin_arbiter_base,8,8,8.0,24,3,0,0,3,0,0,0,0,0,0,0,0,0,0,111,0,0,0,0,0,0,2,8,2,1,2,0,0,1,168,60,4.25,14,0,0.0,8,0.0,0,3.2188758248682006,4.898979485566356,64.0,0.0,192,0.0,5977
round_sqrt,48,3,24.666666666666668,74,3,0,0,0,0,0,0,0,0,0,0,0,0,0,123,0,0,0,0,0,0,1,0,3,1,2,0,0,1,184,82,4.576086956521739,16,0,0.0,0,0.0,0,4.31748811353631,8.602325267042627,0.0,0.0,0,0.0,6898
row_signal,16,4,8.0,24,3,0,1,0,0,0,0,0,0,0,0,0,0,0,27,0,0,0,0,0,0,1,0,2,1,2,0,0,1,29,18,4.172413793103448,2,0,0.0,0,0.0,0,3.2188758248682006,4.898979485566356,0.0,0.0,0,0.0,1020
rptr_empty,5,4,4.6,23,5,0,0,0,0,0,0,0,0,0,0,0,0,0,67,0,0,0,0,0,0,3,11,2,3,2,0,0,1,85,22,4.08235294117647,11,0,0.0,11,0.0,0,3.1780538303479458,4.795831523312719,50.599999999999994,0.0,253,0.0,3403
rr,4,3,3.2222222222222223,29,9,0,0,0,0,0,0,0,0,0,0,0,0,8,240,3,0,26,4,0,0,0,3,3,1,2,30,0,1,38,44,7.894736842105263,6,0,0.0,3,0.0,4,3.4011973816621555,5.385164807134504,9.666666666666668,0.0,87,0.0,2205
rs,32,3,18.09090909090909,398,22,10,2,0,0,0,0,0,0,0,0,0,0,0,15164,0,0,0,0,0,0,3,2608,14,8,2,0,0,1,9740,3441,8.852669404517453,683,0,0.0,2608,0.0,0,5.988961416889864,19.949937343260004,47181.090909090904,0.0,1037984,0.0,918115
rs232r,12,4,8.5,34,4,0,0,1,0,0,0,0,33,0,0,0,0,0,146,0,0,0,0,0,0,4,36,1,2,2,0,0,1,203,56,4.596059113300493,18,33,0.22602739726027396,36,0.0,0,3.5553480614894135,5.830951894845301,306.0,0.0,1224,0.0,8204
rs232t,12,4,8.4,42,5,0,0,2,0,0,0,0,33,0,0,0,0,0,171,0,0,0,0,0,0,5,59,2,1,2,0,0,1,230,64,4.730434782608696,21,33,0.19298245614035087,59,0.0,0,3.7612001156935624,6.48074069840786,495.6,0.0,2478,0.0,9510
rsa,8,8,8.0,24,3,0,0,3,0,0,0,0,0,0,0,0,0,0,62,0,0,0,0,0,0,1,0,2,1,2,0,0,1,109,37,3.706422018348624,6,0,0.0,0,0.0,0,3.2188758248682006,4.898979485566356,0.0,0.0,0,0.0,3204
rstctrl_phy,1,1,1.0,1,0,0,0,0,1,0,0,0,0,0,0,0,0,0,43,0,0,0,0,0,0,1,7,1,1,2,0,0,1,79,16,2.9746835443037973,1,0,0.0,7,0.0,0,0.6931471805599453,1.0,7.0,0.0,7,0.0,2129
rst_ctrl,256,2,67.0,268,4,0,0,0,0,0,0,0,0,0,0,0,0,0,528,0,214,0,0,0,0,3,58,1,3,2,0,0,1,341,516,7.146627565982405,22,0,0.0,58,0.0,0,5.594711379601839,16.3707055437449,3886.0,0.0,15544,0.0,33743
rst_gen,6,2,3.3333333333333335,10,3,0,0,0,0,0,0,0,0,0,0,0,0,0,58,0,0,0,0,0,0,4,8,1,1,2,0,0,1,86,28,3.5697674418604652,4,0,0.0,8,0.0,0,2.3978952727983707,3.1622776601683795,26.666666666666668,0.0,80,0.0,2924
rs_dec_syndrome_calc,8,2,6.714285714285714,47,7,0,0,5,0,0,0,0,0,0,0,0,0,0,232,0,0,0,0,0,0,3,71,2,5,2,0,0,1,287,87,5.195121951219512,25,0,0.0,71,0.0,0,3.871201010907891,6.855654600401044,476.7142857142857,0.0,3337,0.0,13710
rs_encoder,128,8,48.0,288,6,0,0,4,0,0,0,0,0,0,0,0,0,0,1861,0,0,0,0,0,0,5,282,2,2,2,0,0,1,1579,673,6.626979100696643,65,0,0.0,282,0.0,0,5.666426688112432,16.97056274847714,13536.0,0.0,81216,0.0,102269
rs_encoder_x4,32,7,23.666666666666668,71,3,2,0,0,0,0,0,0,0,0,0,0,0,0,3110,0,0,0,0,0,0,2,178,2,2,2,0,0,1,3307,1426,5.644995464166919,140,0,0.0,178,0.0,0,4.276666119016055,8.426149773176359,4212.666666666667,0.0,12638,0.0,171671
rs_ms_1,1,1,1.0,1,0,0,0,0,1,0,0,0,0,0,0,0,0,0,24,0,0,0,0,0,0,1,0,1,1,2,0,0,1,55,9,2.5272727272727273,0,0,0.0,0,0.0,0,0.6931471805599453,1.0,0.0,0.0,0,0.0,967
runcnt_tmp,32,2,8.0,80,10,1,0,0,0,0,0,0,0,0,0,0,0,0,498,0,3,0,0,0,0,1,47,7,5,2,0,0,1,552,220,5.644927536231884,40,0,0.0,47,0.0,0,4.394449154672439,8.94427190999916,376.0,0.0,3760,0.0,28056
runrun_daly,32,5,11.6,116,10,2,0,0,0,0,0,0,0,0,0,0,0,0,214,0,0,0,0,0,0,1,60,6,6,2,0,0,1,155,62,7.548387096774194,18,0,0.0,60,0.0,0,4.762173934797756,10.770329614269007,696.0,0.0,6960,0.0,12676
run_coding_new,32,2,8.735294117647058,297,34,2,0,0,0,0,0,0,932,0,0,0,0,0,2780,0,3,0,0,0,0,25,257,6,6,2,0,0,1,2635,1061,6.27741935483871,145,932,0.33525179856115106,257,0.0,0,5.697093486505405,17.233687939614086,2244.9705882352937,0.0,76329,0.0,162630
run_decoding,16,4,6.932203389830509,409,59,0,1,0,0,0,0,0,0,0,0,0,0,0,1747,0,1,0,0,55,0,18,230,24,55,2,0,0,1,1659,511,5.931886678722122,155,0,0.0,230,0.0,0,6.016157159698354,20.223748416156685,1594.406779661017,0.0,94070,0.0,97012
run_error,9,9,9.0,36,4,0,0,0,0,0,0,0,52,0,0,0,0,0,172,0,0,0,0,0,0,1,11,4,2,2,0,0,1,257,68,4.455252918287938,25,52,0.3023255813953488,11,0.0,0,3.6109179126442243,6.0,99.0,0.0,396,0.0,9629
run_led,26,4,15.0,30,2,0,0,0,0,0,0,0,0,0,0,0,0,0,180,0,0,0,0,0,0,2,30,1,1,2,0,0,1,214,99,5.359813084112149,21,0,0.0,30,0.0,0,3.4339872044851463,5.477225575051661,450.0,0.0,900,0.0,10357
run_parameter,13,7,9.0,81,9,0,0,0,0,0,0,0,0,0,0,0,0,0,243,0,0,0,0,0,0,1,54,4,6,2,0,0,1,161,56,8.161490683229813,28,0,0.0,54,0.0,0,4.406719247264253,9.0,486.0,0.0,4374,0.0,11676
run_stage,13,4,8.583333333333334,103,12,0,0,0,0,0,0,0,0,0,0,0,0,0,629,0,9,0,0,0,0,1,14,8,6,2,0,0,1,884,344,5.066742081447964,58,0,0.0,14,0.0,0,4.6443908991413725,10.14889156509222,120.16666666666667,0.0,1442,0.0,37073
rv32_immgen,32,32,32.0,64,2,2,0,0,0,0,0,0,0,0,0,0,0,0,87,0,1,0,0,0,0,1,0,1,1,2,0,0,1,144,69,4.5,13,0,0.0,0,0.0,0,4.174387269895637,8.0,0.0,0.0,0,0.0,5258
rvcexpander,32,5,15.8,79,5,2,0,0,0,0,0,0,0,0,0,0,0,0,404,0,2,0,0,0,0,1,0,1,5,2,0,0,1,571,247,4.907180385288966,24,0,0.0,0,0.0,0,4.382026634673881,8.888194417315589,0.0,0.0,0,0.0,23891
rv_alu,64,4,49.0,196,4,0,0,0,0,0,0,0,650,0,0,0,0,0,3458,0,1,0,0,0,0,1,0,4,1,2,0,0,1,3926,1725,5.462047885888945,102,650,0.18796992481203006,0,0.0,0,5.2832037287379885,14.0,0.0,0.0,0,0.0,199086
rv_alu_ctrl,7,4,5.0,15,3,0,0,0,0,0,0,0,0,0,0,0,0,0,50,0,0,0,0,0,0,1,0,2,2,2,0,0,1,74,24,3.418918918918919,7,0,0.0,0,0.0,0,2.772588722239781,3.872983346207417,0.0,0.0,0,0.0,2365
rv_branch_predict,4,4,4.0,8,2,0,0,0,0,0,0,0,0,0,0,0,0,0,381,0,0,0,0,0,0,1,32,3,1,2,0,0,1,471,210,5.452229299363057,36,0,0.0,32,0.0,0,2.1972245773362196,2.8284271247461903,128.0,0.0,256,0.0,23077
rv_branch_test,64,3,33.5,67,2,0,0,0,0,0,0,0,0,0,0,0,0,0,60,0,0,0,0,0,0,1,0,2,1,2,0,0,1,76,67,4.368421052631579,7,0,0.0,0,0.0,0,4.219507705176107,8.18535277187245,0.0,0.0,0,0.0,3349
rv_div,65,4,51.0,714,14,0,0,0,0,0,0,0,880,0,0,0,0,0,12949,0,0,0,0,0,0,11,1115,3,3,2,0,0,1,13243,6007,5.9328701955750205,255,880,0.06795891574638968,1115,0.0,0,6.5722825426940075,26.720778431774775,56865.0,0.0,796110,0.0,729236
rv_forward,7,2,4.428571428571429,31,7,0,0,0,0,0,0,0,0,0,0,0,0,0,89,0,0,0,0,11,0,1,6,6,2,2,0,0,1,128,44,4.1015625,12,0,0.0,6,0.0,0,3.4657359027997265,5.5677643628300215,26.571428571428573,0.0,186,0.0,4708
rv_hzd_detect,32,5,18.5,37,2,1,0,0,0,0,0,0,0,0,0,0,0,0,66,0,1,0,0,0,0,1,12,3,1,2,0,0,1,107,29,3.4766355140186915,7,0,0.0,12,0.0,0,3.6375861597263857,6.082762530298219,222.0,0.0,444,0.0,3379
rv_imm_gen,64,32,48.0,96,2,1,0,0,0,0,0,0,0,0,0,0,0,0,166,0,31,0,0,0,0,1,0,1,1,2,0,0,1,178,98,5.185393258426966,16,0,0.0,0,0.0,0,4.574710978503383,9.797958971132712,0.0,0.0,0,0.0,8648
rv_mem_map,64,3,44.5,267,6,0,0,1,0,0,0,10,0,0,0,0,0,0,480,0,64,0,0,0,0,1,0,3,3,2,0,0,1,450,231,5.762222222222222,34,10,0.020833333333333332,0,0.0,0,5.5909869805108565,16.34013463836819,0.0,0.0,0,0.0,25211
rv_mul,64,64,64.0,256,4,0,0,0,0,0,0,0,714,0,0,0,0,0,12070,0,0,0,0,693,0,2,734,3,1,2,0,0,1,12362,4437,6.526856495712668,299,714,0.059154929577464786,734,0.0,0,5.54907608489522,16.0,46976.0,0.0,187904,0.0,777532
rv_mul_dsp,32,15,23.666666666666668,284,12,6,2,0,0,0,0,0,16080,0,0,0,0,0,6490,0,0,0,0,0,0,9,129,3,3,2,0,0,1,874,3677,51.32494279176201,116,16080,2.477657935285054,129,0.0,0,5.652489180268651,16.852299546352718,3053.0,0.0,36636,0.0,468466
rv_shifter,32,2,22.5,135,6,4,0,0,0,0,0,0,0,0,0,0,0,0,628,0,0,1,0,0,0,4,37,3,2,2,1,0,1,611,292,6.500818330605565,45,0,0.0,37,0.0,0,4.912654885736052,11.61895003862225,832.5,0.0,4995,0.0,36566
rw_test,32,2,16.5,132,8,2,2,0,0,0,0,0,0,0,0,0,0,0,1073,0,0,0,0,0,0,6,118,2,3,2,0,0,1,1192,488,5.565436241610739,54,0,0.0,118,0.0,0,4.890349128221754,11.489125293076057,1947.0,0.0,15576,0.0,61033
rx,16,2,8.666666666666666,52,6,0,1,2,0,0,0,0,45,0,0,0,0,0,229,0,0,0,0,0,0,6,40,1,2,2,0,0,1,283,82,5.286219081272085,30,45,0.1965065502183406,40,0.0,0,3.970291913552122,7.211102550927978,346.66666666666663,0.0,2080,0.0,13953
rxuart,39,5,24.7,247,10,1,0,2,0,0,0,4,1022,0,0,0,0,0,572,0,5,25,0,0,0,9,53,2,2,2,25,0,1,393,769,9.129770992366412,37,1026,1.7937062937062938,53,0.0,0,5.5134287461649825,15.716233645501712,1309.1,0.0,13091,0.0,35142
rx_100g,256,3,18.939393939393938,1875,99,3,0,88,0,0,1,0,1,120,102,0,0,169,331,3,1,3,4,0,28,1,25,10,4,2,35,0,1,81,83,8.320987654320987,13,2,0.006042296072507553,25,0.6706948640483383,32,7.53689712956617,43.30127018922193,473.48484848484844,16.76737160120846,46875,2272.7272727272725,10514
rx_50g,256,2,81.34782608695652,1871,23,9,1,1,0,0,0,0,3757,0,0,0,0,0,8475,0,7,0,0,0,0,19,1612,3,4,2,0,0,1,5942,3526,8.072366206664423,177,3757,0.4433038348082596,1612,0.0,0,7.534762657037537,43.255057507764334,131132.6956521739,0.0,3016052,0.0,503038
rx_buffer_fifo_2,400,2,267.3333333333333,1604,6,0,0,0,0,0,0,0,0,0,0,0,0,0,6421,0,0,1,0,0,0,5,1206,2,2,2,1,0,1,6575,2822,6.412471482889734,354,0,0.0,1206,0.0,0,7.380879035564116,40.049968789001575,322404.0,0.0,1934424,0.0,413543
rx_fsm,6,3,4.2,21,5,0,0,0,0,0,0,0,0,0,0,0,0,0,135,0,1,0,0,0,0,3,14,4,1,2,0,0,1,207,58,3.9806763285024154,16,0,0.0,14,0.0,0,3.091042453358316,4.58257569495584,58.800000000000004,0.0,294,0.0,7516
rx_funcmod,9,4,7.0,21,3,0,0,1,0,0,0,0,0,0,0,0,0,0,175,0,0,0,0,0,0,3,22,1,2,2,0,0,1,240,81,4.933333333333334,20,0,0.0,22,0.0,0,3.091042453358316,4.58257569495584,154.0,0.0,462,0.0,9903
r_divider,16,8,11.666666666666666,105,9,0,1,2,0,0,0,0,3351,0,0,0,0,0,2257,0,0,0,0,0,0,7,61,3,1,2,0,0,1,1580,2863,9.075949367088608,127,3351,1.4847142224191405,61,0.0,0,4.663439094112067,10.246950765959598,711.6666666666666,0.0,6405,0.0,142606
s00_axi,32,2,14.533333333333333,218,15,6,0,0,0,0,0,0,0,0,0,0,0,0,1113,0,4,0,0,0,0,7,686,7,4,2,0,0,1,1033,448,6.098741529525653,69,0,0.0,686,0.0,0,5.389071729816501,14.7648230602334,9969.866666666667,0.0,149548,0.0,61889
s1,4,2,3.0,6,2,0,0,0,0,0,0,0,0,0,0,0,0,0,21,0,0,0,0,0,0,1,0,1,1,2,0,0,1,39,16,2.41025641025641,1,0,0.0,0,0.0,0,1.9459101490553132,2.449489742783178,0.0,0.0,0,0.0,783
s2p,16,4,15.333333333333334,276,18,0,17,0,0,0,0,0,0,0,0,0,0,0,1109,0,0,0,0,0,0,2,261,2,17,2,0,0,1,720,276,9.13888888888889,71,0,0.0,261,0.0,0,5.6240175061873385,16.61324772583615,4002.0,0.0,72036,0.0,59667
s2p10,256,3,69.3,693,10,3,0,1,0,0,0,0,114,0,0,0,0,0,3626,0,14,0,0,0,0,6,621,3,4,2,0,0,1,3067,1375,6.665797195956961,106,114,0.03143960286817429,621,0.0,0,6.542471960506805,26.324893162176366,43035.299999999996,0.0,430353,0.0,202058
s2_kes_dcme2,8,3,7.36,184,25,0,0,21,0,0,0,0,7,0,0,0,0,0,2819,0,0,0,0,0,0,17,1056,5,6,2,0,0,1,3857,1515,5.041223749027742,68,7,0.0024831500532103584,1056,0.0,0,5.220355825078324,13.564659966250536,7772.160000000001,0.0,194304,0.0,180658
sad,16,8,9.333333333333334,56,6,0,1,5,0,0,0,0,45,0,0,0,0,0,337,0,0,0,0,0,0,2,32,3,3,2,0,0,1,404,130,5.207920792079208,34,45,0.13353115727002968,32,0.0,0,4.04305126783455,7.483314773547883,298.6666666666667,0.0,1792,0.0,18893
sample_generator,33,4,29.333333333333332,352,12,6,0,0,0,0,0,4,1770,0,0,0,0,0,1845,0,1,0,0,0,0,9,135,3,3,2,0,0,1,1198,634,8.414858096828047,78,1774,0.9615176151761518,135,0.0,0,5.8664680569332965,18.76166303929372,3960.0,0.0,47520,0.0,112838
sao_cal_offset,21,3,13.88888888888889,125,9,0,1,0,0,0,0,4,1463,0,0,0,0,0,1069,0,1,0,0,0,0,5,0,4,2,2,0,0,1,756,785,8.818783068783068,64,1467,1.372310570626754,0,0.0,0,4.836281906951478,11.180339887498949,0.0,0.0,0,0.0,66343
sao_sum_diff,16,4,7.2,180,25,0,1,0,0,0,0,0,186,0,0,0,0,0,897,0,0,278,0,0,0,7,0,17,2,2,278,0,1,1208,430,5.1341059602649,55,186,0.20735785953177258,0,0.0,0,5.198497031265826,13.416407864998739,0.0,0.0,0,0.0,56276
sao_type_decision,24,3,13.380952380952381,281,21,0,0,0,0,0,0,0,333,0,0,0,0,0,839,0,0,0,0,0,0,9,43,11,3,2,0,0,1,731,269,6.309165526675787,62,333,0.39690107270560193,43,0.0,0,5.641907070938114,16.76305461424021,575.3809523809524,0.0,12083,0.0,50780
sar_adc,32,4,15.0,90,6,2,0,2,0,0,0,0,0,0,0,0,0,0,11567,0,0,4,0,0,0,1,47,5,3,2,4,0,1,11635,8420,2.0850880962612806,44,0,0.0,47,0.0,0,4.51085950651685,9.486832980505138,705.0,0.0,4230,0.0,554978
sbldcmc_w_uart,24,3,6.25,50,8,0,0,1,0,0,0,0,240,0,0,0,0,0,412,0,0,0,0,0,0,1,48,6,2,2,0,0,1,393,148,5.826972010178117,34,240,0.5825242718446602,48,0.0,0,3.9318256327243257,7.0710678118654755,300.0,0.0,2400,0.0,25834
sbox,8,8,8.0,16,2,0,0,2,0,0,0,0,0,0,0,0,0,0,207,0,0,0,0,0,0,1,0,1,1,2,0,0,1,375,151,4.226666666666667,17,0,0.0,0,0.0,0,2.833213344056216,4.0,0.0,0.0,0,0.0,12885
sboxes,48,32,40.0,80,2,1,0,0,0,0,0,0,0,0,0,0,0,0,964,0,0,0,0,0,0,1,0,1,1,2,0,0,1,1348,605,5.001483679525222,45,0,0.0,0,0.0,0,4.394449154672439,8.94427190999916,0.0,0.0,0,0.0,57058
sb_0__0_,12,1,3.3157894736842106,63,19,0,0,0,15,0,0,68,322,0,0,0,0,0,451,0,26,0,0,0,0,1,0,16,3,2,0,0,1,220,86,7.368181818181818,39,390,0.8647450110864745,0,0.0,0,4.1588830833596715,7.937253933193772,0.0,0.0,0,0.0,29502
sb_0__1_,12,1,4.473684210526316,85,19,0,0,0,13,0,0,110,546,0,0,0,0,0,763,0,39,0,0,0,0,1,0,15,4,2,0,0,1,372,125,7.736559139784946,55,656,0.8597640891218873,0,0.0,0,4.454347296253507,9.219544457292887,0.0,0.0,0,0.0,48214
sb_0__2_,12,1,3.588235294117647,61,17,0,0,0,13,0,0,60,282,0,0,0,0,0,393,0,24,0,0,0,0,1,0,14,3,2,0,0,1,195,72,7.143589743589744,36,342,0.8702290076335878,0,0.0,0,4.127134385045092,7.810249675906654,0.0,0.0,0,0.0,25328
sb_1__0_,12,1,2.8857142857142857,101,35,0,0,0,29,0,0,116,633,0,0,0,0,0,1020,0,39,0,0,0,0,1,0,31,4,2,0,0,1,524,190,7.276717557251908,56,749,0.734313725490196,0,0.0,0,4.624972813284271,10.04987562112089,0.0,0.0,0,0.0,64345
sb_1__1_,12,1,3.3783783783783785,125,37,0,0,0,29,0,0,140,814,0,0,0,0,0,1338,0,60,0,0,0,0,1,0,32,5,2,0,0,1,715,277,7.415384615384616,70,954,0.7130044843049327,0,0.0,0,4.836281906951478,11.180339887498949,0.0,0.0,0,0.0,84465
sb_1__2_,12,1,3.129032258064516,97,31,0,0,0,25,0,0,118,625,0,0,0,0,0,967,0,40,0,0,0,0,1,0,27,4,2,0,0,1,474,169,7.548523206751055,58,743,0.7683557394002068,0,0.0,0,4.584967478670572,9.848857801796104,0.0,0.0,0,0.0,60901
sb_2__0_,12,1,2.76,69,25,0,0,0,21,0,0,100,486,0,0,0,0,0,663,0,27,0,0,0,0,1,0,22,3,2,0,0,1,313,122,7.73482428115016,41,586,0.8838612368024132,0,0.0,0,4.248495242049359,8.306623862918075,0.0,0.0,0,0.0,43725
sb_2__1_,12,1,3.129032258064516,97,31,0,0,0,25,0,0,116,622,0,0,0,0,0,920,0,39,0,0,0,0,1,0,27,4,2,0,0,1,465,170,7.662365591397849,59,738,0.8021739130434783,0,0.0,0,4.584967478670572,9.848857801796104,0.0,0.0,0,0.0,59715
sb_2__2_,12,1,2.9130434782608696,67,23,0,0,0,19,0,0,92,446,0,0,0,0,0,631,0,25,0,0,0,0,1,0,20,3,2,0,0,1,284,108,7.746478873239437,43,538,0.8526148969889065,0,0.0,0,4.219507705176107,8.18535277187245,0.0,0.0,0,0.0,40304
scale_up,16,4,12.0,36,3,0,2,0,0,0,0,0,0,0,0,0,0,0,170,0,0,0,0,0,0,1,0,1,2,2,0,0,1,241,92,4.514522821576763,17,0,0.0,0,0.0,0,3.6109179126442243,6.0,0.0,0.0,0,0.0,9271
scancode_decoder,8,6,7.0,14,2,0,0,1,0,0,0,0,0,0,0,0,0,0,88,0,4,0,0,0,0,1,6,2,2,2,0,0,1,158,47,3.7531645569620253,9,0,0.0,6,0.0,0,2.70805020110221,3.7416573867739413,42.0,0.0,84,0.0,5134
scan_wrapper_341444501414347346,8,7,7.666666666666667,23,3,0,0,2,0,0,0,0,0,0,0,0,0,0,59,0,3,0,0,0,0,2,0,1,1,24,0,0,1,33,22,6.242424242424242,6,0,0.0,0,0.0,0,3.1780538303479458,4.795831523312719,0.0,0.0,0,0.0,2955
sck_control_slave,1,1,1.0,1,0,0,0,0,1,0,0,0,0,0,0,0,0,0,23,0,0,3,0,0,0,1,0,1,1,2,3,0,1,50,11,2.54,1,0,0.0,0,0.0,0,0.6931471805599453,1.0,0.0,0.0,0,0.0,1029
scrambler,570,512,531.3333333333334,1594,3,0,0,0,0,0,0,0,0,0,0,0,0,0,3956,0,0,0,0,0,0,2,570,2,1,2,0,0,1,4025,1426,5.967453416149068,155,0,0.0,570,0.0,0,7.374629015218945,39.92492955535426,302860.0,0.0,908580,0.0,231099
scrambler_mux,56,5,20.523992322456813,10693,521,0,0,0,0,0,0,260,0,0,0,0,0,0,15232,0,128,0,0,0,0,1,0,513,8,2,0,0,1,15947,6407,6.086724775819904,1337,260,0.017069327731092435,0,0.0,0,9.277438115508676,103.40696301506973,0.0,0.0,0,0.0,907701
sc_cpu,33,31,31.73913043478261,730,23,15,0,0,0,0,0,0,50695,0,0,0,0,0,25024,0,1,0,0,0,0,19,13119,3,4,2,0,0,1,10443,12460,15.00162788470746,575,50695,2.025855179028133,13119,0.0,0,6.594413459749778,27.018512172212592,416385.652173913,0.0,9576870,0.0,1571468
sc_datamem,32,32,32.0,96,3,3,0,0,0,0,0,0,0,0,0,0,0,0,5922,0,5,0,0,0,0,1,1024,3,1,2,0,0,1,3892,4096,8.014388489208633,153,0,0.0,1024,0.0,0,4.574710978503383,9.797958971132712,32768.0,0.0,98304,0.0,328488
sdram,32,2,12.3125,197,16,1,6,0,0,0,0,6,144,0,0,0,0,0,639,0,18,0,0,0,0,9,261,4,4,2,0,0,1,571,155,6.392294220665499,60,150,0.2347417840375587,261,0.0,0,5.288267030694535,14.035668847618199,3213.5625,0.0,51417,0.0,36175
sdram_cmd,24,2,11.333333333333334,102,9,0,0,0,0,0,0,0,0,0,0,0,0,0,358,0,0,0,0,0,0,1,20,8,3,2,0,0,1,433,176,4.937644341801386,33,0,0.0,20,0.0,0,4.634728988229636,10.099504938362077,226.66666666666669,0.0,2040,0.0,20222
sdram_controller,24,2,13.857142857142858,194,14,0,5,1,0,0,0,0,27,0,0,0,0,0,604,0,1,0,0,0,0,7,81,4,4,2,0,0,1,642,214,5.777258566978193,61,27,0.04470198675496689,81,0.0,0,5.272999558563747,13.92838827718412,1122.4285714285716,0.0,15714,0.0,35023
sdram_ctrl,32,2,13.678571428571429,383,28,7,2,2,0,0,0,0,3236,0,0,0,0,0,2073,0,0,466,0,0,0,17,549,5,6,2,466,0,1,1280,1019,9.76640625,152,3236,1.5610226724553786,549,0.0,0,5.950642552587727,19.570385790780925,7509.535714285715,0.0,210267,0.0,130508
sdram_data,16,4,13.428571428571429,94,7,0,5,0,0,0,0,0,0,0,0,0,0,0,209,0,0,0,0,0,0,2,33,4,1,2,0,0,1,184,54,6.407608695652174,33,0,0.0,33,0.0,0,4.553876891600541,9.695359714832659,443.14285714285717,0.0,3102,0.0,12106
sdram_test,32,4,18.333333333333332,110,6,2,0,0,0,0,0,0,0,0,0,0,0,0,415,0,55,0,0,0,0,2,6,2,5,2,0,0,1,504,197,5.125,32,0,0.0,6,0.0,0,4.709530201312334,10.488088481701515,110.0,0.0,660,0.0,22304
sdram_top,32,2,15.714285714285714,220,14,5,0,0,0,0,0,0,0,0,0,0,0,0,652,0,22,0,0,0,0,5,59,4,6,2,0,0,1,675,239,5.808888888888889,48,0,0.0,59,0.0,0,5.3981627015177525,14.832396974191326,927.1428571428571,0.0,12980,0.0,37704
sd_clock_divider,8,8,8.0,16,2,0,0,2,0,0,0,0,0,0,0,0,0,0,82,0,0,0,0,0,0,2,9,2,1,2,0,0,1,118,34,4.0423728813559325,11,0,0.0,9,0.0,0,2.833213344056216,4.0,72.0,0.0,144,0.0,4257
sd_cmd,2,2,2.0,2,1,0,0,0,0,0,0,0,0,0,0,0,0,0,33,0,0,0,0,0,0,1,3,2,1,2,0,0,1,64,9,2.46875,0,0,0.0,3,0.0,0,1.0986122886681098,1.4142135623730951,6.0,0.0,6,0.0,1481
sd_cmd_master,120,2,28.5,399,14,5,0,0,0,0,0,0,0,0,0,0,0,0,1129,0,14,0,0,0,0,4,218,5,8,2,0,0,1,922,253,6.8221258134490235,52,0,0.0,218,0.0,0,5.991464547107982,19.974984355438178,6213.0,0.0,86982,0.0,64101
sd_cmd_serial_host,126,2,41.4,414,10,2,0,1,0,0,0,0,7,0,0,0,0,0,2692,0,0,0,0,0,0,8,390,3,2,2,0,0,1,2385,939,6.617610062893082,114,7,0.002600297176820208,390,0.0,0,6.028278520230698,20.346989949375804,16146.0,0.0,161460,0.0,155371
sd_crc_16,16,16,16.0,16,1,0,1,0,0,0,0,0,0,0,0,0,0,0,80,0,0,0,0,0,0,1,16,1,1,2,0,0,1,80,52,5.2125,15,0,0.0,16,0.0,0,2.833213344056216,4.0,256.0,0.0,256,0.0,3727
sd_crc_7,7,7,7.0,7,1,0,0,0,0,0,0,0,0,0,0,0,0,0,37,0,0,0,0,0,0,1,7,1,1,2,0,0,1,55,23,3.8,1,0,0.0,7,0.0,0,2.0794415416798357,2.6457513110645907,49.0,0.0,49,0.0,1804
sd_dat,4,2,3.75,30,8,0,0,0,0,0,0,0,0,0,0,0,0,0,85,0,0,0,0,0,0,4,12,3,1,2,0,0,1,107,28,4.224299065420561,11,0,0.0,12,0.0,0,3.4339872044851463,5.477225575051661,45.0,0.0,360,0.0,4533
sd_data_master,28,4,16.25,65,4,0,0,0,0,0,0,0,0,0,0,0,0,0,482,0,1,17,0,0,0,3,43,2,2,2,17,0,1,607,242,5.107084019769357,32,0,0.0,43,0.0,0,4.189654742026425,8.06225774829855,698.75,0.0,2795,0.0,28735
sd_data_serial_host,32,2,9.789473684210526,186,19,2,4,0,0,0,0,0,180,0,0,0,0,0,2390,0,1,0,0,0,0,12,329,7,3,2,0,0,1,2536,1052,5.777996845425868,99,180,0.07531380753138076,329,0.0,0,5.231108616854587,13.638181696985855,3220.736842105263,0.0,61194,0.0,141862
sd_data_xfer_trig,5,2,3.5,7,2,0,0,0,0,0,0,0,0,0,0,0,0,0,53,0,0,0,0,0,0,2,10,2,1,2,0,0,1,88,19,3.1818181818181817,3,0,0.0,10,0.0,0,2.0794415416798357,2.6457513110645907,35.0,0.0,70,0.0,2569
seconds_counter,10,5,8.25,66,8,0,0,3,0,0,0,0,99,0,0,0,0,0,245,0,0,0,0,0,0,8,42,1,2,2,0,0,1,227,66,6.6255506607929515,30,99,0.40408163265306124,42,0.0,0,4.204692619390966,8.12403840463596,346.5,0.0,2772,0.0,14407
seg7,7,4,5.5,11,2,0,0,0,0,0,0,0,0,0,0,0,0,0,41,0,0,0,0,0,0,1,0,1,1,2,0,0,1,71,22,3.1690140845070425,3,0,0.0,0,0.0,0,2.4849066497880004,3.3166247903554,0.0,0.0,0,0.0,1984
seg7decoder,8,2,4.5,18,4,0,0,1,0,0,0,0,0,0,0,0,0,0,56,0,0,0,0,0,0,1,0,3,2,2,0,0,1,88,32,3.5454545454545454,4,0,0.0,0,0.0,0,2.9444389791664403,4.242640687119285,0.0,0.0,0,0.0,2850
seg7_lut,7,4,5.5,11,2,0,0,0,0,0,0,0,0,0,0,0,0,0,49,0,0,0,0,0,0,1,0,1,1,2,0,0,1,82,30,3.768292682926829,7,0,0.0,0,0.0,0,2.4849066497880004,3.3166247903554,0.0,0.0,0,0.0,2490
seg7_lut_6,24,7,9.428571428571429,66,7,0,0,0,0,0,0,0,0,0,0,0,0,0,268,0,0,0,0,0,0,1,0,1,6,2,0,0,1,352,180,5.167613636363637,17,0,0.0,0,0.0,0,4.204692619390966,8.12403840463596,0.0,0.0,0,0.0,15683
seg7_lut_8,32,7,9.777777777777779,88,9,1,0,0,0,0,0,0,0,0,0,0,0,0,357,0,0,0,0,0,0,1,0,1,8,2,0,0,1,460,240,5.267391304347826,17,0,0.0,0,0.0,0,4.48863636973214,9.38083151964686,0.0,0.0,0,0.0,20932
segclkdevider,32,30,31.0,62,2,1,0,0,0,0,0,0,93,0,0,0,0,0,200,0,0,0,0,0,0,3,33,1,1,2,0,0,1,190,98,6.463157894736842,20,93,0.465,33,0.0,0,4.143134726391533,7.874007874011811,1023.0,0.0,2046,0.0,11376
segdisplay,7,4,5.5,11,2,0,0,0,0,0,0,0,0,0,0,0,0,0,42,0,0,0,0,0,0,1,0,1,1,2,0,0,1,76,25,3.5,4,0,0.0,0,0.0,0,2.4849066497880004,3.3166247903554,0.0,0.0,0,0.0,2084
segment7_display_interface,8,2,4.5,18,4,0,0,1,0,0,0,0,0,0,0,0,0,0,57,0,0,0,0,0,0,1,0,3,2,2,0,0,1,88,32,3.5454545454545454,4,0,0.0,0,0.0,0,2.9444389791664403,4.242640687119285,0.0,0.0,0,0.0,2874
segment_display,8,4,6.0,12,2,0,0,1,0,0,0,0,0,0,0,0,0,0,45,0,0,0,0,0,0,1,7,1,1,2,0,0,1,71,26,3.0985915492957745,2,0,0.0,7,0.0,0,2.5649493574615367,3.4641016151377544,42.0,0.0,84,0.0,2113
seg_decoder1,7,4,5.5,11,2,0,0,0,0,0,0,0,0,0,0,0,0,0,64,0,0,0,0,0,0,1,7,2,1,2,0,0,1,100,30,3.68,5,0,0.0,7,0.0,0,2.4849066497880004,3.3166247903554,38.5,0.0,77,0.0,3268
seg_display,32,8,14.571428571428571,102,7,1,0,4,0,0,0,0,57,0,0,0,0,0,703,0,0,0,0,0,0,3,36,4,2,2,0,0,1,845,313,5.257988165680473,45,57,0.08108108108108109,36,0.0,0,4.634728988229636,10.099504938362077,524.5714285714286,0.0,3672,0.0,41223
seg_dsplay,18,4,10.2,102,10,0,2,1,0,0,0,10,772,0,0,0,0,0,526,0,3,9,0,0,0,8,22,2,3,2,9,0,1,403,241,8.238213399503723,42,782,1.4866920152091254,22,0.0,0,4.634728988229636,10.099504938362077,224.39999999999998,0.0,2244,0.0,32105
seg_dynamic,44,3,9.764705882352942,166,17,0,1,1,0,0,0,0,390,0,0,0,0,0,992,0,0,294,0,0,0,14,245,3,2,2,294,0,1,876,390,6.794520547945205,56,390,0.39314516129032256,245,0.0,0,5.117993812416755,12.884098726725126,2392.3529411764707,0.0,40670,0.0,60864
seg_hex,7,4,5.5,11,2,0,0,0,0,0,0,0,0,0,0,0,0,0,50,0,0,0,0,0,0,1,0,1,1,2,0,0,1,82,30,3.768292682926829,7,0,0.0,0,0.0,0,2.4849066497880004,3.3166247903554,0.0,0.0,0,0.0,2516
seg_mod,15,2,6.444444444444445,58,9,0,0,1,0,0,0,6,203,0,0,0,0,0,206,0,1,0,0,0,0,4,18,5,2,2,0,0,1,245,153,5.277551020408163,25,209,1.0145631067961165,18,0.0,0,4.07753744390572,7.615773105863909,116.0,0.0,1044,0.0,11486
seg_tube,64,3,23.333333333333332,280,12,2,0,2,0,0,0,6,186,0,0,0,0,0,2074,0,1,0,0,0,0,7,73,5,2,2,0,0,1,2342,1034,5.543552519214347,87,192,0.09257473481195758,73,0.0,0,5.638354669333745,16.73320053068151,1703.3333333333333,0.0,20440,0.0,123844
sel,8,8,8.0,24,3,0,0,3,0,0,0,1,1,0,0,0,0,0,20,1,0,1,0,0,0,3,1,3,1,2,1,0,1,16,3,1.875,0,2,0.1,1,0.0,0,3.2188758248682006,4.898979485566356,8.0,0.0,24,0.0,254
seleccion_corriente,10,2,5.75,23,4,0,0,0,0,0,0,10,9,0,0,0,0,0,127,0,5,0,0,0,0,2,4,2,2,2,0,0,1,184,64,4.081521739130435,11,19,0.14960629921259844,4,0.0,0,3.1780538303479458,4.795831523312719,23.0,0.0,92,0.0,7060
seleccion_frecuencia,8,2,4.75,19,4,0,0,1,0,0,0,0,3,0,0,0,0,0,90,0,0,0,0,0,0,2,3,2,2,2,0,0,1,127,44,3.8503937007874014,8,3,0.03333333333333333,3,0.0,0,2.995732273553991,4.358898943540674,14.25,0.0,57,0.0,4772
select,8,4,6.0,12,2,0,0,1,0,0,0,6,0,0,0,0,0,0,30,0,2,0,0,0,0,1,0,2,1,2,0,0,1,55,15,2.5090909090909093,3,6,0.2,0,0.0,0,2.5649493574615367,3.4641016151377544,0.0,0.0,0,0.0,1357
selection_counter,3,3,3.0,3,1,0,0,0,0,0,0,0,0,0,0,0,0,0,24,0,0,0,0,0,0,1,3,1,1,2,0,0,1,47,14,2.404255319148936,1,0,0.0,3,0.0,0,1.3862943611198906,1.7320508075688772,9.0,0.0,9,0.0,952
selector,49,2,26.0,234,9,0,0,0,0,0,0,0,0,0,0,0,0,0,335,0,1,0,0,0,0,1,59,8,3,2,0,0,1,295,122,6.745762711864407,28,0,0.0,59,0.0,0,5.459585514144159,15.297058540778355,1534.0,0.0,13806,0.0,20692
selector_div,31,8,21.0,126,6,0,0,2,0,0,0,0,0,0,0,0,0,0,155,0,0,0,0,0,0,1,0,3,5,2,0,0,1,108,70,8.287037037037036,14,0,0.0,0,0.0,0,4.844187086458591,11.224972160321824,0.0,0.0,0,0.0,7536
selector_mul,31,8,21.0,126,6,0,0,2,0,0,0,0,0,0,0,0,0,0,128,0,0,0,0,0,0,1,0,3,4,2,0,0,1,110,67,8.036363636363637,15,0,0.0,0,0.0,0,4.844187086458591,11.224972160321824,0.0,0.0,0,0.0,7285
selector_sqrt,31,8,21.0,63,3,0,0,1,0,0,0,0,0,0,0,0,0,0,83,0,0,0,0,0,0,1,0,2,3,2,0,0,1,66,50,6.893939393939394,11,0,0.0,0,0.0,0,4.1588830833596715,7.937253933193772,0.0,0.0,0,0.0,3837
select_mode,2,2,2.0,2,1,0,0,0,0,0,0,0,0,0,0,0,0,0,21,0,0,0,0,0,0,2,4,1,1,2,0,0,1,37,9,2.918918918918919,0,0,0.0,4,0.0,0,1.0986122886681098,1.4142135623730951,8.0,0.0,8,0.0,892
sendcmd,10,5,7.956521739130435,183,23,0,0,21,0,0,0,0,0,0,0,0,0,0,585,0,0,0,0,0,0,9,83,14,3,2,0,0,1,606,181,5.597359735973598,40,0,0.0,83,0.0,0,5.214935757608986,13.527749258468683,660.3913043478261,0.0,15189,0.0,33225
send_recv,8,3,7.166666666666667,43,6,0,0,5,0,0,0,0,0,0,0,0,0,0,161,0,0,0,0,0,0,3,62,3,3,2,0,0,1,158,34,5.329113924050633,21,0,0.0,62,0.0,0,3.784189633918261,6.557438524302,444.33333333333337,0.0,2666,0.0,8691
seq,4,3,3.3333333333333335,10,3,0,0,0,0,0,0,0,0,0,0,0,0,0,117,0,0,0,0,0,0,2,11,1,3,2,0,0,1,185,56,4.032432432432432,11,0,0.0,11,0.0,0,2.3978952727983707,3.1622776601683795,36.66666666666667,0.0,110,0.0,6275
sequencecounter,3,3,3.0,3,1,0,0,0,0,0,0,0,0,0,0,0,0,0,23,0,0,0,0,0,0,1,3,1,1,2,0,0,1,42,10,2.8095238095238093,0,0,0.0,3,0.0,0,1.3862943611198906,1.7320508075688772,9.0,0.0,9,0.0,945
sequencer,16,4,10.0,20,2,0,1,0,0,0,0,4,286,0,0,0,0,0,121,0,0,0,0,0,0,1,4,2,1,2,0,0,1,156,182,5.737179487179487,11,290,2.396694214876033,4,0.0,0,3.044522437723423,4.47213595499958,40.0,0.0,80,0.0,6812
seq_addr_router,73,2,31.2,156,5,0,0,0,0,0,0,0,0,0,0,0,0,0,134,0,75,0,0,0,0,1,0,2,3,2,0,0,1,93,90,5.580645161290323,6,0,0.0,0,0.0,0,5.056245805348308,12.489995996796797,0.0,0.0,0,0.0,5872
seq_addr_router_001,73,2,31.2,156,5,0,0,0,0,0,0,0,0,0,0,0,0,0,121,0,75,0,0,0,0,1,0,2,3,2,0,0,1,84,91,5.642857142857143,5,0,0.0,0,0.0,0,5.056245805348308,12.489995996796797,0.0,0.0,0,0.0,5480
seq_altera_avalon_mm_bridge,32,1,15.692307692307692,204,13,5,0,0,2,0,0,0,0,0,0,0,0,0,654,0,0,0,0,0,0,4,296,6,6,2,0,0,1,641,254,6.355694227769111,60,0,0.0,296,0.0,0,5.3230099791384085,14.2828568570857,4644.923076923077,0.0,60384,0.0,41910
seq_altera_avalon_sc_fifo,32,1,7.2,108,15,2,0,3,6,0,0,0,0,0,0,0,0,0,972,0,41,1,0,0,0,5,156,7,6,2,1,0,1,721,512,7.0735090152565885,53,0,0.0,156,0.0,0,4.6913478822291435,10.392304845413264,1123.2,0.0,16848,0.0,52286
seq_altera_avalon_st_pipeline_base,8,8,8.0,24,3,0,0,3,0,0,0,0,0,0,0,0,0,0,88,0,0,0,0,0,0,2,18,2,2,2,0,0,1,89,20,5.022471910112359,16,0,0.0,18,0.0,0,3.2188758248682006,4.898979485566356,144.0,0.0,432,0.0,4352
seq_altera_hhp_apb2avalon_bridge,32,1,18.0,162,9,4,0,0,1,0,0,20,0,0,0,0,0,0,268,0,52,0,0,0,0,1,77,4,7,2,0,0,1,226,66,6.389380530973451,27,20,0.07462686567164178,77,0.0,0,5.093750200806762,12.727922061357855,1386.0,0.0,12474,0.0,14773
seq_altera_mem_if_simple_avalon_mm_bridge,32,4,19.5,156,8,4,0,0,0,0,0,0,0,0,0,0,0,0,148,0,33,1,0,0,0,1,49,5,5,2,1,0,1,57,51,12.087719298245615,15,0,0.0,49,0.0,0,5.056245805348308,12.489995996796797,955.5,0.0,7644,0.0,9115
seq_altera_merlin_arb_adder,8,8,8.0,24,3,0,0,3,0,0,0,0,0,0,0,0,0,0,50,0,0,0,0,0,0,1,0,2,1,2,0,0,1,95,28,3.5052631578947366,6,0,0.0,0,0.0,0,3.2188758248682006,4.898979485566356,0.0,0.0,0,0.0,2588
seq_altera_merlin_burst_uncompressor,16,3,9.11111111111111,82,9,0,4,0,0,0,0,6,0,0,0,0,0,0,478,0,5,0,0,0,0,4,37,4,4,2,0,0,1,501,199,5.115768463073852,36,6,0.012552301255230125,37,0.0,0,4.418840607796598,9.055385138137417,337.1111111111111,0.0,3034,0.0,28568
seq_altera_merlin_master_translator,38,4,23.53846153846154,306,13,5,0,0,0,0,0,4,400,0,0,0,0,0,807,0,79,0,0,0,0,4,373,6,6,2,0,0,1,570,220,7.612280701754386,45,404,0.5006195786864932,373,0.0,0,5.726847747587197,17.4928556845359,8779.846153846154,0.0,114138,0.0,47887
seq_altera_merlin_slave_translator,38,4,20.363636363636363,224,11,5,0,0,0,0,0,12,0,0,0,0,0,0,193,0,113,0,0,0,0,1,5,6,14,2,0,0,1,116,113,5.741379310344827,10,12,0.06217616580310881,5,0.0,0,5.41610040220442,14.966629547095765,101.81818181818181,0.0,1120,0.0,9112
seq_cmd_xbar_demux,73,4,35.36363636363637,389,11,0,0,0,0,0,0,36,0,0,0,0,0,0,361,0,316,0,0,0,0,1,0,4,9,2,0,0,1,61,316,17.950819672131146,7,36,0.0997229916897507,0,0.0,0,5.966146739123692,19.72308292331602,0.0,0.0,0,0.0,14617
seq_cmd_xbar_demux_001,73,1,35.09090909090909,386,11,0,0,0,1,0,0,36,0,0,0,0,0,0,361,0,316,0,0,0,0,1,0,4,9,2,0,0,1,61,316,17.950819672131146,7,36,0.0997229916897507,0,0.0,0,5.958424693029782,19.6468827043885,0.0,0.0,0,0.0,14621
seq_reg_file,32,3,16.625,133,8,3,0,0,0,0,0,0,0,0,0,0,0,0,3163,0,1,0,0,0,0,4,3173,4,3,2,0,0,1,2219,2048,8.382604776926543,194,0,0.0,3173,0.0,0,4.897839799950911,11.532562594670797,52751.125,0.0,422009,0.0,200074
seq_scc_hhp_phase_decode,32,4,22.666666666666668,68,3,2,0,0,0,0,0,0,0,0,0,0,0,0,57,0,0,0,0,0,0,1,0,2,1,2,0,0,1,73,34,4.47945205479452,7,0,0.0,0,0.0,0,4.23410650459726,8.246211251235321,0.0,0.0,0,0.0,2984
seq_trk_mgr,32,1,16.205128205128204,632,39,10,2,7,3,0,0,0,1933,0,0,0,0,0,4275,0,14,48,0,0,0,32,610,4,6,2,48,0,1,3798,1566,7.080568720379147,270,1933,0.4521637426900585,610,0.0,0,6.450470422144176,25.13961017995307,9885.128205128205,0.0,385520,0.0,264712
serclk_generator,8,4,6.0,18,3,0,0,1,0,0,0,0,21,0,0,0,0,0,50,0,0,0,0,0,0,3,8,2,1,2,0,0,1,63,26,4.190476190476191,4,21,0.42,8,0.0,0,2.9444389791664403,4.242640687119285,48.0,0.0,144,0.0,2575
serialinterface,8,2,5.7,57,10,0,0,5,0,0,0,0,21,0,0,0,0,0,435,0,0,0,0,0,0,7,79,3,3,2,0,0,1,574,208,5.022648083623693,35,21,0.04827586206896552,79,0.0,0,4.060443010546419,7.54983443527075,450.3,0.0,4503,0.0,25723
serialiodecoder,16,16,16.0,16,1,0,1,0,0,0,0,0,0,0,0,0,0,0,33,0,4,0,0,0,0,1,0,2,1,2,0,0,1,47,18,3.148936170212766,2,0,0.0,0,0.0,0,2.833213344056216,4.0,0.0,0.0,0,0.0,1446
serializer,8,8,8.0,16,2,0,0,2,0,0,0,0,0,0,0,0,0,0,72,0,0,0,0,0,0,2,9,2,1,2,0,0,1,100,28,4.08,7,0,0.0,9,0.0,0,2.833213344056216,4.0,72.0,0.0,144,0.0,3650
serialtoparallel,96,2,33.0,132,4,1,0,0,0,0,0,0,0,0,0,0,0,0,435,0,0,0,0,0,0,2,469,3,2,2,0,0,1,262,258,9.206106870229007,20,0,0.0,469,0.0,0,4.890349128221754,11.489125293076057,15477.0,0.0,61908,0.0,25927
serialtoparallel_1,2,2,2.0,2,1,0,0,0,0,0,0,0,0,0,0,0,0,0,28,0,0,0,0,0,0,1,17,1,2,2,0,0,1,51,8,2.6666666666666665,0,0,0.0,17,0.0,0,1.0986122886681098,1.4142135623730951,34.0,0.0,34,0.0,1266
serial_audio_encoder,16,2,9.25,37,4,0,1,0,0,0,0,0,0,0,0,0,0,0,142,0,0,108,0,0,0,4,38,2,1,2,108,0,1,179,53,5.173184357541899,25,0,0.0,38,0.0,0,3.6375861597263857,6.082762530298219,351.5,0.0,1406,0.0,8633
serial_rx,8,2,4.75,19,4,0,0,1,0,0,0,0,0,0,0,0,0,0,153,0,0,0,0,0,0,4,21,1,2,2,0,0,1,181,55,4.806629834254144,19,0,0.0,21,0.0,0,2.995732273553991,4.358898943540674,99.75,0.0,399,0.0,7648
serial_to_parallel,16,16,16.0,16,1,0,1,0,0,0,0,0,0,0,0,0,0,0,99,0,0,0,0,0,0,1,22,1,1,2,0,0,1,103,49,5.436893203883495,17,0,0.0,22,0.0,0,2.833213344056216,4.0,352.0,0.0,352,0.0,5137
serial_tx,8,2,5.4,27,5,0,0,2,0,0,0,0,0,0,0,0,0,0,167,0,0,0,0,0,0,5,22,2,1,2,0,0,1,202,60,4.806930693069307,19,0,0.0,22,0.0,0,3.332204510175204,5.196152422706632,118.80000000000001,0.0,594,0.0,8636
servant_mux,32,4,27.333333333333332,164,6,5,0,0,0,0,0,0,0,0,0,0,0,0,126,0,35,0,0,0,0,1,1,5,3,2,0,0,1,80,36,5.65,10,0,0.0,1,0.0,0,5.10594547390058,12.806248474865697,27.333333333333332,0.0,164,0.0,6290
servant_timer,32,14,23.5,94,4,2,1,0,0,0,0,0,229,0,0,0,0,0,271,0,16,0,0,0,0,3,33,2,2,2,0,0,1,231,184,6.70995670995671,32,229,0.8450184501845018,33,0.0,0,4.553876891600541,9.695359714832659,775.5,0.0,3102,0.0,15018
servclone10_clock_gen,1,1,1.0,1,0,0,0,0,1,0,0,0,0,0,0,0,0,0,42,0,0,0,0,0,0,2,10,1,1,2,0,0,1,64,14,3.5,2,0,0.0,10,0.0,0,0.6931471805599453,1.0,10.0,0.0,10,0.0,2040
servde1_soc_revf_clock_gen,1,1,1.0,1,0,0,0,0,1,0,0,2,0,0,0,0,0,0,43,0,0,0,0,0,0,2,10,1,1,2,0,0,1,64,14,3.484375,2,2,0.046511627906976744,10,0.0,0,0.6931471805599453,1.0,10.0,0.0,10,0.0,2076
servile,32,4,18.545454545454547,612,33,16,0,4,0,0,0,2,5,0,0,0,0,0,176,0,0,2,0,0,0,1,20,4,10,2,2,0,1,170,47,4.147058823529412,11,7,0.03977272727272727,20,0.0,0,6.418364935936212,24.73863375370596,370.90909090909093,0.0,12240,0.0,8507
servile_arbiter,32,4,26.4,264,10,8,0,0,0,0,0,0,0,0,0,0,0,0,197,0,100,0,0,0,0,0,0,6,6,2,0,0,1,72,100,9.76388888888889,15,0,0.0,0,0.0,0,5.579729825986222,16.24807680927192,0.0,0.0,0,0.0,11068
servile_rf_mem_if,32,4,11.333333333333334,136,12,2,0,6,0,0,0,0,0,0,0,0,0,0,217,0,9,1,0,0,0,1,39,8,6,2,1,0,1,205,71,5.736585365853658,26,0,0.0,39,0.0,0,4.919980925828125,11.661903789690601,442.0,0.0,5304,0.0,11676
servive_clock_gen,1,1,1.0,1,0,0,0,0,1,0,0,2,0,0,0,0,0,0,43,0,0,0,0,0,0,2,10,1,1,2,0,0,1,64,14,3.484375,2,2,0.046511627906976744,10,0.0,0,0.6931471805599453,1.0,10.0,0.0,10,0.0,2067
serv_aligner,32,16,28.8,144,5,4,1,0,0,0,0,0,174,0,0,0,0,0,242,0,3,0,0,0,0,2,17,3,3,2,0,0,1,154,174,8.14935064935065,24,174,0.71900826446281,17,0.0,0,4.976733742420574,12.0,489.6,0.0,2448,0.0,14407
serv_alu,3,1,1.5,9,6,0,0,0,4,0,0,0,0,0,0,0,0,0,48,0,0,0,0,0,0,1,2,6,2,2,0,0,1,92,14,2.8043478260869565,2,0,0.0,2,0.0,0,2.302585092994046,3.0,3.0,0.0,18,0.0,2242
serv_bufreg,32,2,22.0,66,3,2,0,0,0,0,0,8,0,0,0,0,0,0,138,0,34,0,0,0,0,1,34,1,4,2,0,0,1,98,95,6.642857142857143,14,8,0.057971014492753624,34,0.0,0,4.204692619390966,8.12403840463596,748.0,0.0,2244,0.0,7075
serv_bufreg2,32,2,22.0,66,3,2,0,0,0,0,0,0,0,0,0,0,0,0,256,0,1,5,0,0,0,1,33,3,2,2,5,0,1,307,118,5.1172638436482085,22,0,0.0,33,0.0,0,4.204692619390966,8.12403840463596,726.0,0.0,2178,0.0,14222
serv_compdec,32,32,32.0,64,2,2,0,0,0,0,0,0,0,0,0,0,0,0,270,0,1,0,0,0,0,1,1,2,2,2,0,0,1,373,159,4.887399463806971,20,0,0.0,1,0.0,0,4.174387269895637,8.0,32.0,0.0,64,0.0,15809
serv_csr,4,2,3.0,6,2,0,0,0,0,0,0,0,0,0,0,0,0,0,101,0,0,0,0,0,0,2,10,2,1,2,0,0,1,175,45,3.5085714285714285,10,0,0.0,10,0.0,0,1.9459101490553132,2.449489742783178,30.0,0.0,60,0.0,5615
serv_ctrl,32,32,32.0,32,1,1,0,0,0,0,0,0,0,0,0,0,0,0,214,0,0,0,0,0,0,1,34,1,2,2,0,0,1,236,81,5.02542372881356,18,0,0.0,34,0.0,0,3.4965075614664802,5.656854249492381,1088.0,0.0,1088,0.0,11521
serv_decode,30,2,5.888888888888889,53,9,0,0,0,0,0,0,6,0,0,0,0,0,0,170,0,26,3,0,0,0,2,31,2,8,2,3,0,1,185,46,4.254054054054054,19,6,0.03529411764705882,31,0.0,0,3.9889840465642745,7.280109889280518,182.55555555555557,0.0,1643,0.0,9041
serv_immdec,25,4,7.25,58,8,0,0,0,0,0,0,0,0,0,0,0,0,0,216,0,1,0,0,0,0,3,27,4,4,2,0,0,1,262,98,4.858778625954199,23,0,0.0,27,0.0,0,4.07753744390572,7.615773105863909,195.75,0.0,1566,0.0,12099
serv_mem_if,4,1,2.0,10,5,0,0,0,2,0,0,0,0,0,0,0,0,0,41,0,0,1,0,0,0,1,5,4,3,2,1,0,1,74,12,2.689189189189189,2,0,0.0,5,0.0,0,2.3978952727983707,3.1622776601683795,10.0,0.0,50,0.0,1892
serv_rf_if,6,2,5.125,41,8,0,0,0,0,0,0,18,0,0,0,0,0,0,85,0,15,1,0,0,0,1,35,5,5,2,1,0,1,126,28,3.4603174603174605,4,18,0.21176470588235294,35,0.0,0,3.7376696182833684,6.4031242374328485,179.375,0.0,1435,0.0,4269
serv_rf_ram_if,9,3,6.923076923076923,90,13,0,0,5,0,0,0,0,0,0,0,0,0,0,223,0,0,1,0,0,0,6,76,6,4,2,1,0,1,206,46,5.601941747572815,23,0,0.0,76,0.0,0,4.51085950651685,9.486832980505138,526.1538461538462,0.0,6840,0.0,11641
serv_state,4,2,3.0,6,2,0,0,0,0,0,0,6,0,0,0,0,0,0,141,0,1,4,0,0,0,2,15,1,2,2,4,0,1,222,59,3.626126126126126,15,6,0.0425531914893617,15,0.0,0,1.9459101490553132,2.449489742783178,45.0,0.0,90,0.0,7978
ser_shift,32,31,31.5,63,2,1,0,0,0,0,0,0,0,0,0,0,0,0,178,0,0,130,0,0,0,2,158,2,1,2,130,0,1,165,94,6.842424242424243,23,0,0.0,158,0.0,0,4.1588830833596715,7.937253933193772,4977.0,0.0,9954,0.0,10728
sevenseg,18,4,7.714285714285714,54,7,0,1,0,0,0,0,6,51,0,0,0,0,0,137,0,1,0,0,0,0,3,18,5,2,2,0,0,1,175,52,5.045714285714285,18,57,0.41605839416058393,18,0.0,0,4.007333185232471,7.3484692283495345,138.85714285714286,0.0,972,0.0,7798
sevensegdecoder,7,4,5.5,11,2,0,0,0,0,0,0,0,0,0,0,0,0,0,49,0,0,0,0,0,0,1,0,1,1,2,0,0,1,78,26,3.7564102564102564,4,0,0.0,0,0.0,0,2.4849066497880004,3.3166247903554,0.0,0.0,0,0.0,2372
sevensegdecoder_always,7,4,5.5,11,2,0,0,0,0,0,0,0,0,0,0,0,0,0,51,1,0,0,0,0,0,1,0,1,1,2,0,0,1,83,28,3.4939759036144578,4,0,0.0,0,0.0,0,2.4849066497880004,3.3166247903554,0.0,0.0,0,0.0,2457
sevensegdisplay,20,7,13.2,66,5,0,0,1,0,0,0,12,57,0,0,0,0,0,365,0,4,0,0,0,0,3,20,2,2,2,0,0,1,513,183,4.795321637426901,31,69,0.18904109589041096,20,0.0,0,4.204692619390966,8.12403840463596,264.0,0.0,1320,0.0,22238
sevensegment,64,5,11.545454545454545,254,22,1,0,11,0,0,0,0,325,0,0,0,0,0,1000,0,0,0,0,0,0,11,112,10,3,2,0,0,1,1097,456,6.1367365542388335,77,325,0.325,112,0.0,0,5.541263545158426,15.937377450509228,1293.090909090909,0.0,28448,0.0,58765
sevensegmentcombinational,1,1,1.0,1,0,0,0,0,1,0,0,0,0,0,0,0,0,0,28,0,0,0,0,0,0,1,0,1,1,2,0,0,1,64,17,2.9375,2,0,0.0,0,0.0,0,0.6931471805599453,1.0,0.0,0.0,0,0.0,1315
sevensegmentcontroller,32,2,18.0,162,9,4,0,4,0,0,0,0,0,0,0,0,0,0,459,0,0,0,0,0,0,2,56,3,4,2,0,0,1,464,198,6.211206896551724,45,0,0.0,56,0.0,0,5.093750200806762,12.727922061357855,1008.0,0.0,9072,0.0,26002
sevensegmentdecoderfull,7,4,5.5,11,2,0,0,0,0,0,0,0,0,0,0,0,0,0,45,0,0,0,0,0,0,1,0,1,1,2,0,0,1,83,29,3.4939759036144578,4,0,0.0,0,0.0,0,2.4849066497880004,3.3166247903554,0.0,0.0,0,0.0,2300
sevensegmentdisplaydecoder,1,1,1.0,1,0,0,0,0,1,0,0,6,0,0,0,0,0,0,24,0,1,0,0,0,0,1,0,1,1,2,0,0,1,57,11,2.543859649122807,1,6,0.25,0,0.0,0,0.6931471805599453,1.0,0.0,0.0,0,0.0,988
sevensegmenttop,8,4,6.333333333333333,19,3,0,0,1,0,0,0,0,0,0,0,0,0,0,49,0,0,0,0,0,0,1,0,1,2,2,0,0,1,83,32,3.7349397590361444,4,0,0.0,0,0.0,0,2.995732273553991,4.358898943540674,0.0,0.0,0,0.0,2483
sevensegmenttruthtable,7,4,5.5,11,2,0,0,0,0,0,0,0,0,0,0,0,0,0,37,0,0,0,0,0,0,1,0,1,1,2,0,0,1,68,25,3.588235294117647,4,0,0.0,0,0.0,0,2.4849066497880004,3.3166247903554,0.0,0.0,0,0.0,1885
seven_light,27,3,14.2,71,5,0,0,2,0,0,0,0,78,0,0,0,0,0,177,0,0,0,0,0,0,4,45,1,2,2,0,0,1,179,80,6.391061452513966,19,78,0.4406779661016949,45,0.0,0,4.276666119016055,8.426149773176359,639.0,0.0,3195,0.0,10941
seven_seg,16,1,4.142857142857143,29,7,0,1,0,4,0,0,0,0,0,0,0,0,0,66,0,0,0,0,0,0,1,0,2,5,2,0,0,1,107,33,3.7850467289719627,8,0,0.0,0,0.0,0,3.4011973816621555,5.385164807134504,0.0,0.0,0,0.0,3415
seven_segment,7,3,5.0,10,2,0,0,0,0,0,0,0,0,0,0,0,0,0,37,0,0,0,0,0,0,1,7,1,1,2,0,0,1,48,16,3.375,1,0,0.0,7,0.0,0,2.3978952727983707,3.1622776601683795,35.0,0.0,70,0.0,1586
seven_segments,21,8,14.5,29,2,0,0,1,0,0,0,0,0,0,0,0,0,0,125,0,3,0,0,0,0,1,0,1,1,2,0,0,1,194,76,4.164948453608248,10,0,0.0,0,0.0,0,3.4011973816621555,5.385164807134504,0.0,0.0,0,0.0,6959
seven_seg_5,7,5,6.0,12,2,0,0,0,0,0,0,0,0,0,0,0,0,0,69,0,0,0,0,0,0,1,0,1,1,2,0,0,1,130,45,3.6769230769230767,7,0,0.0,0,0.0,0,2.5649493574615367,3.4641016151377544,0.0,0.0,0,0.0,3799
seven_seg_disp,8,4,5.333333333333333,16,3,0,0,1,0,0,0,18,0,0,0,0,0,0,50,0,5,0,0,0,0,1,0,1,2,2,0,0,1,84,25,3.4761904761904763,4,18,0.36,0,0.0,0,2.833213344056216,4.0,0.0,0.0,0,0.0,2422
sevsenseg,7,4,5.5,11,2,0,0,0,0,0,0,0,0,0,0,0,0,0,45,0,0,0,0,0,0,1,0,1,1,2,0,0,1,76,25,3.5,4,0,0.0,0,0.0,0,2.4849066497880004,3.3166247903554,0.0,0.0,0,0.0,2221
sext,32,3,20.0,60,3,1,0,0,0,0,0,0,0,0,0,0,0,0,88,0,0,0,0,0,0,1,0,2,1,2,0,0,1,123,46,4.520325203252033,15,0,0.0,0,0.0,0,4.110873864173311,7.745966692414834,0.0,0.0,0,0.0,4639
sext_adder,32,31,31.75,127,4,3,0,0,0,0,0,0,97,0,0,0,0,0,79,0,0,35,0,0,0,2,0,2,1,2,35,0,1,57,97,8.842105263157896,11,97,1.2278481012658229,0,0.0,0,4.852030263919617,11.269427669584644,0.0,0.0,0,0.0,5210
sfifo,8,5,7.0,21,3,0,0,2,0,0,0,0,0,0,0,0,0,0,1112,0,0,1,0,0,0,1,141,2,2,2,1,0,1,1038,528,6.746628131021194,68,0,0.0,141,0.0,0,3.091042453358316,4.58257569495584,987.0,0.0,2961,0.0,64283
sg,4,4,4.0,4,1,0,0,0,0,0,0,0,0,0,0,0,0,0,45,0,0,0,0,0,0,2,5,1,1,2,0,0,1,81,18,3.111111111111111,3,0,0.0,5,0.0,0,1.6094379124341003,2.0,20.0,0.0,20,0.0,2110
sha256_k_constants,32,6,19.0,38,2,1,0,0,0,0,0,0,0,0,0,0,0,0,540,0,0,0,0,0,0,1,0,1,1,2,0,0,1,759,372,5.163372859025033,52,0,0.0,0,0.0,0,3.6635616461296463,6.164414002968976,0.0,0.0,0,0.0,31726
sha256_w_mem,512,6,96.42857142857143,675,7,2,0,0,0,0,0,0,291,0,0,0,0,0,4853,0,0,0,0,0,0,5,512,3,1,2,0,0,1,4619,2293,6.5765317168218225,247,291,0.05996290954049042,512,0.0,0,6.516193076042964,25.98076211353316,49371.42857142857,0.0,345600,0.0,307335
sha512,384,4,55.285714285714285,2709,49,18,0,0,0,0,0,0,0,0,0,0,0,0,23282,0,0,0,0,0,0,30,2673,3,19,2,0,0,1,20977,8878,6.311340992515612,426,0,0.0,2673,0.0,0,7.904703913873747,52.04805471869242,147778.7142857143,0.0,7241157,0.0,1310842
sha_padding,128,4,65.66666666666667,394,6,0,0,0,0,0,0,0,745,0,0,0,0,0,1674,0,0,0,0,0,0,4,135,3,2,2,0,0,1,1650,745,6.1054545454545455,77,745,0.44504181600955794,135,0.0,0,5.978885764901122,19.849433241279208,8865.0,0.0,53190,0.0,95375
shift,32,2,26.0,130,5,4,0,0,0,0,0,0,0,0,0,0,0,0,838,0,0,1,0,0,0,1,33,4,1,2,1,0,1,1105,484,5.332126696832579,58,0,0.0,33,0.0,0,4.875197323201151,11.40175425099138,858.0,0.0,4290,0.0,49316
shifter,32,2,24.5,98,4,3,0,0,0,0,0,0,0,0,0,0,0,0,1127,0,0,35,0,0,0,1,0,3,1,2,35,0,1,1320,641,5.4787878787878785,83,0,0.0,0,0.0,0,4.59511985013459,9.899494936611665,0.0,0.0,0,0.0,62354
shifter_10,16,6,11.625,93,8,0,4,2,0,0,0,0,372,0,0,0,0,0,603,0,0,1,0,0,0,5,0,3,1,2,1,0,1,803,297,5.466998754669987,41,372,0.6169154228855721,0,0.0,0,4.543294782270004,9.643650760992955,0.0,0.0,0,0.0,38020
shiftqueue,32,5,30.2,453,15,14,0,0,0,0,0,0,0,0,0,0,0,0,2286,0,0,1,0,0,0,11,335,3,4,2,1,0,1,2026,828,6.374629812438302,86,0,0.0,335,0.0,0,6.118097198041348,21.283796653792763,10117.0,0.0,151755,0.0,136339
shiftreg,4,4,4.0,12,3,0,0,0,0,0,0,0,0,0,0,0,0,0,50,0,0,1,0,0,0,1,4,1,1,2,1,0,1,90,20,3.422222222222222,4,0,0.0,4,0.0,0,2.5649493574615367,3.4641016151377544,16.0,0.0,48,0.0,2475
shiftreg32b,32,31,31.5,63,2,1,0,0,0,0,0,0,0,0,0,0,0,0,180,0,0,4,0,0,0,2,42,2,1,2,4,0,1,172,94,6.273255813953488,23,0,0.0,42,0.0,0,4.1588830833596715,7.937253933193772,1323.0,0.0,2646,0.0,9974
shiftregister,256,256,256.0,512,2,0,0,0,0,0,0,0,0,0,0,0,0,0,974,0,0,4,0,0,0,2,513,1,1,2,4,0,1,94,768,46.5,48,0,0.0,513,0.0,0,6.240275845170769,22.627416997969522,131328.0,0.0,262656,0.0,48655
shiftreg_in,8,8,8.0,8,1,0,0,1,0,0,0,0,0,0,0,0,0,0,43,0,0,9,0,0,0,1,17,1,1,2,9,0,1,45,25,4.4,1,0,0.0,17,0.0,0,2.1972245773362196,2.8284271247461903,136.0,0.0,136,0.0,1849
shiftreg_out,8,4,7.0,28,4,0,0,3,0,0,0,0,0,0,0,0,0,0,140,0,0,33,0,0,0,4,28,2,1,2,33,0,1,168,46,4.660714285714286,18,0,0.0,28,0.0,0,3.367295829986474,5.291502622129181,196.0,0.0,784,0.0,7426
shift_accumulator,40,40,40.0,80,2,0,0,0,0,0,0,0,0,0,0,0,0,0,264,0,0,45,0,0,0,1,80,2,1,2,45,0,1,284,121,5.915492957746479,24,0,0.0,80,0.0,0,4.394449154672439,8.94427190999916,3200.0,0.0,6400,0.0,15426
shift_add_multiplier,64,2,43.0,258,6,2,0,0,0,0,0,0,819,0,0,0,0,0,1659,0,0,1,0,0,0,3,641,4,2,2,1,0,1,1569,459,6.387507966857871,59,819,0.4936708860759494,641,0.0,0,5.556828061699537,16.06237840420901,27563.0,0.0,165378,0.0,103049
shift_left,28,5,20.333333333333332,61,3,0,0,0,0,0,0,0,0,0,0,0,0,0,316,0,0,1,0,0,0,1,0,2,1,2,1,0,1,386,173,5.27979274611399,27,0,0.0,0,0.0,0,4.127134385045092,7.810249675906654,0.0,0.0,0,0.0,17578
shift_left_div,24,5,17.666666666666668,53,3,0,0,0,0,0,0,0,0,0,0,0,0,0,259,0,0,1,0,0,0,1,0,2,1,2,1,0,1,329,153,5.161094224924012,24,0,0.0,0,0.0,0,3.9889840465642745,7.280109889280518,0.0,0.0,0,0.0,14610
shift_left_sqrt,24,5,17.666666666666668,53,3,0,0,0,0,0,0,0,0,0,0,0,0,0,259,0,0,1,0,0,0,1,0,2,1,2,1,0,1,329,153,5.161094224924012,24,0,0.0,0,0.0,0,3.9889840465642745,7.280109889280518,0.0,0.0,0,0.0,14611
shift_line_buffer_array_ap_fixed_1u_config2_s,16,16,16.0,256,16,0,16,0,0,0,0,6,0,0,0,0,0,0,1541,0,114,2113,0,0,0,1,288,8,10,2,2113,0,1,141,1056,44.52482269503546,75,6,0.003893575600259572,288,0.0,0,5.54907608489522,16.0,4608.0,0.0,73728,0.0,160643
shift_mem,32,3,22.833333333333332,411,18,9,0,0,0,0,0,0,860,0,0,0,0,0,1684,0,0,833,0,0,0,10,547,9,1,2,833,0,1,1134,526,8.54320987654321,124,860,0.5106888361045131,547,0.0,0,6.021023349349527,20.273134932713294,12489.833333333332,0.0,224817,0.0,106520
shift_reg,8,8,8.0,8,1,0,0,1,0,0,0,0,0,0,0,0,0,0,26,0,0,1,0,0,0,0,9,1,1,2,1,0,1,15,17,6.2,1,0,0.0,9,0.0,0,2.1972245773362196,2.8284271247461903,72.0,0.0,72,0.0,1057
shift_register,5,5,5.0,10,2,0,0,0,0,0,0,0,0,0,0,0,0,0,33,0,0,25,0,0,0,1,6,2,1,2,25,0,1,42,12,3.3333333333333335,1,0,0.0,6,0.0,0,2.3978952727983707,3.1622776601683795,30.0,0.0,60,0.0,1315
shift_register_vector,16,8,10.666666666666666,32,3,0,1,2,0,0,0,0,0,0,0,0,0,0,60,0,0,1,0,0,0,1,82,2,1,2,1,0,1,15,33,13.733333333333333,7,0,0.0,82,0.0,0,3.4965075614664802,5.656854249492381,874.6666666666666,0.0,2624,0.0,2478
shift_reg_5_bit,5,5,5.0,5,1,0,0,0,0,0,0,0,0,0,0,0,0,0,34,0,1,31,0,0,0,1,29,1,2,2,31,0,1,42,17,3.5,1,0,0.0,29,0.0,0,1.791759469228055,2.23606797749979,145.0,0.0,145,0.0,1484
shift_reg_a,7,7,7.0,7,1,0,0,0,0,0,2,0,1,0,0,0,0,3,48,1,0,6,0,0,0,0,1,4,1,2,6,0,1,21,6,2.2857142857142856,0,3,0.0625,1,0.0,0,2.0794415416798357,2.6457513110645907,7.0,0.0,7,0.0,463
shift_reg_b,7,7,7.0,7,1,0,0,0,0,0,2,0,1,0,0,0,0,3,51,1,0,6,0,0,0,0,1,4,1,2,6,0,1,21,6,2.2857142857142856,0,3,0.058823529411764705,1,0.0,0,2.0794415416798357,2.6457513110645907,7.0,0.0,7,0.0,569
shift_reg_miso,8,3,5.5,22,4,0,0,2,0,0,0,0,0,0,0,0,0,0,76,0,0,1,0,0,0,2,11,4,1,2,1,0,1,104,27,4.038461538461538,6,0,0.0,11,0.0,0,3.1354942159291497,4.69041575982343,60.5,0.0,242,0.0,3810
shift_reg_mosi,8,3,5.5,22,4,0,0,2,0,0,0,0,0,0,0,0,0,0,86,0,0,1,0,0,0,2,18,3,2,2,1,0,1,70,32,5.7,15,0,0.0,18,0.0,0,3.1354942159291497,4.69041575982343,99.0,0.0,396,0.0,4116
shift_reg_sum,7,7,7.0,7,1,0,0,0,0,0,2,0,1,0,0,0,0,4,55,1,0,6,0,0,0,0,2,5,1,2,6,0,1,22,7,2.409090909090909,0,3,0.05454545454545454,2,0.0,0,2.0794415416798357,2.6457513110645907,14.0,0.0,14,0.0,617
shift_right,28,5,20.333333333333332,61,3,0,0,0,0,0,0,0,0,0,0,0,0,0,313,0,0,1,0,0,0,1,0,2,1,2,1,0,1,384,170,5.255208333333333,28,0,0.0,0,0.0,0,4.127134385045092,7.810249675906654,0.0,0.0,0,0.0,17428
shift_right_arithmetic,32,32,32.0,96,3,3,0,0,0,0,0,0,1184,0,0,0,0,0,456,0,0,1,0,0,0,1,0,2,1,2,1,0,1,478,1184,7.7866108786610875,34,1184,2.5964912280701755,0,0.0,0,4.574710978503383,9.797958971132712,0.0,0.0,0,0.0,30086
shift_test_restore_divider,32,6,26.8,134,5,4,0,0,0,0,0,0,0,0,0,0,0,0,1652,0,0,1,0,0,0,2,73,3,3,2,1,0,1,1995,891,5.285213032581454,58,0,0.0,73,0.0,0,4.90527477843843,11.575836902790225,1956.4,0.0,9782,0.0,94831
shift_unit,32,2,16.5,66,4,1,2,0,0,0,0,0,0,0,0,0,0,0,155,0,15,6,0,0,0,1,18,4,2,2,6,0,1,144,53,5.854166666666667,23,0,0.0,18,0.0,0,4.204692619390966,8.12403840463596,297.0,0.0,1188,0.0,7614
shl,16,5,12.714285714285714,89,7,0,4,0,0,0,0,0,7318,0,0,0,0,0,3541,0,0,0,0,0,0,5,0,2,2,2,0,0,1,1377,5957,15.973129992737835,124,7318,2.0666478395933354,0,0.0,0,4.499809670330265,9.433981132056603,0.0,0.0,0,0.0,216369
show,1,1,1.0,1,0,0,0,0,1,0,0,0,0,0,0,0,0,0,3574,0,0,0,0,0,0,0,0,0,0,0,0,0,1,1,1,1.0,0,0,0.0,0,0.0,0,0.6931471805599453,1.0,0.0,0.0,0,0.0,48023
showhz,32,2,14.583333333333334,350,24,5,0,3,0,0,0,4,36465,0,0,0,0,0,14507,0,0,0,0,0,0,24,208,1,2,2,0,0,1,1935,13556,46.35813953488372,506,36469,2.5138898462811055,208,0.0,0,5.860786223465865,18.708286933869708,3033.3333333333335,0.0,72800,0.0,941023
shr,16,5,12.166666666666666,73,6,0,3,0,0,0,0,0,7370,0,0,0,0,0,3577,0,1,0,0,0,0,4,0,2,2,2,0,0,1,1381,5957,16.068066618392468,126,7370,2.0603857981548783,0,0.0,0,4.30406509320417,8.54400374531753,0.0,0.0,0,0.0,218304
sietesegmentos,8,4,6.333333333333333,19,3,0,0,1,0,0,0,20,0,0,0,0,0,0,60,0,8,0,0,0,0,1,0,1,2,2,0,0,1,86,28,3.7906976744186047,7,20,0.3333333333333333,0,0.0,0,2.995732273553991,4.358898943540674,0.0,0.0,0,0.0,2694
sigma_dac,19,16,18.0,72,4,0,1,0,0,0,0,0,72,0,0,0,0,0,149,0,0,0,0,0,0,4,20,2,1,2,0,0,1,102,72,6.715686274509804,21,72,0.48322147651006714,20,0.0,0,4.290459441148391,8.48528137423857,360.0,0.0,1440,0.0,8649
sigma_delta_dac,10,8,9.25,37,4,0,0,1,0,0,0,0,34,0,0,0,0,0,71,0,0,0,0,0,0,4,11,2,1,2,0,0,1,53,34,5.735849056603773,10,34,0.4788732394366197,11,0.0,0,3.6375861597263857,6.082762530298219,101.75,0.0,407,0.0,3885
sigmoid,22,8,13.0,39,3,0,0,1,0,0,0,0,0,0,0,0,0,0,24,0,0,0,0,0,0,1,0,1,1,2,0,0,1,54,24,2.4074074074074074,1,0,0.0,0,0.0,0,3.6888794541139363,6.244997998398398,0.0,0.0,0,0.0,1020
sign,32,3,24.75,99,4,3,0,0,0,0,0,0,0,0,0,0,0,0,317,0,22,0,0,0,0,2,32,2,1,2,0,0,1,363,143,5.137741046831956,25,0,0.0,32,0.0,0,4.605170185988092,9.9498743710662,792.0,0.0,3168,0.0,17214
signals,16,16,16.0,96,6,0,6,0,0,0,0,0,288,0,0,0,0,0,541,0,0,0,0,0,0,5,36,6,1,2,0,0,1,534,251,6.117977528089888,39,288,0.532347504621072,36,0.0,0,4.574710978503383,9.797958971132712,576.0,0.0,3456,0.0,31753
signaltable,8,7,7.666666666666667,23,3,0,0,2,0,0,0,0,0,0,0,0,0,0,4290,0,7,0,0,0,0,1,1032,3,1,2,0,0,1,2265,3072,10.496247240618102,202,0,0.0,1032,0.0,0,3.1780538303479458,4.795831523312719,7912.0,0.0,23736,0.0,255919
signal_generator_0phase,6,6,6.0,6,1,0,0,0,0,0,0,0,0,0,0,0,0,0,77,0,0,0,0,0,0,1,7,1,1,2,0,0,1,132,38,3.696969696969697,5,0,0.0,7,0.0,0,1.9459101490553132,2.449489742783178,42.0,0.0,42,0.0,4055
signal_generator_180phase,6,6,6.0,6,1,0,0,0,0,0,0,0,0,0,0,0,0,0,77,0,0,0,0,0,0,1,7,1,1,2,0,0,1,130,38,3.753846153846154,5,0,0.0,7,0.0,0,1.9459101490553132,2.449489742783178,42.0,0.0,42,0.0,4045
signal_generator_270phase,6,6,6.0,6,1,0,0,0,0,0,0,0,0,0,0,0,0,0,77,0,0,0,0,0,0,1,7,1,1,2,0,0,1,132,38,3.696969696969697,5,0,0.0,7,0.0,0,1.9459101490553132,2.449489742783178,42.0,0.0,42,0.0,4057
signal_generator_90phase,6,6,6.0,6,1,0,0,0,0,0,0,0,0,0,0,0,0,0,77,0,0,0,0,0,0,1,7,1,1,2,0,0,1,132,38,3.696969696969697,5,0,0.0,7,0.0,0,1.9459101490553132,2.449489742783178,42.0,0.0,42,0.0,4046
signal_pass_through,25,16,20.571428571428573,144,7,0,3,0,0,0,0,0,1226,0,0,0,0,0,1153,0,0,0,0,0,0,8,193,1,1,2,0,0,1,951,351,7.769716088328075,83,1226,1.0633130962705983,193,0.0,0,4.976733742420574,12.0,3970.2857142857147,0.0,27792,0.0,69169
signextend,32,2,19.666666666666668,59,3,1,0,0,0,0,0,0,0,0,0,0,0,0,63,0,24,0,0,0,0,1,0,2,1,2,0,0,1,59,53,4.694915254237288,5,0,0.0,0,0.0,0,4.0943445622221,7.681145747868608,0.0,0.0,0,0.0,2678
signextender,64,32,48.0,96,2,1,0,0,0,0,0,0,0,0,0,0,0,0,175,0,38,0,0,0,0,1,0,1,1,2,0,0,1,171,104,5.514619883040936,16,0,0.0,0,0.0,0,4.574710978503383,9.797958971132712,0.0,0.0,0,0.0,8364
signextendmodule,32,5,14.0,56,4,1,0,0,0,0,0,0,0,0,0,0,0,0,82,0,20,0,0,0,0,1,0,3,1,2,0,0,1,95,54,4.484210526315789,13,0,0.0,0,0.0,0,4.04305126783455,7.483314773547883,0.0,0.0,0,0.0,3822
signmag,8,7,7.5,15,2,0,0,1,0,0,0,0,0,0,0,0,0,0,31,0,2,0,0,0,0,1,0,1,2,2,0,0,1,56,18,3.0892857142857144,5,0,0.0,0,0.0,0,2.772588722239781,3.872983346207417,0.0,0.0,0,0.0,1375
sign_ext,32,32,32.0,64,2,2,0,0,0,0,0,0,0,0,0,0,0,0,80,0,31,0,0,0,0,1,0,1,1,2,0,0,1,84,53,4.440476190476191,5,0,0.0,0,0.0,0,4.174387269895637,8.0,0.0,0.0,0,0.0,3660
sign_extend,32,2,19.666666666666668,59,3,1,0,0,0,0,0,0,0,0,0,0,0,0,69,0,24,0,0,0,0,1,0,2,1,2,0,0,1,59,53,4.694915254237288,5,0,0.0,0,0.0,0,4.0943445622221,7.681145747868608,0.0,0.0,0,0.0,3399
sign_extension,32,16,19.2,96,5,1,4,0,0,0,0,0,0,0,0,0,0,0,8,0,2,0,0,0,1,0,0,1,1,2,1,0,1,10,4,1.7,0,0,0.0,0,0.0,1,4.574710978503383,9.797958971132712,0.0,0.0,0,0.0,207
sign_hdb3,3,2,2.5,5,2,0,0,0,0,0,0,0,0,0,0,0,0,0,27,0,0,0,0,0,0,1,4,2,1,2,0,0,1,51,9,2.7254901960784315,0,0,0.0,4,0.0,0,1.791759469228055,2.23606797749979,10.0,0.0,20,0.0,1263
sign_injection,64,3,48.75,195,4,0,0,0,0,0,0,0,0,0,0,0,0,0,97,0,32,0,0,0,0,1,0,4,1,2,0,0,1,91,68,5.516483516483516,10,0,0.0,0,0.0,0,5.278114659230517,13.96424004376894,0.0,0.0,0,0.0,4964
simdadd,16,16,16.0,48,3,0,3,0,0,0,0,0,0,0,0,0,0,0,171,0,0,0,0,0,0,1,0,3,1,2,0,0,1,302,145,4.241721854304636,13,0,0.0,0,0.0,0,3.8918202981106265,6.928203230275509,0.0,0.0,0,0.0,10210
simdmultiply,16,9,14.052631578947368,534,38,0,9,0,0,0,0,0,554,0,0,0,0,0,962,0,0,0,0,0,0,36,0,67,19,2,0,0,1,720,506,8.125,94,554,0.5758835758835759,0,0.0,0,6.282266746896006,23.108440016582687,0.0,0.0,0,0.0,60324
simdshifter,16,16,16.0,32,2,0,2,0,0,0,0,0,0,0,0,0,0,0,54,0,0,51,0,0,0,1,0,34,19,2,51,0,1,71,32,4.042253521126761,8,0,0.0,0,0.0,0,3.4965075614664802,5.656854249492381,0.0,0.0,0,0.0,2797
simplecounter,32,4,24.0,264,11,6,0,0,0,0,0,0,373,0,0,0,0,0,1017,0,0,0,0,0,0,7,613,5,2,2,0,0,1,879,312,6.792946530147895,53,373,0.3667649950835792,613,0.0,0,5.579729825986222,16.24807680927192,14712.0,0.0,161832,0.0,57668
simpleuart,32,4,20.642857142857142,289,14,6,0,2,0,0,0,0,186,0,0,0,0,0,1198,0,24,0,0,0,0,10,376,4,3,2,0,0,1,1218,490,5.967159277504105,72,186,0.15525876460767946,376,0.0,0,5.66988092298052,17.0,7761.714285714285,0.0,108664,0.0,71468
simple_adder,16,16,16.0,64,4,0,4,0,0,0,0,0,49,0,0,0,0,0,46,0,0,0,0,0,0,2,0,2,2,2,0,0,1,42,49,6.404761904761905,11,49,1.065217391304348,0,0.0,0,4.174387269895637,8.0,0.0,0.0,0,0.0,2391
simple_counter,8,6,7.0,14,2,0,0,1,0,0,0,0,21,0,0,0,0,0,61,0,0,0,0,0,0,2,8,1,1,2,0,0,1,70,27,4.357142857142857,3,21,0.3442622950819672,8,0.0,0,2.70805020110221,3.7416573867739413,56.0,0.0,112,0.0,2984
simple_dual_port_ram_dual_clock,8,6,7.0,28,4,0,0,2,0,0,0,0,0,0,0,0,0,0,3159,0,6,0,0,0,0,1,520,4,1,2,0,0,1,2131,2048,7.693101830126701,83,0,0.0,520,0.0,0,3.367295829986474,5.291502622129181,3640.0,0.0,14560,0.0,167345
simple_dual_port_ram_single_clock,8,6,7.0,28,4,0,0,2,0,0,0,0,0,0,0,0,0,0,3152,0,6,0,0,0,0,1,520,4,1,2,0,0,1,2132,2048,7.691838649155723,84,0,0.0,520,0.0,0,3.367295829986474,5.291502622129181,3640.0,0.0,14560,0.0,166954
simple_mux,64,6,35.0,70,2,0,0,0,0,0,0,0,0,0,0,0,0,0,116,0,0,0,0,0,0,1,0,2,1,2,0,0,1,148,66,5.087837837837838,16,0,0.0,0,0.0,0,4.2626798770413155,8.366600265340756,0.0,0.0,0,0.0,5956
simple_quad,32,5,20.0,360,18,10,0,0,0,0,0,4,0,0,0,0,0,0,181,0,0,0,0,0,0,0,0,7,2,2,0,0,1,129,164,7.984496124031008,16,4,0.022099447513812154,0,0.0,0,5.8888779583328805,18.973665961010276,0.0,0.0,0,0.0,10240
simple_uart,32,2,9.36,702,75,12,0,17,0,0,0,34,9,0,0,0,0,0,602,0,0,0,0,0,0,69,34,3,2,2,0,0,1,696,423,5.469827586206897,40,43,0.07142857142857142,34,0.0,0,6.555356891810665,26.49528259898354,318.24,0.0,23868,0.0,35190
simtop,64,7,30.555555555555557,275,9,1,0,3,0,2,0,0,0,0,0,0,0,91,608,2,1,110,0,0,0,116,187,8,3,2,110,0,1,292,116,3.993150684931507,8,2,0.003289473684210526,187,0.0,0,5.62040086571715,16.583123951777,5713.88888888889,0.0,51425,0.0,19676
sincronizador,1,1,1.0,1,0,0,0,0,1,0,0,0,145,0,0,0,0,0,65,0,0,0,0,0,0,1,25,1,1,2,0,0,1,57,27,8.824561403508772,16,145,2.230769230769231,25,0.0,0,0.6931471805599453,1.0,25.0,0.0,25,0.0,3673
sine_look_up,11,9,10.0,20,2,0,0,0,0,0,0,0,0,0,0,0,0,0,585,0,0,0,0,0,0,1,0,1,1,2,0,0,1,833,365,5.116446578631453,69,0,0.0,0,0.0,0,3.044522437723423,4.47213595499958,0.0,0.0,0,0.0,34653
sine_look_up2,11,9,10.0,20,2,0,0,0,0,0,0,0,0,0,0,0,0,0,583,0,0,0,0,0,0,1,0,1,1,2,0,0,1,817,361,5.089351285189719,63,0,0.0,0,0.0,0,3.044522437723423,4.47213595499958,0.0,0.0,0,0.0,34028
singlecyclecontrol,11,2,6.5,13,2,0,0,0,0,0,0,0,0,0,0,0,0,0,64,0,1,0,0,0,0,1,1,1,2,2,0,0,1,116,33,3.456896551724138,5,0,0.0,1,0.0,0,2.6390573296152584,3.605551275463989,6.5,0.0,13,0.0,3397
singlesm,2,2,2.0,2,1,0,0,0,0,0,0,0,0,0,0,0,0,0,35,0,0,0,0,0,0,1,5,1,2,2,0,0,1,64,12,2.640625,2,0,0.0,5,0.0,0,1.0986122886681098,1.4142135623730951,10.0,0.0,10,0.0,1510
single_address_rom,16,3,11.666666666666666,35,3,0,2,0,0,0,0,0,0,0,0,0,0,0,145,0,0,0,0,0,0,1,32,2,1,2,0,0,1,165,53,5.024242424242424,18,0,0.0,32,0.0,0,3.58351893845611,5.916079783099616,373.3333333333333,0.0,1120,0.0,7904
single_cycle_arbiter,32,32,32.0,64,2,2,0,0,0,0,0,0,0,0,0,0,0,0,100,0,1,0,0,0,0,1,0,1,1,2,0,0,1,135,69,4.607407407407408,11,0,0.0,0,0.0,0,4.174387269895637,8.0,0.0,0.0,0,0.0,5485
single_one_dcrreg,36,6,16.0,48,3,0,0,0,0,0,0,0,0,0,0,0,0,0,468,0,1,0,0,0,0,1,9,2,2,2,0,0,1,734,302,4.644414168937329,25,0,0.0,9,0.0,0,3.8918202981106265,6.928203230275509,144.0,0.0,432,0.0,27933
single_port_ram,8,6,7.333333333333333,22,3,0,0,2,0,0,0,0,0,0,0,0,0,0,3139,0,0,0,0,0,0,1,524,3,1,2,0,0,1,2120,2048,7.710849056603774,84,0,0.0,524,0.0,0,3.1354942159291497,4.69041575982343,3842.6666666666665,0.0,11528,0.0,166380
single_port_ram_with_init,8,6,7.333333333333333,22,3,0,0,2,0,0,0,0,0,0,0,0,0,0,3139,0,0,0,0,0,0,1,524,3,1,2,0,0,1,2120,2048,7.710849056603774,84,0,0.0,524,0.0,0,3.1354942159291497,4.69041575982343,3842.6666666666665,0.0,11528,0.0,166390
single_three_drcreg,36,6,10.285714285714286,72,7,0,0,0,0,0,0,0,0,0,0,0,0,0,1346,0,1,0,0,0,0,1,25,4,4,2,0,0,1,1862,832,4.883995703544576,33,0,0.0,25,0.0,0,4.290459441148391,8.48528137423857,257.14285714285717,0.0,1800,0.0,79446
single_two_dcrreg,36,6,12.0,60,5,0,0,0,0,0,0,0,0,0,0,0,0,0,871,0,1,0,0,0,0,1,17,3,3,2,0,0,1,1289,561,4.816136539953452,29,0,0.0,17,0.0,0,4.110873864173311,7.745966692414834,204.0,0.0,1020,0.0,51805
sipo,16,4,12.0,36,3,0,2,0,0,0,0,0,0,0,0,0,0,0,240,0,0,0,0,0,0,2,38,6,3,2,0,0,1,286,110,5.486013986013986,25,0,0.0,38,0.0,0,3.6109179126442243,6.0,456.0,0.0,1368,0.0,14119
sipo_4bit,4,4,4.0,4,1,0,0,0,0,0,0,0,0,0,0,0,0,0,29,0,0,0,0,0,0,1,4,1,1,2,0,0,1,47,13,3.276595744680851,1,0,0.0,4,0.0,0,1.6094379124341003,2.0,16.0,0.0,16,0.0,1387
sirv_aon_lclkgen_regs,32,8,24.0,72,3,2,0,1,0,0,0,0,0,0,0,0,0,0,68,0,33,0,0,0,0,1,1,3,2,2,0,0,1,50,67,4.42,2,0,0.0,1,0.0,0,4.290459441148391,8.48528137423857,24.0,0.0,72,0.0,3240
sirv_asyncresetregvec_1,5,5,5.0,10,2,0,0,0,0,0,0,0,5,0,0,0,0,0,37,0,5,0,0,0,0,1,30,2,1,2,0,0,1,48,7,3.2083333333333335,0,5,0.13513513513513514,30,0.0,0,2.3978952727983707,3.1622776601683795,150.0,0.0,300,0.0,1383
sirv_asyncresetregvec_129,20,20,20.0,40,2,0,0,0,0,0,0,0,20,0,0,0,0,0,106,0,20,0,0,0,0,1,120,2,1,2,0,0,1,108,22,5.037037037037037,17,20,0.18867924528301888,120,0.0,0,3.713572066704308,6.324555320336759,2400.0,0.0,4800,0.0,4958
sirv_asyncresetregvec_36,3,3,3.0,6,2,0,0,0,0,0,0,0,3,0,0,0,0,0,27,0,3,0,0,0,0,1,18,2,1,2,0,0,1,40,5,2.55,0,3,0.1111111111111111,18,0.0,0,1.9459101490553132,2.449489742783178,54.0,0.0,108,0.0,916
sirv_asyncresetregvec_67,32,32,32.0,64,2,2,0,0,0,0,0,0,32,0,0,0,0,0,170,0,32,0,0,0,0,1,192,2,1,2,0,0,1,156,34,5.487179487179487,17,32,0.18823529411764706,192,0.0,0,4.174387269895637,8.0,6144.0,0.0,12288,0.0,7985
sirv_clint,64,2,14.827586206896552,430,29,5,0,0,0,0,0,168,0,0,0,0,0,0,1672,0,96,0,0,0,0,4,129,14,14,2,0,0,1,1585,746,6.080757097791798,66,168,0.10047846889952153,129,0.0,0,6.066108090103747,20.73644135332772,1912.7586206896551,0.0,55470,0.0,93181
sirv_clint_top,64,32,42.666666666666664,256,6,4,0,0,0,0,0,0,744,0,0,0,0,0,1611,0,2,0,0,0,0,4,130,3,2,2,0,0,1,1502,743,6.562583222370173,68,744,0.4618249534450652,130,0.0,0,5.54907608489522,16.0,5546.666666666666,0.0,33280,0.0,96388
sirv_debug_ram,32,3,21.2,106,5,3,0,0,0,0,0,0,0,0,0,0,0,0,633,0,0,0,0,0,0,1,0,3,1,2,0,0,1,312,672,8.602564102564102,25,0,0.0,0,0.0,0,4.672828834461906,10.295630140987,0.0,0.0,0,0.0,32684
sirv_debug_rom,32,5,18.5,37,2,1,0,0,0,0,0,0,0,0,0,0,0,0,171,0,5,0,0,0,0,1,0,1,1,2,0,0,1,245,99,4.538775510204082,17,0,0.0,0,0.0,0,3.6375861597263857,6.082762530298219,0.0,0.0,0,0.0,9754
sirv_flash_qspi,32,2,7.987804878048781,655,82,4,0,12,0,0,0,0,2352,0,0,0,0,0,3555,0,179,833,0,0,0,34,359,26,25,2,833,0,1,2931,1227,7.2279085636301605,164,2352,0.6616033755274262,359,0.0,0,6.486160788944089,25.592967784139454,2867.6219512195125,0.0,235145,0.0,217600
sirv_gpio,32,2,20.62,1031,50,27,1,0,0,0,0,8,418,0,0,0,0,0,5489,0,195,0,0,0,0,25,768,14,14,2,0,0,1,5037,1991,6.2559062934286285,261,426,0.07760976498451448,768,0.0,0,6.939253946041508,32.109188716004645,15836.16,0.0,791808,0.0,345040
sirv_gpio_top,32,16,31.36,784,25,24,1,0,0,0,0,4,3132,0,0,0,0,0,5979,0,34,0,0,0,0,23,768,3,2,2,0,0,1,4960,2714,6.751209677419355,255,3136,0.5245024251547081,768,0.0,0,6.665683717782408,28.0,24084.48,0.0,602112,0.0,376359
sirv_hclkgen_regs,32,2,9.666666666666666,145,15,2,0,2,0,0,0,0,0,0,0,0,0,0,159,0,30,0,0,0,0,1,1,3,6,2,0,0,1,135,50,5.385185185185185,21,0,0.0,1,0.0,0,4.983606621708336,12.041594578792296,9.666666666666666,0.0,145,0.0,8164
sirv_mrom,32,10,21.0,42,2,1,0,0,0,0,0,14,0,0,0,0,0,0,54,0,32,0,0,0,0,1,0,1,1,2,0,0,1,37,64,4.864864864864865,3,14,0.25925925925925924,0,0.0,0,3.7612001156935624,6.48074069840786,0.0,0.0,0,0.0,2077
sirv_mrom_top,32,12,22.0,44,2,1,0,0,0,0,0,14,7,0,0,0,0,0,62,0,32,0,0,0,0,1,0,2,2,2,0,0,1,46,62,4.586956521739131,3,21,0.3387096774193548,0,0.0,0,3.8066624897703196,6.6332495807108,0.0,0.0,0,0.0,3226
sirv_plic_man,32,3,19.714285714285715,138,7,3,0,1,0,0,0,0,97,0,0,0,0,0,724,0,26,0,0,0,0,4,69,4,2,2,0,0,1,687,248,6.337700145560407,46,97,0.13397790055248618,69,0.0,0,4.9344739331306915,11.74734012447073,1360.2857142857144,0.0,9522,0.0,45206
sirv_pmu,32,2,27.25531914893617,1281,47,38,2,0,0,0,0,6,436,0,0,0,0,0,1980,0,463,0,0,0,0,8,1898,21,21,2,0,0,1,1296,498,7.669753086419753,136,442,0.22323232323232323,1898,0.0,0,7.156176637480615,35.79106033634656,51730.59574468085,0.0,2431338,0.0,131629
sirv_pmu_core,32,2,27.73913043478261,1276,46,38,2,0,0,0,0,6,45,0,0,0,0,0,1849,0,463,0,0,0,0,6,1883,22,21,2,0,0,1,1171,494,7.753202391118702,131,51,0.027582477014602487,1883,0.0,0,7.152268856032539,35.7211421989835,52232.782608695656,0.0,2402708,0.0,121788
sirv_pwm16,32,2,13.378378378378379,495,37,6,4,0,0,0,0,8,447,0,0,0,0,0,1795,0,103,0,0,0,0,12,611,14,14,2,0,0,1,1779,722,6.159078133783024,101,455,0.25348189415041783,611,0.0,0,6.206575926724928,22.24859546128699,8174.189189189189,0.0,302445,0.0,110893
sirv_pwm16_core,32,5,22.72,568,25,10,10,0,0,0,0,6,75,0,0,0,0,0,1608,0,125,0,0,0,0,6,1053,11,11,2,0,0,1,1420,540,6.214084507042253,94,81,0.05037313432835821,1053,0.0,0,6.343880434126331,23.83275057562597,23924.16,0.0,598104,0.0,94850
sirv_pwm16_top,32,5,22.285714285714285,312,14,5,4,0,0,0,0,0,1313,0,0,0,0,0,1874,0,6,0,0,0,0,12,611,3,2,2,0,0,1,1736,866,6.564516129032258,95,1313,0.7006403415154749,611,0.0,0,5.746203190540153,17.663521732655695,13616.571428571428,0.0,190632,0.0,117725
sirv_pwm8,32,2,11.81081081081081,437,37,6,0,4,0,0,0,8,337,0,0,0,0,0,1266,0,104,0,0,0,0,12,426,14,14,2,0,0,1,1209,463,6.005789909015715,69,345,0.2725118483412322,426,0.0,0,6.082218910376446,20.904544960366874,5031.405405405405,0.0,186162,0.0,75920
sirv_pwm8_core,32,4,18.48,462,25,10,0,10,0,0,0,6,51,0,0,0,0,0,1092,0,133,0,0,0,0,6,760,11,11,2,0,0,1,967,334,6.0175801447776625,68,57,0.0521978021978022,760,0.0,0,6.137727054086234,21.494185260204677,14044.800000000001,0.0,351120,0.0,63322
sirv_pwm8_top,32,4,18.142857142857142,254,14,5,0,4,0,0,0,0,931,0,0,0,0,0,1199,0,7,0,0,0,0,12,405,3,2,2,0,0,1,1171,604,6.356959863364645,66,931,0.7764804003336113,405,0.0,0,5.541263545158426,15.937377450509228,7347.857142857142,0.0,102870,0.0,76799
sirv_qspi_1cs,32,2,8.416666666666666,404,48,4,0,6,0,0,0,0,2292,0,0,0,0,0,2542,0,117,850,0,0,0,23,281,14,14,2,850,0,1,2060,852,7.618446601941748,128,2292,0.9016522423288749,281,0.0,0,6.003887067106539,20.09975124224178,2365.083333333333,0.0,113524,0.0,154336
sirv_qspi_1cs_top,32,2,8.84,221,25,3,0,6,0,0,0,0,3837,0,0,0,0,0,2801,0,14,852,0,0,0,23,281,3,2,2,852,0,1,1993,1543,8.38986452584044,123,3837,1.3698679043198858,281,0.0,0,5.402677381872279,14.866068747318506,2484.04,0.0,62101,0.0,172597
sirv_qspi_4cs,32,2,8.16,408,50,4,0,6,0,0,0,0,2275,0,0,0,0,0,2716,0,117,827,0,0,0,25,289,14,14,2,827,0,1,2284,955,7.324868651488616,132,2275,0.8376288659793815,289,0.0,0,6.013715156042802,20.199009876724155,2358.2400000000002,0.0,117912,0.0,164216
sirv_qspi_4cs_top,32,2,8.333333333333334,225,27,3,0,6,0,0,0,0,3860,0,0,0,0,0,2944,0,14,841,0,0,0,25,289,3,2,2,841,0,1,2143,1562,8.176388240783949,126,3860,1.3111413043478262,289,0.0,0,5.420534999272286,15.0,2408.3333333333335,0.0,65025,0.0,180385
sirv_qspi_arbiter,8,2,6.153846153846154,80,13,0,0,9,0,0,0,0,0,0,0,0,0,0,143,0,16,0,0,0,0,2,2,8,6,2,0,0,1,145,57,4.641379310344828,11,0,0.0,2,0.0,0,4.394449154672439,8.94427190999916,12.307692307692308,0.0,160,0.0,8626
sirv_qspi_fifo,8,2,4.714285714285714,66,14,0,0,5,0,0,0,14,755,0,0,0,0,0,1012,0,9,1,0,0,0,4,145,8,5,2,1,0,1,830,512,7.45421686746988,61,769,0.7598814229249012,145,0.0,0,4.204692619390966,8.12403840463596,683.5714285714286,0.0,9570,0.0,58456
sirv_qspi_media,12,2,7.5625,121,16,0,0,9,0,0,0,6,373,0,0,0,0,0,689,0,1,0,0,0,0,8,68,9,2,2,0,0,1,767,373,5.945241199478487,49,379,0.5500725689404935,68,0.0,0,4.804021044733257,11.0,514.25,0.0,8228,0.0,42255
sirv_qspi_media_1,12,2,6.944444444444445,125,18,0,0,9,0,0,0,6,370,0,0,0,0,0,761,0,1,0,0,0,0,9,72,10,2,2,0,0,1,859,370,5.838183934807916,52,376,0.4940867279894875,72,0.0,0,4.836281906951478,11.180339887498949,500.0,0.0,9000,0.0,46659
sirv_qspi_media_2,12,2,7.5625,121,16,0,0,9,0,0,0,6,373,0,0,0,0,0,689,0,1,0,0,0,0,8,68,9,2,2,0,0,1,767,373,5.945241199478487,49,379,0.5500725689404935,68,0.0,0,4.804021044733257,11.0,514.25,0.0,8228,0.0,42257
sirv_qspi_physical,12,2,8.538461538461538,111,13,0,0,5,0,0,0,6,103,0,0,0,0,0,536,0,2,0,0,0,0,9,61,5,2,2,0,0,1,584,191,5.571917808219178,46,109,0.20335820895522388,61,0.0,0,4.718498871295094,10.535653752852738,520.8461538461538,0.0,6771,0.0,31710
sirv_qspi_physical_1,12,2,8.538461538461538,111,13,0,0,5,0,0,0,18,103,0,0,0,0,0,541,0,5,0,0,0,0,9,61,5,2,2,0,0,1,589,191,5.5534804753820035,46,121,0.22365988909426987,61,0.0,0,4.718498871295094,10.535653752852738,520.8461538461538,0.0,6771,0.0,31929
sirv_qspi_physical_2,12,2,8.538461538461538,111,13,0,0,5,0,0,0,12,103,0,0,0,0,0,536,0,2,0,0,0,0,9,61,5,2,2,0,0,1,586,191,5.5563139931740615,46,115,0.21455223880597016,61,0.0,0,4.718498871295094,10.535653752852738,520.8461538461538,0.0,6771,0.0,31719
sirv_queue,32,4,14.0,112,8,2,0,0,0,0,0,6,0,0,0,0,0,0,223,0,59,0,0,0,0,1,58,5,5,2,0,0,1,62,96,14.53225806451613,19,6,0.026905829596412557,58,0.0,0,4.727387818712341,10.583005244258363,812.0,0.0,6496,0.0,13013
sirv_queue_1,8,3,5.75,23,4,0,0,2,0,0,0,0,0,0,0,0,0,0,449,0,0,0,0,0,0,2,71,2,3,2,0,0,1,359,256,6.612813370473537,30,0,0.0,71,0.0,0,3.1780538303479458,4.795831523312719,408.25,0.0,1633,0.0,23931
sirv_repeater_6,30,2,8.166666666666666,147,18,0,0,3,0,0,0,0,0,0,0,0,0,0,412,0,0,0,0,0,0,7,51,7,7,2,0,0,1,432,206,5.5717592592592595,21,0,0.0,51,0.0,0,4.997212273764115,12.12435565298214,416.49999999999994,0.0,7497,0.0,25428
sirv_resetcatchandsync_2,20,20,20.0,20,1,0,0,0,0,0,0,6,40,0,0,0,0,0,74,0,0,0,0,0,0,2,101,1,1,2,0,0,1,52,41,5.346153846153846,10,46,0.6216216216216216,101,0.0,0,3.044522437723423,4.47213595499958,2020.0,0.0,2020,0.0,3840
sirv_rtc,42,32,33.125,530,16,14,0,0,0,0,0,220,125,0,0,0,0,0,1206,0,109,0,0,0,0,3,822,8,8,2,0,0,1,1002,316,6.754491017964072,65,345,0.2860696517412935,822,0.0,0,6.274762021241939,23.021728866442675,27228.75,0.0,435660,0.0,73486
sirv_sim_ram,32,4,25.0,100,4,3,0,0,0,0,0,0,0,0,0,0,0,0,106679,0,0,0,0,0,0,1,16393,4,1,2,0,0,1,73474,65536,7.840324468519476,4476,0,0.0,16393,0.0,0,4.61512051684126,10.0,409825.0,0.0,1639300,0.0,6468560
sirv_spigpioport_2,1,1,1.0,1,0,0,0,0,1,0,0,40,0,0,0,0,0,0,103,0,26,0,0,0,0,1,12,1,1,2,0,0,1,99,26,3.686868686868687,9,40,0.3883495145631068,12,0.0,0,0.6931471805599453,1.0,12.0,0.0,12,0.0,5383
sirv_tlfragmenter_qspi_1,30,2,7.803571428571429,437,56,0,0,8,0,0,0,10,145,0,0,0,0,0,766,0,170,0,0,0,0,11,55,24,24,2,0,0,1,636,250,6.089622641509434,39,155,0.20234986945169714,55,0.0,0,6.082218910376446,20.904544960366874,429.1964285714286,0.0,24035,0.0,48447
sirv_tlwidthwidget_qspi,32,2,9.019607843137255,460,51,4,0,4,0,0,0,292,0,0,0,0,0,0,526,0,207,0,0,0,0,3,26,25,26,2,0,0,1,334,207,6.598802395209581,35,292,0.5551330798479087,26,0.0,0,6.133398042996649,21.447610589527216,234.50980392156862,0.0,11960,0.0,28919
sirv_tl_repeater_5,32,2,11.0,231,21,3,0,0,0,0,0,0,0,0,0,0,0,0,611,0,0,0,0,0,0,8,78,8,8,2,0,0,1,622,314,5.827974276527331,24,0,0.0,78,0.0,0,5.44673737166631,15.198684153570664,858.0,0.0,18018,0.0,37926
sirv_uartrx,16,2,7.111111111111111,64,9,0,1,1,0,0,0,0,103,0,0,0,0,0,313,0,0,8,0,0,0,8,37,2,2,2,8,0,1,344,104,5.549418604651163,36,103,0.329073482428115,37,0.0,0,4.174387269895637,8.0,263.1111111111111,0.0,2368,0.0,17950
sirv_uarttx,16,4,11.333333333333334,68,6,0,3,2,0,0,0,0,144,0,0,0,0,0,299,0,0,13,0,0,0,5,30,3,1,2,13,0,1,339,144,5.536873156342183,35,144,0.4816053511705686,30,0.0,0,4.23410650459726,8.246211251235321,340.0,0.0,2040,0.0,17477
sirv_wdog,32,5,25.823529411764707,439,17,10,4,0,0,0,0,242,85,0,0,0,0,0,890,0,125,0,0,0,0,4,665,8,8,2,0,0,1,724,249,6.4654696132596685,63,327,0.36741573033707864,665,0.0,0,6.0867747269123065,20.952326839756964,17172.64705882353,0.0,291935,0.0,52867
siso,4,4,4.0,4,1,0,0,0,0,0,0,0,0,0,0,0,0,0,21,0,0,0,0,0,0,2,5,1,1,2,0,0,1,31,9,3.2580645161290325,0,0,0.0,5,0.0,0,1.6094379124341003,2.0,20.0,0.0,20,0.0,834
siso_4bit,4,4,4.0,4,1,0,0,0,0,0,0,0,0,0,0,0,0,0,29,0,0,0,0,0,0,1,4,1,1,2,0,0,1,47,13,3.276595744680851,1,0,0.0,4,0.0,0,1.6094379124341003,2.0,16.0,0.0,16,0.0,1387
siso_left_nb,8,8,8.0,16,2,0,0,2,0,0,0,0,0,0,0,0,0,0,158,0,0,0,0,0,0,1,64,2,1,2,0,0,1,25,128,28.8,12,0,0.0,64,0.0,0,2.833213344056216,4.0,512.0,0.0,1024,0.0,9532
siso_left_right_nb,8,2,6.0,18,3,0,0,2,0,0,0,0,0,0,0,0,0,0,243,0,0,0,0,0,0,1,32,3,1,2,0,0,1,242,176,6.086776859504132,21,0,0.0,32,0.0,0,2.9444389791664403,4.242640687119285,192.0,0.0,576,0.0,14765
siso_right_nb,8,8,8.0,16,2,0,0,2,0,0,0,0,0,0,0,0,0,0,158,0,0,0,0,0,0,1,64,2,1,2,0,0,1,25,128,28.8,12,0,0.0,64,0.0,0,2.833213344056216,4.0,512.0,0.0,1024,0.0,9533
siso_using_param,8,8,8.0,8,1,0,0,1,0,0,0,0,0,0,0,0,0,0,55,0,0,0,0,0,0,1,8,1,1,2,0,0,1,89,30,4.134831460674158,6,0,0.0,8,0.0,0,2.1972245773362196,2.8284271247461903,64.0,0.0,64,0.0,2969
sixteenbitadder,16,4,5.714285714285714,80,14,0,2,0,0,0,0,0,0,0,0,0,0,0,13,0,0,0,0,0,0,1,0,2,2,2,0,0,1,19,6,2.5789473684210527,0,0,0.0,0,0.0,0,4.394449154672439,8.94427190999916,0.0,0.0,0,0.0,362
sixway_16bitmux,16,3,14.375,115,8,0,7,0,0,0,0,0,0,0,0,0,0,0,108,0,0,0,0,0,0,1,0,7,1,2,0,0,1,133,56,5.977443609022556,25,0,0.0,0,0.0,0,4.7535901911063645,10.723805294763608,0.0,0.0,0,0.0,6197
size_fifo,8,3,6.545454545454546,72,11,0,0,5,0,0,0,0,42,0,0,0,0,0,2808,0,1,1,0,0,0,10,432,2,2,2,1,0,1,2114,1536,7.822611163670766,173,42,0.014957264957264958,432,0.0,0,4.290459441148391,8.48528137423857,2827.636363636364,0.0,31104,0.0,162962
skip,9,6,8.142857142857142,57,7,0,0,3,0,0,0,0,84,0,0,0,0,0,197,0,0,0,0,0,0,4,10,4,2,2,0,0,1,247,80,5.291497975708502,30,84,0.4263959390862944,10,0.0,0,4.060443010546419,7.54983443527075,81.42857142857142,0.0,570,0.0,11207
slave,8,8,8.0,8,1,0,0,1,0,0,0,0,0,0,0,0,0,0,101,0,0,0,0,0,0,1,34,2,1,2,0,0,1,154,46,4.6558441558441555,14,0,0.0,34,0.0,0,2.1972245773362196,2.8284271247461903,272.0,0.0,272,0.0,6087
slave_controller,5,2,3.0,9,3,0,0,0,0,0,0,0,0,0,0,0,0,0,200,0,0,9,0,0,0,2,15,2,2,2,9,0,1,293,103,4.4709897610921505,23,0,0.0,15,0.0,0,2.302585092994046,3.0,45.0,0.0,135,0.0,11964
slave_timer,4,4,4.0,4,1,0,0,0,0,0,0,0,0,0,0,0,0,0,76,0,0,0,0,0,0,2,8,1,1,2,0,0,1,136,42,3.8970588235294117,7,0,0.0,8,0.0,0,1.6094379124341003,2.0,32.0,0.0,32,0.0,4603
slice_data,256,2,19.25409836065574,2349,122,6,19,9,0,0,0,0,214,0,0,0,0,0,12094,0,210,0,0,7,0,19,1746,32,193,2,0,0,1,9595,3964,6.7611255862428346,383,214,0.01769472465685464,1746,0.0,0,7.762170607138205,48.46648326421054,33617.65573770492,0.0,4101354,0.0,731948
slice_header,16,2,5.541666666666667,133,24,0,1,3,0,0,0,0,0,0,0,0,0,0,621,0,2,0,0,7,0,2,73,11,82,2,0,0,1,581,180,5.855421686746988,44,0,0.0,73,0.0,0,4.897839799950911,11.532562594670797,404.5416666666667,0.0,9709,0.0,38521
slowclock,24,22,23.0,46,2,0,0,0,0,0,0,0,69,0,0,0,0,0,156,0,0,0,0,0,0,3,24,1,1,2,0,0,1,181,82,5.265193370165746,18,69,0.4423076923076923,24,0.0,0,3.8501476017100584,6.782329983125268,552.0,0.0,1104,0.0,8958
slower_clock,16,14,15.0,30,2,0,1,0,0,0,0,0,45,0,0,0,0,0,98,0,0,0,0,0,0,3,17,1,1,2,0,0,1,120,54,5.083333333333333,17,45,0.45918367346938777,17,0.0,0,3.4339872044851463,5.477225575051661,255.0,0.0,510,0.0,5669
slow_clk,27,27,27.0,27,1,0,0,0,0,1,0,0,1,0,0,0,0,3,43,1,0,1,0,0,0,0,2,1,1,2,1,0,1,15,5,1.6666666666666667,0,2,0.046511627906976744,2,0.0,0,3.332204510175204,5.196152422706632,54.0,0.0,54,0.0,268
slow_clock,32,30,31.0,62,2,1,0,0,0,0,0,0,93,0,0,0,0,0,188,0,0,0,0,0,0,3,33,1,1,2,0,0,1,186,98,6.198924731182796,18,93,0.4946808510638298,33,0.0,0,4.143134726391533,7.874007874011811,1023.0,0.0,2046,0.0,10793
slow_decade,4,4,4.0,4,1,0,0,0,0,0,0,0,0,0,0,0,0,0,28,0,0,0,0,0,0,1,4,1,1,2,0,0,1,62,18,2.870967741935484,2,0,0.0,4,0.0,0,1.6094379124341003,2.0,16.0,0.0,16,0.0,1401
smallalu,8,2,6.5,26,4,0,0,3,0,0,0,0,0,0,0,0,0,0,157,0,0,0,0,0,0,1,8,4,1,2,0,0,1,252,90,4.428571428571429,12,0,0.0,8,0.0,0,3.295836866004329,5.0990195135927845,52.0,0.0,208,0.0,8900
smpu_comp_hit,32,4,25.0,100,4,3,0,0,0,0,0,6,0,0,0,0,0,0,140,0,2,0,0,0,0,1,0,4,1,2,0,0,1,190,70,4.147368421052631,11,6,0.04285714285714286,0,0.0,0,4.61512051684126,10.0,0.0,0.0,0,0.0,7721
smu,8,6,6.8,68,10,0,0,4,0,0,0,0,0,0,0,0,0,0,190,0,0,0,0,0,0,1,40,5,46,2,0,0,1,141,42,7.0638297872340425,27,0,0.0,40,0.0,0,4.23410650459726,8.246211251235321,272.0,0.0,2720,0.0,9640
smult,16,7,9.5,38,4,0,1,1,0,0,0,18,736,0,0,0,0,0,367,0,7,0,0,0,0,2,0,3,1,2,0,0,1,203,701,10.738916256157635,23,754,2.0544959128065394,0,0.0,0,3.6635616461296463,6.164414002968976,0.0,0.0,0,0.0,22350
smult_pipe,19,4,10.5,63,6,0,0,0,0,0,0,0,815,0,0,0,0,0,449,0,7,0,0,0,0,4,24,3,1,2,0,0,1,224,741,11.513392857142858,29,815,1.8151447661469933,24,0.0,0,4.1588830833596715,7.937253933193772,252.0,0.0,1512,0.0,28247
sm_dpmem_dc,8,6,7.0,28,4,0,0,2,0,0,0,0,0,0,0,0,0,0,2903,0,0,0,0,0,0,1,520,4,1,2,0,0,1,2071,2048,8.31578947368421,142,0,0.0,520,0.0,0,3.367295829986474,5.291502622129181,3640.0,0.0,14560,0.0,178710
sm_hex_display,7,4,5.5,11,2,0,0,0,0,0,0,0,0,0,0,0,0,0,49,0,0,0,0,0,0,1,0,1,1,2,0,0,1,78,26,3.7564102564102564,4,0,0.0,0,0.0,0,2.4849066497880004,3.3166247903554,0.0,0.0,0,0.0,2504
sm_register,32,32,32.0,64,2,2,0,0,0,0,0,0,0,0,0,0,0,0,75,0,0,0,0,0,0,0,33,2,1,2,0,0,1,15,34,22.266666666666666,10,0,0.0,33,0.0,0,4.174387269895637,8.0,1056.0,0.0,2112,0.0,3279
sn74ls148n,1,1,1.0,1,0,0,0,0,1,0,0,0,0,0,0,0,0,0,29,0,0,0,0,0,0,1,0,1,1,2,0,0,1,68,16,2.8529411764705883,2,0,0.0,0,0.0,0,0.6931471805599453,1.0,0.0,0.0,0,0.0,1420
sn74ls49,1,1,1.0,1,0,0,0,0,1,0,0,0,0,0,0,0,0,0,44,0,0,0,0,0,0,1,0,1,1,2,0,0,1,78,22,3.1923076923076925,4,0,0.0,0,0.0,0,0.6931471805599453,1.0,0.0,0.0,0,0.0,2116
snd_clkgen,7,7,7.0,21,3,0,0,0,0,0,0,0,0,0,0,0,0,0,147,0,0,0,0,0,0,1,23,1,4,2,0,0,1,183,56,4.683060109289618,20,0,0.0,23,0.0,0,3.091042453358316,4.58257569495584,161.0,0.0,483,0.0,8216
snd_fft,33,16,27.0,162,6,2,2,0,0,0,0,0,15,0,0,0,0,0,192,0,16,15,0,0,0,3,16,3,2,2,15,0,1,231,69,5.025974025974026,26,15,0.078125,16,0.0,0,5.093750200806762,12.727922061357855,432.0,0.0,2592,0.0,10948
snd_outgen,32,2,16.375,131,8,2,2,0,0,0,0,0,0,0,0,0,0,0,404,0,0,0,0,0,0,3,29,7,1,2,0,0,1,468,194,5.215811965811966,35,0,0.0,29,0.0,0,4.882801922586371,11.445523142259598,474.875,0.0,3799,0.0,23643
snd_regctrl,32,2,20.1,201,10,5,0,1,0,0,0,0,0,0,0,0,0,0,917,0,0,0,0,0,0,1,165,4,8,2,0,0,1,720,330,7.588888888888889,58,0,0.0,165,0.0,0,5.308267697401205,14.177446878757825,3316.5000000000005,0.0,33165,0.0,54433
snd_vramctrl,64,2,21.625,173,8,1,0,0,0,0,0,0,0,0,0,0,0,0,441,0,0,0,0,0,0,4,28,5,2,2,0,0,1,495,183,5.4080808080808085,35,0,0.0,28,0.0,0,5.159055299214529,13.152946437965905,605.5,0.0,4844,0.0,25084
soc_arb,32,2,11.044444444444444,994,90,23,0,10,0,0,0,0,3145,0,0,0,0,0,4230,0,278,0,0,0,0,24,403,39,30,2,0,0,1,3117,1402,7.638755213346166,144,3145,0.7434988179669031,403,0.0,0,6.902742737158593,31.52776554086889,4450.9111111111115,0.0,400582,0.0,264522
soc_axi_arb,32,2,11.08860759493671,876,79,20,0,10,0,0,0,0,90,0,0,0,0,0,1138,0,182,0,0,0,0,5,19,46,31,2,0,0,1,832,299,7.106971153846154,61,90,0.07908611599297012,19,0.0,0,6.776506992372183,29.597297173897484,210.68354430379748,0.0,16644,0.0,68637
soc_axi_dist,32,2,12.097560975609756,496,41,12,0,4,0,0,0,0,0,0,0,0,0,0,635,0,233,0,0,0,0,5,18,19,20,2,0,0,1,359,233,6.866295264623956,41,0,0.0,18,0.0,0,6.208590026096629,22.271057451320086,217.7560975609756,0.0,8928,0.0,35451
soc_axi_retime,32,2,10.114285714285714,354,35,8,0,4,0,0,0,0,631,0,0,0,0,0,1401,0,0,0,0,0,0,6,368,16,16,2,0,0,1,911,368,8.559824368825467,76,631,0.4503925767309065,368,0.0,0,5.872117789475416,18.81488772222678,3722.057142857143,0.0,130272,0.0,88289
soc_fpga_ram,2,2,2.0,6,3,0,0,0,0,0,0,0,0,0,0,0,0,0,77,0,0,0,0,0,0,1,10,3,1,2,0,0,1,95,32,4.494736842105263,9,0,0.0,10,0.0,0,1.9459101490553132,2.449489742783178,20.0,0.0,60,0.0,4106
soc_system_button_pio,32,2,10.0,90,9,2,0,0,0,0,0,0,0,0,0,0,0,0,147,0,28,0,0,0,0,6,20,4,2,2,0,0,1,125,64,5.576,16,0,0.0,20,0.0,0,4.51085950651685,9.486832980505138,200.0,0.0,1800,0.0,7439
soc_system_cnn_inst_info,32,2,24.5,98,4,3,0,0,0,0,0,0,0,0,0,0,0,0,120,0,0,0,0,0,0,2,32,3,1,2,0,0,1,59,65,10.254237288135593,16,0,0.0,32,0.0,0,4.59511985013459,9.899494936611665,784.0,0.0,3136,0.0,7159
soc_system_dipsw_pio,32,2,10.0,90,9,2,0,0,0,0,0,0,0,0,0,0,0,0,146,0,28,0,0,0,0,6,20,4,2,2,0,0,1,121,64,5.644628099173554,16,0,0.0,20,0.0,0,4.51085950651685,9.486832980505138,200.0,0.0,1800,0.0,7319
soc_system_hps_only_master_b2p_adapter,8,8,8.0,24,3,0,0,3,0,0,0,0,0,0,0,0,0,0,32,0,11,0,0,0,0,1,0,3,2,2,0,0,1,35,11,3.057142857142857,1,0,0.0,0,0.0,0,3.2188758248682006,4.898979485566356,0.0,0.0,0,0.0,1260
soc_system_jtag_uart,32,5,12.75,102,8,2,0,2,0,0,0,0,0,0,0,0,0,0,157,0,19,84,0,4,0,4,10,2,2,2,84,0,1,200,43,4.015,18,0,0.0,10,0.0,0,4.634728988229636,10.099504938362077,127.5,0.0,1020,0.0,8225
soc_system_led_pio,32,2,18.25,73,4,2,0,0,0,0,0,54,0,0,0,0,0,0,78,0,25,0,0,0,0,1,7,3,2,2,0,0,1,63,34,5.2063492063492065,5,54,0.6923076923076923,7,0.0,0,4.30406509320417,8.54400374531753,127.75,0.0,511,0.0,3462
soc_system_pio_0,32,2,24.5,98,4,3,0,0,0,0,0,0,0,0,0,0,0,0,120,0,0,0,0,0,0,2,32,3,1,2,0,0,1,59,65,10.254237288135593,16,0,0.0,32,0.0,0,4.59511985013459,9.899494936611665,784.0,0.0,3136,0.0,7151
softplus_h7,18,3,11.5,92,8,0,3,0,0,0,0,12,0,0,0,0,0,0,294,0,4,0,0,0,0,4,53,3,3,2,0,0,1,317,126,5.652996845425868,32,12,0.04081632653061224,53,0.0,0,4.532599493153256,9.591663046625438,609.5,0.0,4876,0.0,16314
softstep_h7,18,3,12.214285714285714,171,14,0,5,0,0,0,0,20,215,0,0,0,0,0,591,0,8,0,0,0,0,7,108,3,6,2,0,0,1,541,233,6.615526802218114,41,235,0.3976311336717428,108,0.0,0,5.147494476813453,13.076696830622021,1319.142857142857,0.0,18468,0.0,33129
softstep_h7deriv,18,3,11.875,95,8,0,3,0,0,0,0,12,10,0,0,0,0,0,289,0,4,0,0,0,0,4,54,3,3,2,0,0,1,320,127,5.6375,33,22,0.07612456747404844,54,0.0,0,4.564348191467836,9.746794344808963,641.25,0.0,5130,0.0,16358
solver,78,2,51.97142857142857,1819,35,0,0,0,0,0,0,0,12547,0,0,0,0,0,6006,0,0,0,0,0,0,31,1195,4,2775,2,0,0,1,1540,3012,24.15064935064935,241,12547,2.089077589077589,1195,0.0,0,7.506591780070841,42.649736224272246,62105.85714285714,0.0,2173705,0.0,387959
somadorsubtrator,64,62,63.5,254,4,0,0,0,0,0,0,0,192,0,0,0,0,0,909,0,1,0,0,0,0,2,0,3,2,2,0,0,1,1210,555,5.0438016528925615,27,192,0.21122112211221122,0,0.0,0,5.541263545158426,15.937377450509228,0.0,0.0,0,0.0,55165
songs,33,2,29.333333333333332,1056,36,16,0,0,0,0,0,0,8049,0,0,0,0,0,4750,0,31,0,0,0,0,35,545,2,1,2,0,0,1,2614,1596,12.606732976281561,252,8049,1.6945263157894737,545,0.0,0,6.963189985870238,32.49615361854384,15986.666666666666,0.0,575520,0.0,285335
sonic,33,21,29.0,87,3,0,0,0,0,0,0,0,0,0,0,0,0,0,1463,0,5,0,0,0,0,3,83,1,2,2,0,0,1,2112,868,5.023200757575758,48,0,0.0,83,0.0,0,4.477336814478207,9.327379053088816,2407.0,0.0,7221,0.0,91575
sort4,16,16,16.0,128,8,0,8,0,0,0,0,0,0,0,0,0,0,0,788,0,0,0,0,0,0,1,0,5,4,2,0,0,1,1036,465,5.207528957528957,41,0,0.0,0,0.0,0,4.859812404361672,11.313708498984761,0.0,0.0,0,0.0,46178
sort_index,490,6,328.6666666666667,986,3,0,0,0,0,0,0,0,0,0,0,0,0,0,2834,0,0,0,0,0,0,2,496,2,1,2,0,0,1,1881,1458,8.738968633705475,86,0,0.0,496,0.0,0,6.894670039433482,31.400636936215164,163018.6666666667,0.0,489056,0.0,185741
soundweb_encoder,8,8,8.0,336,42,0,0,42,0,0,0,0,0,0,0,0,0,0,2635,0,103,0,0,0,0,1,0,13,29,2,0,0,1,3232,1467,5.418935643564357,131,0,0.0,0,0.0,0,5.820082930352362,18.33030277982336,0.0,0.0,0,0.0,155777
sound_wave,16,2,10.5,42,4,0,2,1,0,0,0,0,0,0,0,0,0,0,50,0,0,0,0,0,0,1,0,2,1,2,0,0,1,78,24,3.6923076923076925,9,0,0.0,0,0.0,0,3.7612001156935624,6.48074069840786,0.0,0.0,0,0.0,2541
spdif,32,7,14.666666666666666,88,6,1,2,1,0,0,0,0,24,0,0,0,0,0,423,0,0,7,0,0,0,6,59,2,1,2,7,0,1,473,144,5.441860465116279,38,24,0.05673758865248227,59,0.0,0,4.48863636973214,9.38083151964686,865.3333333333333,0.0,5192,0.0,25783
spdif_bmc_encoder,4,2,3.0,9,3,0,0,0,0,0,0,0,0,0,0,0,0,0,68,0,0,32,0,0,0,3,9,2,1,2,32,0,1,102,23,3.5,4,0,0.0,9,0.0,0,2.302585092994046,3.0,27.0,0.0,81,0.0,3413
spdif_tx,24,2,15.125,121,8,0,0,1,0,0,0,0,0,0,0,0,0,0,504,0,0,88,0,0,0,8,83,2,1,2,88,0,1,506,159,5.873517786561265,37,0,0.0,83,0.0,0,4.804021044733257,11.0,1255.375,0.0,10043,0.0,31018
spdr,8,8,8.0,24,3,0,0,3,0,0,0,0,0,0,0,0,0,0,55,0,0,0,0,0,0,1,8,3,1,2,0,0,1,69,18,4.521739130434782,3,0,0.0,8,0.0,0,3.2188758248682006,4.898979485566356,64.0,0.0,192,0.0,2840
speaker_mic_led,12,12,12.0,36,3,0,0,0,0,0,0,0,0,0,0,0,0,0,60,0,0,0,0,0,0,0,24,2,2,2,0,0,1,14,50,14.785714285714286,9,0,0.0,24,0.0,0,3.6109179126442243,6.0,288.0,0.0,864,0.0,2547
specializedmux,8,8,8.0,24,3,0,0,3,0,0,0,0,0,0,0,0,0,0,52,0,0,0,0,0,0,1,0,3,1,2,0,0,1,76,25,3.6447368421052633,5,0,0.0,0,0.0,0,3.2188758248682006,4.898979485566356,0.0,0.0,0,0.0,2562
special_case,32,32,32.0,96,3,3,0,0,0,0,0,0,0,0,0,0,0,0,173,0,0,0,1,0,0,1,32,2,2,2,1,0,1,196,107,5.969387755102041,22,0,0.0,32,0.0,1,4.574710978503383,9.797958971132712,1024.0,0.0,3072,0.0,9629
special_case_div,32,32,32.0,96,3,3,0,0,0,0,0,0,0,0,0,0,0,0,91,0,29,0,1,0,0,1,2,2,2,2,1,0,1,96,65,4.802083333333333,7,0,0.0,2,0.0,1,4.574710978503383,9.797958971132712,64.0,0.0,192,0.0,3612
special_case_mul,32,32,32.0,96,3,3,0,0,0,0,0,0,0,0,0,0,0,0,97,0,29,0,1,0,0,1,2,2,2,2,1,0,1,102,65,4.823529411764706,7,0,0.0,2,0.0,1,4.574710978503383,9.797958971132712,64.0,0.0,192,0.0,3879
special_case_sqrt,32,32,32.0,64,2,2,0,0,0,0,0,0,0,0,0,0,0,0,71,0,30,0,1,0,0,1,2,1,2,2,1,0,1,66,66,4.696969696969697,6,0,0.0,2,0.0,1,4.174387269895637,8.0,64.0,0.0,128,0.0,2490
speed_controller,8,8,8.0,56,7,0,0,7,0,0,0,0,88,0,0,0,0,0,319,0,0,0,0,0,0,4,62,4,1,2,0,0,1,378,129,4.944444444444445,31,88,0.27586206896551724,62,0.0,0,4.04305126783455,7.483314773547883,496.0,0.0,3472,0.0,17995
speed_controller_sm,21,3,12.0,24,2,0,0,0,0,0,0,12,0,0,0,0,0,0,87,0,11,0,0,0,0,1,0,2,1,2,0,0,1,127,38,3.8818897637795278,10,12,0.13793103448275862,0,0.0,0,3.2188758248682006,4.898979485566356,0.0,0.0,0,0.0,4513
speed_selector,3,3,3.0,3,1,0,0,0,0,0,0,0,0,0,0,0,0,0,49,0,0,0,0,0,0,1,4,1,1,2,0,0,1,88,22,3.272727272727273,3,0,0.0,4,0.0,0,1.3862943611198906,1.7320508075688772,12.0,0.0,12,0.0,2421
spi,32,2,21.428571428571427,150,7,2,0,0,0,0,0,0,186,0,0,0,0,0,488,0,0,0,0,0,0,7,82,2,1,2,0,0,1,412,135,6.980582524271845,37,186,0.38114754098360654,82,0.0,0,5.017279836814924,12.24744871391589,1757.142857142857,0.0,12300,0.0,27310
spiflash,32,1,14.416666666666666,173,12,3,0,1,1,0,0,92,105,0,0,0,0,0,504,0,46,1,0,0,0,8,63,3,4,2,1,0,1,461,131,6.1778741865509765,47,197,0.39087301587301587,63,0.0,0,5.159055299214529,13.152946437965905,908.25,0.0,10899,0.0,28933
spimaster,9,3,5.555555555555555,50,9,0,0,2,0,1,1,1,0,8,4,0,0,15,103,4,0,4,6,0,2,7,8,5,4,2,12,0,1,41,15,4.585365853658536,2,3,0.02912621359223301,8,0.11650485436893204,8,3.9318256327243257,7.0710678118654755,44.44444444444444,0.9320388349514563,400,44.44444444444444,1800
spimasterwishbonebi,8,8,8.0,48,6,0,0,6,0,0,0,0,0,0,0,0,0,0,70,0,0,42,0,0,0,1,1,6,2,2,42,0,1,85,26,3.988235294117647,6,0,0.0,1,0.0,0,3.8918202981106265,6.928203230275509,8.0,0.0,48,0.0,3628
spitxrxdata,8,8,8.0,56,7,0,0,7,0,0,0,0,0,0,0,0,0,0,145,0,0,0,0,0,0,1,18,6,3,2,0,0,1,170,46,4.794117647058823,17,0,0.0,18,0.0,0,4.04305126783455,7.483314773547883,144.0,0.0,1008,0.0,7709
spi_clgen,2,2,2.0,4,2,0,0,0,0,0,0,0,0,0,0,0,0,0,54,0,0,0,0,0,0,2,5,2,1,2,0,0,1,113,23,3.088495575221239,4,0,0.0,5,0.0,0,1.6094379124341003,2.0,10.0,0.0,20,0.0,2906
spi_control,32,6,15.166666666666666,91,6,1,0,2,0,0,0,0,93,0,0,0,0,0,372,0,0,0,0,0,0,4,62,3,2,2,0,0,1,429,126,5.426573426573427,30,93,0.25,62,0.0,0,4.5217885770490405,9.539392014169456,940.3333333333333,0.0,5642,0.0,22587
spi_controller,16,8,12.0,24,2,0,1,1,0,0,0,0,0,0,0,0,0,0,87,0,0,0,0,0,0,1,13,2,2,2,0,0,1,130,28,3.9384615384615387,12,0,0.0,13,0.0,0,3.2188758248682006,4.898979485566356,156.0,0.0,312,0.0,4759
spi_ee_config,16,4,9.5,76,8,0,1,3,0,0,0,0,112,0,0,0,0,0,469,0,0,0,0,0,0,7,81,1,3,2,0,0,1,482,120,5.668049792531121,44,112,0.23880597014925373,81,0.0,0,4.343805421853684,8.717797887081348,769.5,0.0,6156,0.0,27752
spi_engine_execution,16,1,6.388888888888889,115,18,0,1,10,2,0,0,0,202,0,0,0,0,0,873,0,0,44,0,6,0,18,111,4,4,2,44,0,1,980,350,5.439795918367347,60,202,0.2313860252004582,111,0.0,0,4.7535901911063645,10.723805294763608,709.1666666666667,0.0,12765,0.0,51344
spi_engine_interconnect,16,8,10.0,120,12,0,3,9,0,0,0,0,0,0,0,0,0,0,151,0,32,0,0,0,0,1,2,7,7,2,0,0,1,144,32,4.868055555555555,16,0,0.0,2,0.0,0,4.795790545596741,10.954451150103322,20.0,0.0,240,0.0,7673
spi_intf,1,1,1.0,1,0,0,0,0,1,0,0,8,0,0,0,0,0,0,85,0,6,0,0,0,0,1,0,1,1,2,0,0,1,124,34,3.411290322580645,4,8,0.09411764705882353,0,0.0,0,0.6931471805599453,1.0,0.0,0.0,0,0.0,4393
spi_master,8,3,6.333333333333333,38,6,0,0,4,0,0,0,0,117,0,0,0,0,0,196,0,0,0,0,0,0,3,37,2,4,2,0,0,1,211,60,5.767772511848341,29,117,0.5969387755102041,37,0.0,0,3.6635616461296463,6.164414002968976,234.33333333333331,0.0,1406,0.0,11375
spi_master_ctrl,23,2,8.222222222222221,74,9,0,0,4,0,0,0,0,0,0,0,0,0,0,345,0,11,0,0,0,0,3,37,3,6,2,0,0,1,435,170,5.126436781609195,32,0,0.0,37,0.0,0,4.31748811353631,8.602325267042627,304.2222222222222,0.0,2738,0.0,20564
spi_master_top,2,2,2.0,2,1,0,0,0,0,0,2,0,0,0,2,0,0,2,72,0,1,0,0,0,1,13,0,6,4,2,1,0,1,34,13,3.0294117647058822,1,2,0.027777777777777776,0,0.027777777777777776,1,1.0986122886681098,1.4142135623730951,0.0,0.0,0,0.0,1592
spi_master_with_single_cs,8,2,4.2,42,10,0,0,3,0,0,0,0,161,0,0,0,0,0,351,0,0,0,0,0,0,7,45,3,3,2,0,0,1,358,161,5.318435754189944,29,161,0.4586894586894587,45,0.0,0,3.7612001156935624,6.48074069840786,189.0,0.0,1890,0.0,20714
spi_mcp3202,12,2,8.333333333333334,50,6,0,0,1,0,0,0,0,54,0,0,0,0,0,330,0,1,0,0,0,0,6,38,1,2,2,0,0,1,385,116,5.171428571428572,34,54,0.16363636363636364,38,0.0,0,3.9318256327243257,7.0710678118654755,316.6666666666667,0.0,1900,0.0,19130
spi_mcp4822,16,5,10.333333333333334,62,6,0,1,0,0,0,0,6,51,0,0,0,0,0,308,0,1,0,0,0,0,6,36,2,1,2,0,0,1,355,111,5.087323943661972,34,57,0.18506493506493507,36,0.0,0,4.143134726391533,7.874007874011811,372.0,0.0,2232,0.0,18143
spi_own_clock,8,2,6.428571428571429,45,7,0,0,5,0,0,0,0,0,0,0,0,0,0,184,0,0,0,0,0,0,5,80,2,3,2,0,0,1,219,45,5.187214611872146,21,0,0.0,80,0.0,0,3.828641396489095,6.708203932499369,514.2857142857143,0.0,3600,0.0,10841
spi_shift,128,4,22.666666666666668,204,9,1,0,3,0,0,0,0,124,0,0,0,0,0,1375,0,0,1,0,0,0,5,138,5,2,2,1,0,1,1576,526,6.0488578680203045,105,124,0.09018181818181818,138,0.0,0,5.3230099791384085,14.2828568570857,3128.0,0.0,28152,0.0,82964
spi_shift_in,32,6,19.0,38,2,1,0,0,0,0,0,0,0,0,0,0,0,0,259,0,0,1,0,0,0,2,39,1,2,2,1,0,1,328,120,5.408536585365853,23,0,0.0,39,0.0,0,3.6635616461296463,6.164414002968976,741.0,0.0,1482,0.0,15497
spi_shift_out,24,5,14.75,59,4,0,0,0,0,0,0,0,0,0,0,0,0,0,289,0,0,1,0,0,0,3,32,3,1,2,1,0,1,346,98,5.164739884393064,31,0,0.0,32,0.0,0,4.0943445622221,7.681145747868608,472.0,0.0,1888,0.0,15698
spi_shift_reg,32,3,9.166666666666666,55,6,1,0,1,0,0,0,0,0,0,0,0,0,0,198,0,0,1,0,0,0,2,15,5,2,2,1,0,1,295,86,4.379661016949153,22,0,0.0,15,0.0,0,4.02535169073515,7.416198487095663,137.5,0.0,825,0.0,11412
spi_slave,8,2,5.888888888888889,53,9,0,0,4,0,0,0,0,21,0,0,0,0,0,271,0,1,0,0,0,0,7,36,2,3,2,0,0,1,332,99,5.045180722891566,32,21,0.07749077490774908,36,0.0,0,3.9889840465642745,7.280109889280518,212.0,0.0,1908,0.0,14957
spi_slave_transmitter,32,3,17.5,70,4,2,0,0,0,0,0,0,0,0,0,0,0,0,233,0,0,0,0,0,0,4,38,2,1,2,0,0,1,242,99,5.595041322314049,22,0,0.0,38,0.0,0,4.2626798770413155,8.366600265340756,665.0,0.0,2660,0.0,12805
spi_top,32,2,11.7,117,10,2,0,3,0,0,0,0,60,0,0,0,0,0,484,0,18,0,0,0,0,6,58,4,3,2,0,0,1,560,182,5.430357142857143,41,60,0.12396694214876033,58,0.0,0,4.770684624465665,10.816653826391969,678.5999999999999,0.0,6786,0.0,27893
split,32,5,13.0,117,9,1,0,0,0,0,0,0,1,0,0,0,0,0,12,0,5,0,0,0,0,0,0,1,3,2,0,0,1,13,6,2.230769230769231,0,1,0.08333333333333333,0,0.0,0,4.770684624465665,10.816653826391969,0.0,0.0,0,0.0,237
spm,32,32,32.0,192,6,6,0,0,0,0,0,0,0,0,0,0,0,0,9173,0,10,140,0,0,0,1,1088,5,2,2,140,0,1,7923,5120,7.119399217468131,309,0,0.0,1088,0.0,0,5.262690188904886,13.856406460551018,34816.0,0.0,208896,0.0,551060
sps,16,2,6.230769230769231,162,26,0,1,6,0,0,0,0,0,0,0,0,0,0,1271,5,0,0,0,58,0,2,133,5,75,2,0,0,1,1325,460,5.724528301886792,84,0,0.0,133,0.0,0,5.093750200806762,12.727922061357855,828.6923076923077,0.0,21546,0.0,77328
sp_ram,32,4,23.555555555555557,212,9,5,0,0,0,0,0,0,0,0,0,0,0,0,67,0,0,0,0,0,0,1,0,4,1,2,0,0,1,84,38,4.738095238095238,7,0,0.0,0,0.0,0,5.3612921657094255,14.560219778561036,0.0,0.0,0,0.0,3571
sqnl_h7,18,3,9.586206896551724,278,29,0,7,6,0,0,0,4,3453,0,0,0,0,0,2765,0,0,0,0,0,0,24,84,6,4,2,0,0,1,2567,1084,7.527463965718738,169,3457,1.250271247739602,84,0.0,0,5.631211781821365,16.673332000533065,805.2413793103449,0.0,23352,0.0,169239
sqrt,48,24,36.0,72,2,0,0,0,0,0,0,0,345,0,0,0,0,0,2323,0,19,0,0,0,0,1,0,1,1,2,0,0,1,3166,1451,5.002526847757423,58,345,0.1485148514851485,0,0.0,0,4.290459441148391,8.48528137423857,0.0,0.0,0,0.0,136585
sq_rbf_h7,18,3,9.256410256410257,361,39,0,9,11,0,0,0,0,4585,0,0,0,0,0,3622,0,0,0,0,0,0,34,129,3,4,2,0,0,1,3179,1515,7.894306385655867,223,4585,1.2658752070679182,129,0.0,0,5.8916442118257715,19.0,1194.076923076923,0.0,46569,0.0,220872
sr04,20,7,12.4,62,5,0,0,1,0,0,0,0,81,0,0,0,0,0,255,0,0,0,0,5,0,5,53,1,2,2,0,0,1,260,73,6.038461538461538,29,81,0.3176470588235294,53,0.0,0,4.143134726391533,7.874007874011811,657.2,0.0,3286,0.0,14727
sra,32,32,32.0,128,4,4,0,0,0,0,0,0,0,0,0,0,1,4,36,1,0,1,0,0,0,0,1,2,1,2,1,0,1,16,4,1.5625,0,0,0.0,1,0.0,0,4.859812404361672,11.313708498984761,32.0,0.0,128,0.0,257
sram,20,2,15.142857142857142,106,7,0,4,0,0,0,0,0,16,0,0,0,0,0,109,0,25,0,0,0,0,1,0,4,3,2,0,0,1,65,35,6.615384615384615,16,16,0.14678899082568808,0,0.0,0,4.672828834461906,10.295630140987,0.0,0.0,0,0.0,4999
sram256x8,8,8,8.0,24,3,0,0,3,0,0,0,0,0,0,0,0,0,0,8098,0,8,0,0,0,0,1,2056,3,1,2,0,0,1,4657,6144,10.299334335409062,529,0,0.0,2056,0.0,0,3.2188758248682006,4.898979485566356,16448.0,0.0,49344,0.0,491567
sram2p256x8,8,8,8.0,32,4,0,0,4,0,0,0,0,0,0,0,0,0,0,8118,0,8,0,0,0,0,1,2056,4,1,2,0,0,1,4672,6144,10.273330479452055,531,0,0.0,2056,0.0,0,3.4965075614664802,5.656854249492381,16448.0,0.0,65792,0.0,492766
sram_512x32b,21,1,11.0,44,4,0,0,0,2,0,0,0,0,0,0,0,0,0,28739,0,0,0,0,0,0,1,3501,4,1,2,0,0,1,26354,13282,6.319040752826895,593,0,0.0,3501,0.0,0,3.8066624897703196,6.6332495807108,38511.0,0.0,154044,0.0,1743345
sram_64x10b,10,1,5.5,22,4,0,0,0,2,0,0,0,0,0,0,0,0,0,2969,0,0,0,0,0,0,1,351,4,1,2,0,0,1,2933,1404,6.048073644732356,120,0,0.0,351,0.0,0,3.1354942159291497,4.69041575982343,1930.5,0.0,7722,0.0,172820
sram_bist_8kx8,13,1,8.3,83,10,0,0,3,2,0,0,0,77,0,0,0,0,0,343,0,0,0,0,0,0,4,20,5,4,2,0,0,1,424,110,5.19811320754717,46,77,0.22448979591836735,20,0.0,0,4.430816798843313,9.1104335791443,166.0,0.0,1660,0.0,19913
sram_controller,1,1,1.0,1,0,0,0,0,1,0,0,0,0,0,0,0,0,0,2,0,0,0,0,0,0,0,0,0,0,0,0,0,1,0,0,0.0,0,0,0.0,0,0.0,0,0.6931471805599453,1.0,0.0,0.0,0,0.0,1
sram_v,10,8,8.666666666666666,26,3,0,0,2,0,0,0,0,0,0,0,0,0,0,34722,0,10,0,0,0,0,1,8200,3,1,2,0,0,1,19071,24576,10.12013004037544,1920,0,0.0,8200,0.0,0,3.295836866004329,5.0990195135927845,71066.66666666666,0.0,213200,0.0,2055524
srl,32,32,32.0,128,4,4,0,0,0,0,0,0,0,0,0,0,1,4,36,1,0,1,0,0,0,0,1,2,1,2,1,0,1,16,4,1.5625,0,0,0.0,1,0.0,0,4.859812404361672,11.313708498984761,32.0,0.0,128,0.0,262
ssd_driver,7,4,5.5,11,2,0,0,0,0,0,0,0,0,0,0,0,0,0,52,0,0,0,0,0,0,1,0,1,1,2,0,0,1,80,28,3.675,7,0,0.0,0,0.0,0,2.4849066497880004,3.3166247903554,0.0,0.0,0,0.0,2483
ssd_out,7,4,5.5,11,2,0,0,0,0,0,0,0,0,0,0,0,0,0,49,0,0,0,0,0,0,1,7,1,1,2,0,0,1,79,20,3.430379746835443,3,0,0.0,7,0.0,0,2.4849066497880004,3.3166247903554,38.5,0.0,77,0.0,2406
ssi,40,3,17.166666666666668,103,6,0,0,0,0,0,0,0,0,0,0,0,0,0,511,0,0,0,0,0,0,5,93,2,2,2,0,0,1,441,183,6.73469387755102,30,0,0.0,93,0.0,0,4.6443908991413725,10.14889156509222,1596.5,0.0,9579,0.0,28377
sspwm,32,11,24.333333333333332,73,3,1,0,0,0,0,0,0,93,0,0,0,0,0,269,0,0,0,0,0,0,3,33,2,1,2,0,0,1,324,111,5.305555555555555,26,93,0.34572490706319703,33,0.0,0,4.30406509320417,8.54400374531753,803.0,0.0,2409,0.0,15553
ss_driver,17,6,7.363636363636363,81,11,0,0,2,0,0,0,0,0,0,0,0,0,0,1248,0,0,0,0,0,0,2,25,9,2,2,0,0,1,1597,722,5.029430181590482,43,0,0.0,25,0.0,0,4.406719247264253,9.0,184.0909090909091,0.0,2025,0.0,71277
stack,8,2,6.4,32,5,0,0,3,0,0,0,0,21,0,0,0,0,0,110,0,0,0,0,0,0,3,8,3,1,2,0,0,1,136,40,4.676470588235294,14,21,0.19090909090909092,8,0.0,0,3.4965075614664802,5.656854249492381,51.2,0.0,256,0.0,5597
stack_pointer,1,1,1.0,1,0,0,0,0,1,0,2,0,0,0,0,0,0,2,15,1,0,0,0,0,0,0,1,2,1,2,0,0,1,16,4,1.75,0,2,0.13333333333333333,1,0.0,0,0.6931471805599453,1.0,1.0,0.0,1,0.0,228
stage,128,4,124.45714285714286,4356,35,0,0,0,0,0,0,0,384,0,0,0,0,0,23233,0,0,0,0,0,0,33,2176,3,1,2,0,0,1,22379,10193,5.7983824120827565,497,384,0.016528214178108725,2176,0.0,0,8.379539026117442,66.0,270818.7428571429,0.0,9478656,0.0,1357147
stage1,32,32,32.0,128,4,4,0,0,0,0,0,4,472,0,0,0,0,0,398,0,32,102,0,0,0,2,64,2,2,2,102,0,1,303,303,8.052805280528053,32,476,1.1959798994974875,64,0.0,0,4.859812404361672,11.313708498984761,2048.0,0.0,8192,0.0,21704
stage2,64,2,20.09090909090909,442,22,8,0,0,0,0,0,0,6276,0,0,0,0,0,8287,0,32,68,0,0,0,21,7487,5,10,2,68,0,1,5467,6276,8.916773367477592,199,6276,0.757330759020152,7487,0.0,0,6.093569770045136,21.02379604162864,150420.63636363635,0.0,3309254,0.0,510986
stage3,32,2,20.529411764705884,349,17,10,0,0,0,0,0,0,37,0,0,0,0,0,1945,0,69,92,0,11,0,94,115,12,5,2,92,0,1,2192,1002,5.553375912408759,106,37,0.019023136246786632,115,0.0,0,5.857933154483459,18.681541692269406,2360.8823529411766,0.0,40135,0.0,111297
stage4,32,2,17.7,177,10,5,0,0,0,0,32,0,96,0,0,0,0,0,501,0,0,0,0,0,0,1,136,6,5,2,0,0,1,257,155,9.311284046692608,42,128,0.2554890219560878,136,0.0,0,5.181783550292085,13.30413469565007,2407.2,0.0,24072,0.0,27768
stage5,32,2,18.0,108,6,3,0,0,0,0,0,0,0,0,0,0,0,0,86,0,6,0,0,0,0,0,3,4,3,2,0,0,1,50,35,7.24,9,0,0.0,3,0.0,0,4.6913478822291435,10.392304845413264,54.0,0.0,324,0.0,4483
stage_exe,33,3,22.157894736842106,421,19,10,0,0,0,0,0,0,2298,0,0,0,0,0,2254,0,0,0,0,0,0,4,70,10,8,2,0,0,1,2165,962,7.388914549653579,101,2298,1.0195208518189884,70,0.0,0,6.045005314036012,20.518284528683193,1551.0526315789475,0.0,29470,0.0,140191
stage_exemem,64,2,30.1,602,20,10,0,2,0,0,0,0,0,0,0,0,0,0,681,0,0,0,0,0,0,1,214,11,11,2,0,0,1,519,224,7.348747591522158,34,0,0.0,214,0.0,0,6.401917196727186,24.535688292770594,6441.400000000001,0.0,128828,0.0,39664
stage_id,32,3,23.44,586,25,15,0,0,0,0,0,4,1337,0,0,0,0,0,1954,0,71,0,0,0,0,5,156,10,13,2,0,0,1,1812,815,6.993929359823399,98,1341,0.6862845445240532,156,0.0,0,6.375024819828097,24.20743687382041,3656.6400000000003,0.0,91416,0.0,114263
stage_idexe,64,2,35.75,858,24,10,0,2,0,0,0,0,0,0,0,0,0,0,1396,0,0,0,0,0,0,1,438,13,13,2,0,0,1,976,448,7.82172131147541,49,0,0.0,438,0.0,0,6.755768921984255,29.29163703175362,15658.5,0.0,375804,0.0,81968
stage_if,32,32,32.0,64,2,2,0,0,0,0,0,0,0,0,0,0,0,0,304,0,0,1,0,0,0,1,32,2,2,2,1,0,1,354,135,5.38135593220339,29,0,0.0,32,0.0,0,4.174387269895637,8.0,1024.0,0.0,2048,0.0,16940
stage_ifid,32,32,32.0,128,4,4,0,0,0,0,0,0,0,0,0,0,0,0,175,0,0,0,0,0,0,1,64,3,2,2,0,0,1,88,66,10.056818181818182,18,0,0.0,64,0.0,0,4.859812404361672,11.313708498984761,2048.0,0.0,8192,0.0,9164
stage_mem,32,3,20.958333333333332,503,24,12,0,4,0,0,0,4,449,0,0,0,0,0,1781,0,1,0,0,0,0,6,183,10,11,2,0,0,1,1578,594,6.829531051964512,112,453,0.2543514879281303,183,0.0,0,6.222576268071369,22.427661492005804,3835.375,0.0,92049,0.0,101095
stage_memwb,64,2,29.285714285714285,410,14,4,0,2,0,0,0,0,0,0,0,0,0,0,693,0,0,0,0,0,0,1,214,8,8,2,0,0,1,513,224,7.3996101364522415,32,0,0.0,214,0.0,0,6.018593214496234,20.248456731316587,6267.142857142857,0.0,87740,0.0,38978
stall,5,5,5.0,20,4,0,0,0,0,0,0,0,0,0,0,0,0,0,56,0,0,0,0,0,0,1,0,5,1,2,0,0,1,88,26,3.5,8,0,0.0,0,0.0,0,3.044522437723423,4.47213595499958,0.0,0.0,0,0.0,2803
stall_control,6,6,6.0,6,1,0,0,0,0,0,0,0,0,0,0,0,0,0,32,0,0,0,0,0,0,1,4,2,1,2,0,0,1,70,14,2.6,2,0,0.0,4,0.0,0,1.9459101490553132,2.449489742783178,24.0,0.0,24,0.0,1454
stall_for_lw_control,5,5,5.0,15,3,0,0,0,0,0,0,0,0,0,0,0,0,0,49,0,2,24,0,1,0,1,31,4,1,2,24,0,1,71,15,3.23943661971831,2,0,0.0,31,0.0,0,2.772588722239781,3.872983346207417,155.0,0.0,465,0.0,2410
stall_unit,1,1,1.0,1,0,0,0,0,1,0,0,0,0,0,0,0,0,0,35,0,0,0,0,0,0,1,4,1,1,2,0,0,1,64,10,2.46875,0,0,0.0,4,0.0,0,0.6931471805599453,1.0,4.0,0.0,4,0.0,1638
stanard,33,5,23.333333333333332,70,3,1,0,0,0,0,0,0,0,0,0,0,0,0,613,0,1,18,0,0,0,1,0,3,1,2,18,0,1,776,361,5.239690721649485,37,0,0.0,0,0.0,0,4.2626798770413155,8.366600265340756,0.0,0.0,0,0.0,34406
stanard_mul,48,6,23.6,118,5,0,0,2,0,0,0,0,0,0,0,0,0,0,643,0,0,0,0,0,0,1,0,3,2,2,0,0,1,772,369,5.520725388601036,43,0,0.0,0,0.0,0,4.77912349311153,10.862780491200215,0.0,0.0,0,0.0,36552
start_for_conv_2d_cl_array_array_ap_fixed_8u_config2_u0,2,1,1.3333333333333333,4,3,0,0,0,2,0,0,0,6,0,0,0,0,0,63,0,0,35,0,7,0,2,6,2,2,2,35,0,1,103,20,3.116504854368932,3,6,0.09523809523809523,6,0.0,0,1.6094379124341003,2.0,8.0,0.0,24,0.0,3340
start_for_dense_array_array_ap_fixed_16_6_5_3_0_16u_confidee,2,2,2.0,2,1,0,0,0,0,0,0,0,0,0,0,0,0,0,60,0,0,30,0,10,0,2,6,1,1,2,30,0,1,98,19,3.061224489795918,3,0,0.0,6,0.0,0,1.0986122886681098,1.4142135623730951,12.0,0.0,12,0.0,3364
start_for_relu_array_array_ap_fixed_16u_relu_config6_u0,2,1,1.3333333333333333,4,3,0,0,0,2,0,0,0,6,0,0,0,0,0,63,0,0,35,0,7,0,2,6,2,2,2,35,0,1,103,20,3.116504854368932,3,6,0.09523809523809523,6,0.0,0,1.6094379124341003,2.0,8.0,0.0,24,0.0,3340
start_for_relu_array_array_ap_fixed_8u_relu_config3_u0,2,2,2.0,2,1,0,0,0,0,0,0,0,0,0,0,0,0,0,60,0,0,30,0,10,0,2,6,1,1,2,30,0,1,98,19,3.061224489795918,3,0,0.0,6,0.0,0,1.0986122886681098,1.4142135623730951,12.0,0.0,12,0.0,3304
state,1,1,1.0,1,0,0,0,0,1,0,0,0,0,0,0,0,0,0,1,0,0,0,0,0,0,0,0,0,0,0,0,0,1,0,0,0.0,0,0,0.0,0,0.0,0,0.6931471805599453,1.0,0.0,0.0,0,0.0,0
stateactiontable,4,4,4.0,8,2,0,0,0,0,0,0,0,0,0,0,0,0,0,43,0,0,0,0,0,0,1,4,22,11,2,0,0,1,60,20,3.1666666666666665,2,0,0.0,4,0.0,0,2.1972245773362196,2.8284271247461903,16.0,0.0,32,0.0,1850
statecounter_3,27,25,26.0,78,3,0,0,0,0,0,0,0,78,0,0,0,0,0,189,0,0,0,0,0,0,4,27,1,1,2,0,0,1,113,78,7.274336283185841,19,78,0.4126984126984127,27,0.0,0,4.3694478524670215,8.831760866327848,702.0,0.0,2106,0.0,10029
state_machine,4,2,3.0,6,2,0,0,0,0,0,0,0,0,0,0,0,0,0,95,0,0,0,0,0,0,3,9,1,1,2,0,0,1,159,43,3.7547169811320753,10,0,0.0,9,0.0,0,1.9459101490553132,2.449489742783178,27.0,0.0,54,0.0,5126
state_machine0,24,3,14.25,57,4,0,0,1,0,0,0,0,69,0,0,0,0,0,270,0,0,16,0,0,0,4,37,1,1,2,16,0,1,278,98,5.575539568345324,27,69,0.25555555555555554,37,0.0,0,4.060443010546419,7.54983443527075,527.25,0.0,2109,0.0,15055
state_machine1,24,3,14.25,57,4,0,0,1,0,0,0,0,69,0,0,0,0,0,217,0,0,0,0,0,0,4,36,1,1,2,0,0,1,216,98,5.833333333333333,25,69,0.31797235023041476,36,0.0,0,4.060443010546419,7.54983443527075,513.0,0.0,2052,0.0,12358
static_rr,4,2,2.6666666666666665,8,3,0,0,0,0,0,0,0,0,0,0,0,0,0,70,0,0,0,0,0,0,2,2,2,2,2,0,0,1,109,35,3.596330275229358,7,0,0.0,2,0.0,0,2.1972245773362196,2.8284271247461903,5.333333333333333,0.0,16,0.0,3655
status,16,4,10.0,20,2,0,1,0,0,0,0,0,0,0,0,0,0,0,23,0,1,0,0,0,0,1,0,2,1,2,0,0,1,37,18,2.810810810810811,1,0,0.0,0,0.0,0,3.044522437723423,4.47213595499958,0.0,0.0,0,0.0,834
status_reg,64,2,32.2,161,5,0,1,0,0,0,0,10,998,0,0,0,0,0,558,0,18,0,0,0,0,1,7,5,2,2,0,0,1,539,998,7.211502782931355,24,1008,1.8064516129032258,7,0.0,0,5.087596335232384,12.68857754044952,225.40000000000003,0.0,1127,0.0,32701
step,26,24,25.0,50,2,0,0,0,0,0,0,0,75,0,0,0,0,0,168,0,0,0,0,0,0,3,27,1,1,2,0,0,1,168,80,6.059523809523809,20,75,0.44642857142857145,27,0.0,0,3.9318256327243257,7.0710678118654755,675.0,0.0,1350,0.0,9396
step_motor_mode,7,7,7.0,7,1,0,0,0,0,0,0,0,0,0,0,0,0,0,70,0,0,0,0,0,0,2,9,1,1,2,0,0,1,117,27,3.4444444444444446,7,0,0.0,9,0.0,0,2.0794415416798357,2.6457513110645907,63.0,0.0,63,0.0,3607
step_motor_top,21,2,8.666666666666666,104,12,0,0,1,0,0,0,16,911,0,0,0,0,0,758,0,6,0,0,23,0,10,55,1,3,2,0,0,1,592,506,6.859797297297297,52,927,1.2229551451187335,55,0.0,0,4.653960350157523,10.198039027185569,476.66666666666663,0.0,5720,0.0,45894
stereo,40,2,14.714285714285714,206,14,0,0,0,0,0,0,0,133,0,0,0,0,0,638,0,21,0,0,0,0,7,260,5,5,2,0,0,1,604,220,6.135761589403973,52,133,0.2084639498432602,260,0.0,0,5.332718793265369,14.352700094407323,3825.7142857142853,0.0,53560,0.0,37192
stereo_audio_parallelizer,32,32,32.0,96,3,3,0,0,0,0,0,0,0,0,0,0,0,0,264,0,0,0,0,0,0,1,65,2,3,2,0,0,1,186,67,8.483870967741936,22,0,0.0,65,0.0,0,4.574710978503383,9.797958971132712,2080.0,0.0,6240,0.0,14884
stereo_audio_serializer,32,32,32.0,160,5,5,0,0,0,0,0,0,0,0,0,0,0,0,356,0,0,0,0,0,0,3,66,3,2,2,0,0,1,224,98,8.901785714285714,24,0,0.0,66,0.0,0,5.081404364984463,12.649110640673518,2112.0,0.0,10560,0.0,18727
stop_test,32,5,14.444444444444445,130,9,3,0,0,0,0,0,1,0,0,2,0,0,3,31,1,1,2,0,0,0,1,1,3,1,2,2,0,1,19,5,2.1578947368421053,0,1,0.03225806451612903,1,0.06451612903225806,0,4.875197323201151,11.40175425099138,14.444444444444445,0.06451612903225806,130,0.0,572
storage,8,8,8.0,32,4,0,0,4,0,0,0,0,0,0,0,0,0,0,62,0,0,0,0,0,0,0,48,2,3,2,0,0,1,22,26,12.090909090909092,7,0,0.0,48,0.0,0,3.4965075614664802,5.656854249492381,384.0,0.0,1536,0.0,2962
store,6,6,6.0,6,1,0,0,0,0,0,0,1,0,0,4,0,0,3,20,1,0,1,0,0,0,1,1,1,1,2,1,0,1,23,4,1.608695652173913,0,1,0.05,1,0.2,0,1.9459101490553132,2.449489742783178,6.0,0.2,6,0.0,267
storelogic,32,2,17.5,70,4,2,0,0,0,0,0,0,0,0,0,0,0,0,53,0,8,0,0,0,0,1,0,3,2,2,0,0,1,56,34,5.285714285714286,7,0,0.0,0,0.0,0,4.2626798770413155,8.366600265340756,0.0,0.0,0,0.0,2386
storequeue,163,4,58.666666666666664,528,9,1,0,0,0,0,0,0,39,0,0,0,0,0,20507,0,56,0,0,0,0,2,2054,5,5,2,0,0,1,16462,10107,6.778580974365204,410,39,0.0019017896328083093,2054,0.0,0,6.270988431858299,22.978250586152114,120501.33333333333,0.0,1084512,0.0,1205276
store_modifier,32,32,32.0,64,2,2,0,0,0,0,0,0,0,0,0,0,0,0,61,0,8,1,0,0,0,1,0,2,1,2,1,0,1,49,34,5.081632653061225,7,0,0.0,0,0.0,0,4.174387269895637,8.0,0.0,0.0,0,0.0,2586
stp_sr_rx,8,8,8.0,8,1,0,0,1,0,0,0,0,8,0,0,0,0,0,43,0,0,0,0,0,0,1,8,1,1,2,0,0,1,50,25,4.52,2,8,0.18604651162790697,8,0.0,0,2.1972245773362196,2.8284271247461903,64.0,0.0,64,0.0,2157
stream_mux,8,3,6.75,27,4,0,0,3,0,0,0,0,0,0,0,0,0,0,79,0,1,0,0,0,0,2,5,3,2,2,0,0,1,118,25,3.73728813559322,8,0,0.0,5,0.0,0,3.332204510175204,5.196152422706632,33.75,0.0,135,0.0,4015
stretcher,33,33,33.0,33,1,0,0,0,0,0,0,0,0,0,0,0,0,0,273,0,0,0,0,0,0,2,35,1,1,2,0,0,1,338,140,5.3698224852071,26,0,0.0,35,0.0,0,3.5263605246161616,5.744562646538029,1155.0,0.0,1155,0.0,15919
sub,32,32,32.0,96,3,3,0,0,0,0,0,0,0,0,0,0,0,0,182,0,0,0,0,0,0,1,0,2,1,2,0,0,1,264,100,4.859848484848484,15,0,0.0,0,0.0,0,4.574710978503383,9.797958971132712,0.0,0.0,0,0.0,10747
subbyte,32,32,32.0,64,2,2,0,0,0,0,0,0,0,0,0,0,0,0,2609,0,0,0,0,0,0,1,0,1,1,2,0,0,1,3256,1544,5.487100737100737,183,0,0.0,0,0.0,0,4.174387269895637,8.0,0.0,0.0,0,0.0,158079
subbytes,128,128,128.0,256,2,0,0,0,0,0,0,0,0,0,0,0,0,0,10203,0,0,0,0,0,0,1,0,1,1,2,0,0,1,11900,5747,5.604873949579832,708,0,0.0,0,0.0,0,5.54907608489522,16.0,0.0,0.0,0,0.0,594182
subr4,5,4,4.333333333333333,13,3,0,0,0,0,0,0,0,3,0,0,0,0,0,29,0,1,0,0,0,0,1,0,2,1,2,0,0,1,57,24,2.9649122807017543,3,3,0.10344827586206896,0,0.0,0,2.6390573296152584,3.605551275463989,0.0,0.0,0,0.0,1305
substitute_byte,128,128,128.0,256,2,0,0,0,0,0,0,0,0,0,0,0,0,0,10202,0,0,0,0,0,0,1,0,1,1,2,0,0,1,11900,5747,5.604873949579832,708,0,0.0,0,0.0,0,5.54907608489522,16.0,0.0,0.0,0,0.0,593398
subt,16,16,16.0,48,3,0,3,0,0,0,0,0,0,0,0,0,0,0,99,0,0,0,0,0,0,1,16,3,1,2,0,0,1,138,46,4.2101449275362315,17,0,0.0,16,0.0,0,3.8918202981106265,6.928203230275509,256.0,0.0,768,0.0,5003
subtract,33,32,32.25,129,4,3,0,0,0,0,0,0,228,0,0,0,0,0,118,0,0,0,0,0,0,2,0,2,1,2,0,0,1,122,228,7.090163934426229,13,228,1.9322033898305084,0,0.0,0,4.867534450455582,11.357816691600547,0.0,0.0,0,0.0,7658
subtractor,17,16,16.25,65,4,0,3,0,0,0,0,0,116,0,0,0,0,0,91,0,0,0,0,0,0,2,16,41,1,2,0,0,1,96,116,6.208333333333333,19,116,1.2747252747252746,16,0.0,0,4.189654742026425,8.06225774829855,260.0,0.0,1040,0.0,5724
sub_decoder,3,2,2.5,10,4,0,0,0,0,0,0,0,0,0,0,0,0,0,44,0,2,0,0,0,0,1,0,2,4,2,0,0,1,76,18,3.0921052631578947,4,0,0.0,0,0.0,0,2.3978952727983707,3.1622776601683795,0.0,0.0,0,0.0,2093
sub_ramz,12,6,9.0,36,4,0,0,0,0,0,0,0,0,0,0,0,0,0,4662,0,0,0,0,0,0,1,774,4,1,2,0,0,1,3024,3072,7.901124338624339,172,0,0.0,774,0.0,0,3.6109179126442243,6.0,6966.0,0.0,27864,0.0,244794
sum,32,32,32.0,96,3,3,0,0,0,0,0,0,3,0,0,0,0,0,80,0,1,0,0,0,0,1,0,2,2,2,0,0,1,87,69,5.183908045977011,7,3,0.0375,0,0.0,0,4.574710978503383,9.797958971132712,0.0,0.0,0,0.0,3736
sumfrequency,20,19,19.75,79,4,0,0,0,0,0,0,0,61,0,0,0,0,0,55,0,0,0,0,0,0,2,0,2,1,2,0,0,1,45,61,7.2,11,61,1.1090909090909091,0,0.0,0,4.382026634673881,8.888194417315589,0.0,0.0,0,0.0,3334
sum_of_64,64,3,8.533333333333333,128,15,0,0,0,0,0,0,0,54,0,0,0,0,0,629,0,0,0,0,0,0,10,0,1,1,2,0,0,1,937,387,4.87940234791889,28,54,0.08585055643879173,0,0.0,0,4.859812404361672,11.313708498984761,0.0,0.0,0,0.0,38894
sw,18,2,16.22222222222222,146,9,0,0,0,0,0,0,0,0,0,0,0,0,0,403,0,0,0,0,0,0,6,90,4,2,2,0,0,1,323,123,7.275541795665634,43,0,0.0,90,0.0,0,4.990432586778736,12.083045973594572,1460.0,0.0,13140,0.0,24842
switch,8,8,8.0,24,3,0,0,3,0,0,0,0,0,0,0,0,0,0,87,0,0,0,0,0,0,1,13,3,2,2,0,0,1,119,26,4.436974789915967,21,0,0.0,13,0.0,0,3.2188758248682006,4.898979485566356,104.0,0.0,312,0.0,4892
switch_note,32,7,28.3125,453,16,7,0,0,0,0,0,0,3626,0,0,0,0,0,1481,0,11,0,0,0,0,15,232,2,1,2,0,0,1,691,1011,16.927641099855283,119,3626,2.4483457123565158,232,0.0,0,6.118097198041348,21.283796653792763,6568.5,0.0,105096,0.0,91968
sw_led,32,2,14.5,116,8,3,0,1,0,0,0,0,0,0,0,0,0,0,187,0,32,0,0,0,0,3,35,6,2,2,0,0,1,207,50,4.966183574879227,21,0,0.0,35,0.0,0,4.762173934797756,10.770329614269007,507.5,0.0,4060,0.0,9971
sync16bitregister,16,16,16.0,32,2,0,2,0,0,0,0,0,0,0,0,0,0,0,71,0,0,0,0,0,0,1,66,2,1,2,0,0,1,64,34,5.796875,16,0,0.0,66,0.0,0,3.4965075614664802,5.656854249492381,1056.0,0.0,2112,0.0,3515
synchronizer,32,16,20.0,80,4,1,3,0,0,0,0,0,0,0,0,0,0,0,115,0,0,0,0,0,0,3,64,2,1,2,0,0,1,28,65,24.178571428571427,15,0,0.0,64,0.0,0,4.394449154672439,8.94427190999916,1280.0,0.0,5120,0.0,6771
synchronous_fifo,10,5,7.5,45,6,0,0,0,0,0,0,0,887,0,0,0,0,0,1088,0,0,844,0,0,0,4,172,2,2,2,844,0,1,779,843,8.376123234916559,72,887,0.8152573529411765,172,0.0,0,3.828641396489095,6.708203932499369,1290.0,0.0,7740,0.0,61271
synchronous_fifo_savemod,4,2,3.0,18,6,0,0,0,0,0,0,0,0,0,0,0,0,0,176,0,0,0,0,0,0,3,26,3,2,2,0,0,1,185,64,5.443243243243243,21,0,0.0,26,0.0,0,2.9444389791664403,4.242640687119285,78.0,0.0,468,0.0,9157
synch_modn_counter_5,1,1,1.0,1,0,0,0,0,1,0,0,0,24,0,0,0,0,0,28,0,0,0,0,0,0,1,4,1,1,2,0,0,1,43,20,3.0,1,24,0.8571428571428571,4,0.0,0,0.6931471805599453,1.0,4.0,0.0,4,0.0,1145
synch_modn_counter_6,1,1,1.0,1,0,0,0,0,1,0,0,0,22,0,0,0,0,0,26,0,0,0,0,0,0,1,4,1,1,2,0,0,1,44,18,2.772727272727273,1,22,0.8461538461538461,4,0.0,0,0.6931471805599453,1.0,4.0,0.0,4,0.0,1065
synch_modn_counter_7,1,1,1.0,1,0,0,0,0,1,0,0,0,27,0,0,0,0,0,28,0,0,0,0,0,0,1,4,1,1,2,0,0,1,50,23,2.8,1,27,0.9642857142857143,4,0.0,0,0.6931471805599453,1.0,4.0,0.0,4,0.0,1223
sync_data,1,1,1.0,2,2,0,0,0,2,0,0,0,18,0,0,0,0,0,35,0,0,0,0,0,0,1,8,2,1,2,0,0,1,42,38,4.071428571428571,1,18,0.5142857142857142,8,0.0,0,1.0986122886681098,1.4142135623730951,8.0,0.0,16,0.0,1824
sync_dualram_16x8,8,4,6.0,24,4,0,0,2,0,0,0,0,0,0,0,0,0,0,827,0,4,0,0,0,0,1,136,4,1,2,0,0,1,609,512,7.269293924466338,48,0,0.0,136,0.0,0,3.2188758248682006,4.898979485566356,816.0,0.0,3264,0.0,43127
sync_event,1,1,1.0,2,2,0,0,0,2,0,0,0,19,0,0,0,0,0,42,0,0,0,0,0,0,1,8,2,1,2,0,0,1,52,40,3.826923076923077,1,19,0.4523809523809524,8,0.0,0,1.0986122886681098,1.4142135623730951,8.0,0.0,16,0.0,2113
sync_fifo,32,5,23.0,69,3,2,0,0,0,0,0,0,0,0,0,0,0,0,1907,0,4,1,0,0,0,1,3049,2,3,2,1,0,1,931,2016,11.860365198711063,114,0,0.0,3049,0.0,0,4.248495242049359,8.306623862918075,70127.0,0.0,210381,0.0,124546
sync_fifo_32,32,4,22.666666666666668,68,3,2,0,0,0,0,0,0,0,0,0,0,0,0,3064,0,0,4,0,0,0,2,555,2,2,2,4,0,1,1942,2048,8.161688980432544,107,0,0.0,555,0.0,0,4.23410650459726,8.246211251235321,12580.0,0.0,37740,0.0,165850
sync_fifo_ff,91,4,62.0,186,3,0,0,0,0,0,0,0,0,0,0,0,0,0,8534,0,0,4,0,0,0,2,1558,2,2,2,4,0,1,5141,5824,8.479673215327757,180,0,0.0,1558,0.0,0,5.231108616854587,13.638181696985855,96596.0,0.0,289788,0.0,471522
sync_gray,1,1,1.0,2,2,0,0,0,2,0,0,0,0,0,0,0,0,0,24,0,0,0,0,0,0,1,4,2,1,2,0,0,1,36,13,2.861111111111111,1,0,0.0,4,0.0,0,1.0986122886681098,1.4142135623730951,4.0,0.0,8,0.0,1156
sync_r2w,5,5,5.0,15,3,0,0,0,0,0,0,0,0,0,0,0,0,0,33,0,0,0,0,0,0,2,10,2,1,2,0,0,1,23,12,5.391304347826087,3,0,0.0,10,0.0,0,2.772588722239781,3.872983346207417,50.0,0.0,150,0.0,1378
sync_ram,32,32,32.0,64,2,2,0,0,0,0,0,0,160,0,0,0,0,0,146,0,0,0,0,0,0,1,64,2,1,2,0,0,1,58,160,13.655172413793103,14,160,1.095890410958904,64,0.0,0,4.174387269895637,8.0,2048.0,0.0,4096,0.0,7862
sync_ram_16x8,8,4,6.666666666666667,20,3,0,0,2,0,0,0,0,0,0,0,0,0,0,799,0,4,0,0,0,0,1,128,2,0,2,0,0,1,584,512,7.340753424657534,47,0,0.0,128,0.0,0,3.044522437723423,4.47213595499958,853.3333333333334,0.0,2560,0.0,41691
sync_ram_display,41,4,22.5,90,4,0,0,0,0,0,0,0,205,0,0,0,0,0,186,0,0,0,0,0,0,1,82,2,3,2,0,0,1,63,205,14.746031746031745,11,205,1.1021505376344085,82,0.0,0,4.51085950651685,9.486832980505138,1845.0,0.0,7380,0.0,9467
sync_vg,12,10,11.333333333333334,68,6,0,0,0,0,0,0,0,66,0,0,0,0,0,349,0,0,0,0,0,0,5,52,1,3,2,0,0,1,411,119,5.406326034063261,39,66,0.18911174785100288,52,0.0,0,4.23410650459726,8.246211251235321,589.3333333333334,0.0,3536,0.0,20187
sync_w2r,5,5,5.0,15,3,0,0,0,0,0,0,0,0,0,0,0,0,0,33,0,0,0,0,0,0,2,10,2,1,2,0,0,1,23,12,5.391304347826087,3,0,0.0,10,0.0,0,2.772588722239781,3.872983346207417,50.0,0.0,150,0.0,1378
syndrome,8,8,8.0,720,90,0,0,90,0,0,0,0,3121,0,0,0,0,0,20708,0,87,0,0,0,0,43,498,17,32,2,0,0,1,25575,10666,5.546549364613881,869,3121,0.15071469963299208,498,0.0,0,6.580639137284949,26.832815729997478,3984.0,0.0,358560,0.0,1323898
syntax_decoding,22,2,4.888888888888889,220,45,0,1,4,0,0,0,0,0,0,0,0,0,0,947,0,0,0,0,0,0,9,302,15,93,2,0,0,1,954,361,5.428721174004193,55,0,0.0,302,0.0,0,5.3981627015177525,14.832396974191326,1476.4444444444446,0.0,66440,0.0,56907
syn_fifo_v1_nb,8,3,5.2,26,5,0,0,2,0,0,0,0,0,0,0,0,0,0,363,0,0,1,0,0,0,4,82,2,2,2,1,0,1,289,256,7.629757785467128,32,0,0.0,82,0.0,0,3.295836866004329,5.0990195135927845,426.40000000000003,0.0,2132,0.0,21018
system,1,1,1.0,1,0,0,0,0,1,0,0,8,273,0,0,0,0,0,254,0,0,0,0,0,0,1,0,1,0,2,0,0,1,240,273,4.729166666666667,8,281,1.1062992125984252,0,0.0,0,0.6931471805599453,1.0,0.0,0.0,0,0.0,13288
systembus,32,2,11.5,529,46,13,0,0,0,0,0,0,292,0,0,0,0,0,1091,0,259,0,0,0,0,15,14,18,16,2,0,0,1,464,259,7.6875,46,292,0.2676443629697525,14,0.0,0,6.272877006546167,23.0,161.0,0.0,7406,0.0,83725
system_timer,10,5,7.7272727272727275,85,11,0,0,4,0,0,0,0,102,0,0,0,0,0,467,0,0,0,0,0,0,6,64,1,7,2,0,0,1,423,107,6.054373522458629,42,102,0.21841541755888652,64,0.0,0,4.454347296253507,9.219544457292887,494.54545454545456,0.0,5440,0.0,25487
sys_ctrl,16,3,6.3076923076923075,82,13,0,1,5,0,0,0,0,112,0,0,0,0,0,245,0,0,0,0,0,0,7,59,4,5,2,0,0,1,260,78,5.615384615384615,26,112,0.45714285714285713,59,0.0,0,4.418840607796598,9.055385138137417,372.15384615384613,0.0,4838,0.0,14457
sys_ctrl_rx,8,4,5.142857142857143,36,7,0,0,2,0,0,0,0,0,0,0,0,0,0,135,0,0,0,0,0,0,4,26,2,4,2,0,0,1,190,71,4.38421052631579,13,0,0.0,26,0.0,0,3.6109179126442243,6.0,133.71428571428572,0.0,936,0.0,7575
sys_ctrl_tx,16,3,7.666666666666667,46,6,0,1,3,0,0,0,0,0,0,0,0,0,0,89,0,0,0,0,0,0,4,36,3,2,2,0,0,1,118,27,4.805084745762712,17,0,0.0,36,0.0,0,3.8501476017100584,6.782329983125268,276.0,0.0,1656,0.0,5638
sys_top,128,2,14.684745762711865,4332,295,13,31,49,0,26,15,0,0,63,47,14,10,332,1904,19,69,175,14,8,88,176,147,17,54,6,277,0,1,861,176,4.181184668989547,39,41,0.02153361344537815,175,0.06512605042016807,102,8.374015421739909,65.81793068761733,2158.657627118644,11.397058823529413,758100,1130.7254237288137,40233
s_box,8,8,8.0,16,2,0,0,2,0,0,0,0,0,0,0,0,0,0,556,0,0,0,0,0,0,1,0,1,1,2,0,0,1,816,355,5.107843137254902,52,0,0.0,0,0.0,0,2.833213344056216,4.0,0.0,0.0,0,0.0,33349
s_gen,37,6,23.285714285714285,163,7,0,0,0,0,0,0,0,0,0,0,0,0,0,726,0,18,0,0,0,0,2,79,3,5,2,0,0,1,961,374,5.056191467221644,33,0,0.0,79,0.0,0,5.099866427824199,12.767145334803704,1839.5714285714284,0.0,12877,0.0,42699
s_to_t,5,5,5.0,10,2,0,0,0,0,0,0,0,0,0,0,0,0,0,22,0,2,0,0,0,0,1,0,1,1,2,0,0,1,37,15,2.7567567567567566,1,0,0.0,0,0.0,0,2.3978952727983707,3.1622776601683795,0.0,0.0,0,0.0,807
s_to_u,27,26,26.5,53,2,0,0,0,0,0,0,0,0,0,0,0,0,0,132,0,2,0,0,0,0,1,0,1,2,2,0,0,1,176,88,4.528409090909091,13,0,0.0,0,0.0,0,3.9889840465642745,7.280109889280518,0.0,0.0,0,0.0,7629
tag_ram,32,32,32.0,96,3,3,0,0,0,0,0,0,0,0,0,0,0,0,3081,0,4,0,0,0,0,1,545,3,2,2,0,0,1,1912,2048,8.206066945606695,106,0,0.0,545,0.0,0,4.574710978503383,9.797958971132712,17440.0,0.0,52320,0.0,172964
tanh_h7,18,3,12.214285714285714,171,14,0,5,0,0,0,0,22,205,0,0,0,0,0,622,0,9,0,0,0,0,7,108,3,6,2,0,0,1,588,266,6.438775510204081,39,227,0.364951768488746,108,0.0,0,5.147494476813453,13.076696830622021,1319.142857142857,0.0,18468,0.0,36065
tanh_h7deriv,18,3,11.875,95,8,0,3,0,0,0,0,14,0,0,0,0,0,0,301,0,6,0,0,0,0,4,54,3,3,2,0,0,1,325,135,5.584615384615384,31,14,0.046511627906976744,54,0.0,0,4.564348191467836,9.746794344808963,641.25,0.0,5130,0.0,16585
target_generator,13,6,8.666666666666666,26,3,0,0,0,0,0,0,0,13,0,0,0,0,0,166,0,0,0,0,0,0,3,26,1,1,2,0,0,1,198,68,4.737373737373737,18,13,0.0783132530120482,26,0.0,0,3.295836866004329,5.0990195135927845,225.33333333333331,0.0,676,0.0,9161
tbu,8,3,6.333333333333333,19,3,0,0,2,0,0,0,0,0,0,0,0,0,0,69,0,0,0,0,0,0,2,10,3,1,2,0,0,1,111,27,3.7117117117117115,7,0,0.0,10,0.0,0,2.995732273553991,4.358898943540674,63.33333333333333,0.0,190,0.0,3570
tcsm_smtc,5,5,5.0,10,2,0,0,0,0,0,0,0,0,0,0,0,0,0,21,0,1,0,0,0,0,1,0,1,1,2,0,0,1,38,12,2.6052631578947367,1,0,0.0,0,0.0,0,2.3978952727983707,3.1622776601683795,0.0,0.0,0,0.0,794
tcu,3,3,3.0,3,1,0,0,0,0,0,0,0,0,0,0,0,0,0,35,0,0,0,0,0,0,2,3,1,1,2,0,0,1,59,12,2.8813559322033897,2,0,0.0,3,0.0,0,1.3862943611198906,1.7320508075688772,9.0,0.0,9,0.0,1657
temp,4,3,3.875,62,16,0,0,0,0,0,0,0,278,0,0,0,0,0,374,0,2,0,0,0,0,11,50,3,5,2,0,0,1,384,278,5.919270833333333,32,278,0.7433155080213903,50,0.0,0,4.143134726391533,7.874007874011811,193.75,0.0,3100,0.0,20451
temp_register,8,8,8.0,16,2,0,0,2,0,0,0,0,42,0,0,0,0,0,100,0,0,0,0,0,0,2,12,2,1,2,0,0,1,137,30,4.299270072992701,12,42,0.42,12,0.0,0,2.833213344056216,4.0,96.0,0.0,192,0.0,5434
terasic_clock_count,32,2,17.4,174,10,2,5,0,0,0,0,0,234,0,0,0,0,0,711,0,16,0,0,0,0,8,97,3,1,2,0,0,1,650,208,6.390769230769231,63,234,0.3291139240506329,97,0.0,0,5.1647859739235145,13.19090595827292,1687.8,0.0,16878,0.0,41909
terasic_irda_0,32,2,19.833333333333332,238,12,4,3,0,0,0,0,0,2707,0,0,0,0,0,2056,0,0,0,0,0,0,11,164,2,2,2,0,0,1,1012,1282,9.0800395256917,88,2707,1.3166342412451362,164,0.0,0,5.476463551931511,15.427248620541512,3252.6666666666665,0.0,39032,0.0,126963
terasic_irm,32,2,19.833333333333332,238,12,4,3,0,0,0,0,0,1424,0,0,0,0,0,1637,0,0,0,0,0,0,11,164,2,2,2,0,0,1,1031,1271,7.729388942774006,88,1424,0.8698839340256567,164,0.0,0,5.476463551931511,15.427248620541512,3252.6666666666665,0.0,39032,0.0,104401
terasic_sram,20,2,15.142857142857142,106,7,0,4,0,0,0,0,0,0,0,0,0,0,0,109,0,41,0,0,0,0,1,0,4,3,2,0,0,1,64,41,6.4375,14,0,0.0,0,0.0,0,4.672828834461906,10.295630140987,0.0,0.0,0,0.0,4870
test,128,2,61.2,306,5,1,1,0,0,0,0,4,157,0,0,0,0,0,873,0,4,0,0,0,0,2,178,2,3,2,0,0,1,647,258,7.187017001545595,54,161,0.18442153493699887,178,0.0,0,5.726847747587197,17.4928556845359,10893.6,0.0,54468,0.0,44389
testing_space,24,2,10.5,84,8,0,0,4,0,0,0,0,286,0,0,0,0,0,153,0,8,0,0,0,0,3,24,3,1,2,0,0,1,86,217,9.348837209302326,16,286,1.869281045751634,24,0.0,0,4.442651256490317,9.16515138991168,252.0,0.0,2016,0.0,8715
testpattern,16,12,14.5,58,4,0,2,0,0,0,0,0,142,0,0,0,0,0,361,0,0,0,0,0,0,4,45,1,2,2,0,0,1,444,170,5.635135135135135,40,142,0.39335180055401664,45,0.0,0,4.07753744390572,7.615773105863909,652.5,0.0,2610,0.0,21009
testwave_gen,10,10,10.0,10,1,0,0,0,0,0,0,0,0,0,0,0,0,0,63,0,0,0,0,0,0,1,10,1,1,2,0,0,1,82,30,4.182926829268292,5,0,0.0,10,0.0,0,2.3978952727983707,3.1622776601683795,100.0,0.0,100,0.0,3262
test_module,32,4,19.2,192,10,5,0,3,0,0,0,6,0,0,0,0,0,0,758,0,1,0,0,0,0,6,363,4,3,3,0,0,1,714,277,6.238095238095238,45,6,0.0079155672823219,363,0.0,0,5.262690188904886,13.856406460551018,6969.599999999999,0.0,69696,0.0,44418
test_pattern,16,16,16.0,16,1,0,1,0,0,0,0,0,0,0,0,0,0,0,85,0,0,0,0,0,0,1,16,1,1,2,0,0,1,115,49,4.660869565217391,12,0,0.0,16,0.0,0,2.833213344056216,4.0,256.0,0.0,256,0.0,4520
test_rd_ctrl_v1_0,128,3,56.63157894736842,2152,38,0,3,2,0,0,0,4,349,0,0,0,0,0,9088,0,1,0,0,0,0,21,1963,7,13,2,0,0,1,6456,2018,7.826982651796778,499,353,0.03884242957746479,1963,0.0,0,7.674617497364363,46.389654018972806,111167.7894736842,0.0,4224376,0.0,562556
test_tx_ctrl,48,3,22.2,111,5,0,0,1,0,0,0,0,0,0,0,0,0,0,260,0,0,0,0,0,0,4,65,2,2,2,0,0,1,222,97,6.963963963963964,32,0,0.0,65,0.0,0,4.718498871295094,10.535653752852738,1443.0,0.0,7215,0.0,14537
test_uart_rx,11,3,7.0,42,6,0,0,2,0,0,0,0,30,0,0,0,0,0,234,0,0,0,0,0,0,6,28,1,2,2,0,0,1,270,77,4.948148148148148,27,30,0.1282051282051282,28,0.0,0,3.7612001156935624,6.48074069840786,196.0,0.0,1176,0.0,13001
test_uart_tx,11,3,7.166666666666667,43,6,0,0,1,0,0,0,0,30,0,0,0,0,0,193,0,0,0,0,0,0,6,28,2,1,2,0,0,1,209,44,4.980861244019139,24,30,0.15544041450777202,28,0.0,0,3.784189633918261,6.557438524302,200.66666666666669,0.0,1204,0.0,10510
test_wr_ctrl_v1_0,128,3,19.210526315789473,365,19,0,3,2,0,0,0,36,552,0,0,0,0,0,2418,0,152,0,0,0,0,10,158,5,7,2,0,0,1,2499,901,5.857543017206883,141,588,0.24317617866004962,158,0.0,0,5.902633333401366,19.1049731745428,3035.2631578947367,0.0,57670,0.0,139953
text_manager,12,4,6.909090909090909,76,11,0,0,0,0,0,0,4,0,0,0,0,0,0,84,0,0,0,0,0,0,1,0,7,3,2,0,0,1,98,167,5.6938775510204085,7,4,0.047619047619047616,0,0.0,0,4.343805421853684,8.717797887081348,0.0,0.0,0,0.0,4649
tft_ctrl,16,9,11.444444444444445,103,9,0,2,0,0,0,0,0,90,0,0,0,0,0,310,0,5,0,0,0,0,6,22,2,4,2,0,0,1,341,125,5.431085043988269,36,90,0.2903225806451613,22,0.0,0,4.6443908991413725,10.14889156509222,251.77777777777777,0.0,2266,0.0,17404
tft_pix,32,11,18.857142857142858,132,7,1,3,0,0,0,0,0,93,0,0,0,0,0,398,0,0,0,0,0,0,3,49,4,3,2,0,0,1,409,131,5.904645476772616,37,93,0.23366834170854273,49,0.0,0,4.890349128221754,11.489125293076057,924.0,0.0,6468,0.0,23153
theta,32,7,19.5,78,4,1,0,0,0,0,0,0,117,0,0,0,0,0,248,0,0,0,0,0,0,4,41,1,1,2,0,0,1,233,98,6.605150214592275,24,117,0.4717741935483871,41,0.0,0,4.3694478524670215,8.831760866327848,799.5,0.0,3198,0.0,13523
thirtysix_six_comp,36,3,9.5,57,6,0,0,0,0,0,0,2,0,0,0,0,0,0,514,0,0,0,0,0,0,2,0,1,1,2,0,0,1,793,339,4.64312736443884,23,2,0.0038910505836575876,0,0.0,0,4.060443010546419,7.54983443527075,0.0,0.0,0,0.0,31042
thirty_two_bit_alu,32,3,24.75,99,4,3,0,0,0,0,0,0,0,0,0,0,0,0,610,0,0,0,0,0,0,1,0,4,2,2,0,0,1,953,407,5.123819517313746,36,0,0.0,0,0.0,0,4.605170185988092,9.9498743710662,0.0,0.0,0,0.0,39506
threebitcounter,2,2,2.0,4,2,0,0,0,0,1,0,0,1,0,0,0,0,3,20,1,0,1,0,0,0,0,1,3,1,2,1,0,1,18,6,1.7777777777777777,0,2,0.1,1,0.0,0,1.6094379124341003,2.0,2.0,0.0,4,0.0,248
three_bit_comparator,3,3,3.0,6,2,0,0,0,0,0,0,0,0,0,0,0,0,0,27,0,0,0,0,0,0,1,0,2,1,2,0,0,1,52,19,3.1153846153846154,3,0,0.0,0,0.0,0,1.9459101490553132,2.449489742783178,0.0,0.0,0,0.0,1221
ticks,32,30,31.2,156,5,3,0,0,0,0,0,0,186,0,0,0,0,0,464,0,2,0,0,0,0,5,95,1,1,2,0,0,1,313,128,8.36741214057508,34,186,0.40086206896551724,95,0.0,0,5.056245805348308,12.489995996796797,2964.0,0.0,14820,0.0,26625
tick_counter,11,3,7.75,31,4,0,0,1,0,0,0,0,98,0,0,0,0,0,134,0,0,0,0,0,0,3,22,1,2,2,0,0,1,150,38,5.293333333333333,21,98,0.7313432835820896,22,0.0,0,3.4657359027997265,5.5677643628300215,170.5,0.0,682,0.0,7327
time,5,5,5.0,5,1,0,0,0,0,1,0,2,1,0,0,0,0,6,19,1,0,2,0,0,0,0,2,1,1,2,2,0,1,22,6,2.1818181818181817,0,4,0.21052631578947367,2,0.0,0,1.791759469228055,2.23606797749979,10.0,0.0,10,0.0,427
timeaverager,18,5,10.571428571428571,148,14,0,5,0,0,0,0,0,0,0,0,0,0,0,257,0,18,0,0,0,0,4,30,6,5,2,0,0,1,211,78,5.928909952606635,33,0,0.0,30,0.0,0,5.003946305945459,12.165525060596439,317.1428571428571,0.0,4440,0.0,12562
timer,32,2,24.5,294,12,8,0,0,0,0,0,0,345,0,0,0,0,0,1100,0,0,0,0,0,0,9,494,4,1,2,0,0,1,980,352,6.580612244897959,66,345,0.31363636363636366,494,0.0,0,5.68697535633982,17.146428199482248,12103.0,0.0,145236,0.0,63764
timer_input,4,4,4.0,8,2,0,0,0,0,0,0,0,0,0,0,0,0,0,46,0,0,0,0,0,0,2,27,3,1,2,0,0,1,76,19,3.3157894736842106,3,0,0.0,27,0.0,0,2.1972245773362196,2.8284271247461903,108.0,0.0,216,0.0,2214
timer_parameter,8,6,7.0,14,2,0,0,1,0,0,0,0,21,0,0,0,0,0,67,0,1,0,0,0,0,3,42,1,1,2,0,0,1,96,26,4.25,6,21,0.31343283582089554,42,0.0,0,2.70805020110221,3.7416573867739413,294.0,0.0,588,0.0,3626
timer_periph,32,8,28.571428571428573,200,7,6,0,1,0,0,0,0,0,0,0,0,0,0,924,0,0,0,0,0,0,5,131,3,2,2,0,0,1,910,367,6.317582417582417,48,0,0.0,131,0.0,0,5.303304908059076,14.142135623730951,3742.857142857143,0.0,26200,0.0,58637
timer_pulse,16,6,10.4,52,5,0,1,2,0,0,0,0,66,0,0,0,0,0,189,0,0,0,0,0,0,5,25,2,1,2,0,0,1,197,66,5.741116751269035,27,66,0.3492063492063492,25,0.0,0,3.970291913552122,7.211102550927978,260.0,0.0,1300,0.0,10867
timeshared_clockedge_alt_approach,4,4,4.0,4,1,0,0,0,0,0,0,0,0,0,0,0,0,0,24,0,0,0,0,0,0,1,5,1,2,2,0,0,1,46,13,2.652173913043478,1,0,0.0,5,0.0,0,1.6094379124341003,2.0,20.0,0.0,20,0.0,1048
time_change,22,21,21.25,85,4,0,0,0,0,0,0,0,233,0,0,0,0,0,377,0,0,0,0,0,0,3,43,1,3,2,0,0,1,343,100,6.865889212827988,37,233,0.6180371352785146,43,0.0,0,4.454347296253507,9.219544457292887,913.75,0.0,3655,0.0,21384
time_clock_counter,10,5,6.666666666666667,20,3,0,0,0,0,0,0,0,0,0,0,0,0,0,117,0,0,0,0,0,0,2,15,2,1,2,0,0,1,165,56,4.648484848484848,17,0,0.0,15,0.0,0,3.044522437723423,4.47213595499958,100.0,0.0,300,0.0,6955
time_comparator,5,5,5.0,15,3,0,0,0,0,0,0,0,0,0,0,0,0,0,68,0,0,0,0,0,0,1,5,3,1,2,0,0,1,116,39,3.6810344827586206,7,0,0.0,5,0.0,0,2.772588722239781,3.872983346207417,25.0,0.0,75,0.0,3635
timing,32,3,22.166666666666668,133,6,3,0,0,0,0,0,0,576,0,0,0,0,0,534,0,0,0,0,0,0,4,67,4,1,2,0,0,1,442,483,7.773755656108597,35,576,1.0786516853932584,67,0.0,0,4.897839799950911,11.532562594670797,1485.1666666666667,0.0,8911,0.0,31348
timing_tester,16,8,12.0,48,4,0,2,2,0,0,0,0,0,0,0,0,0,0,637,0,8,0,0,0,0,3,16,2,1,2,0,0,1,892,395,5.237668161434978,73,0,0.0,16,0.0,0,3.8918202981106265,6.928203230275509,192.0,0.0,768,0.0,37960
tinycomp,34,2,13.0,390,30,4,0,3,0,0,0,0,1736,0,0,0,0,0,2150,0,16,0,0,0,0,14,149,1,4,2,0,0,1,2092,831,6.791108986615678,151,1736,0.8074418604651162,149,0.0,0,5.968707559985366,19.748417658131498,1937.0,0.0,58110,0.0,126394
tinyriscv,64,3,27.434782608695652,1262,46,36,0,2,0,0,0,0,11296,0,0,0,0,0,26242,0,0,305,0,0,0,38,15300,6,5,2,305,0,1,24145,11000,6.591095464899565,727,11296,0.4304549958082463,15300,0.0,0,7.141245122350491,35.52463933666322,419752.17391304346,0.0,19308600,0.0,1591348
tlasynccrossingsink,32,2,11.4,171,15,4,0,0,0,0,0,18,626,0,0,0,0,0,544,0,11,0,0,0,0,1,263,7,100,2,0,0,1,151,165,14.218543046357615,32,644,1.1838235294117647,263,0.0,0,5.147494476813453,13.076696830622021,2998.2000000000003,0.0,44973,0.0,36544
tlasynccrossingsource,32,2,12.615384615384615,164,13,4,0,0,0,0,0,8,615,0,0,0,0,0,533,0,5,0,0,0,0,1,245,7,98,2,0,0,1,150,168,14.093333333333334,31,623,1.1688555347091933,245,0.0,0,5.10594547390058,12.806248474865697,3090.7692307692305,0.0,40180,0.0,35811
tlb,32,2,20.17241379310345,585,29,10,0,0,0,0,0,0,4,0,0,0,0,0,2226,0,36,0,0,0,0,1,0,29,2,2,0,0,1,2442,1072,5.104422604422604,69,4,0.0017969451931716084,0,0.0,0,6.373319789577012,24.186773244895647,0.0,0.0,0,0.0,132808
tlbuffer_2,32,2,10.166666666666666,244,24,4,0,0,0,0,0,0,416,0,0,0,0,0,1062,0,0,0,0,0,0,1,258,13,13,2,0,0,1,604,259,8.526490066225165,54,416,0.391713747645951,258,0.0,0,5.501258210544727,15.620499351813308,2623.0,0.0,62952,0.0,66950
tlbuffer_4,32,2,11.9,238,20,6,0,0,0,0,0,0,410,0,0,0,0,0,1044,0,0,0,0,0,0,1,254,11,11,2,0,0,1,594,259,8.526936026936028,53,410,0.39272030651340994,254,0.0,0,5.476463551931511,15.427248620541512,3022.6,0.0,60452,0.0,65785
tlbuffer_5,32,2,11.9,238,20,6,0,0,0,0,0,0,456,0,0,0,0,0,1091,0,0,0,0,0,0,1,254,11,11,2,0,0,1,598,259,8.55685618729097,53,456,0.41796516956920254,254,0.0,0,5.476463551931511,15.427248620541512,3022.6,0.0,60452,0.0,67052
tlbusbypass,32,2,11.2,168,15,4,0,0,0,0,0,0,60,0,0,0,0,0,257,0,44,0,0,0,0,2,15,8,8,2,0,0,1,258,75,4.934108527131783,23,60,0.23346303501945526,15,0.0,0,5.1298987149230735,12.96148139681572,168.0,0.0,2520,0.0,17491
tlbusbypassbar,128,2,16.0,304,19,4,0,0,0,0,0,242,0,0,0,0,0,0,383,0,175,0,0,0,0,2,12,10,10,2,0,0,1,227,175,6.475770925110132,19,242,0.6318537859007833,12,0.0,0,5.720311776607412,17.435595774162696,192.0,0.0,3648,0.0,21816
tlb_1,32,2,22.153846153846153,576,26,10,0,0,0,0,0,0,0,0,0,0,0,0,1672,0,32,0,0,0,0,1,0,26,2,2,0,0,1,1855,802,5.042587601078167,60,0,0.0,0,0.0,0,6.3578422665081,24.0,0.0,0.0,0,0.0,100546
tlc,12,3,5.1,51,10,0,0,0,0,0,0,0,0,0,0,0,0,0,563,0,2,0,0,0,0,1,50,1,19,2,0,0,1,755,296,5.1006622516556295,48,0,0.0,50,0.0,0,3.9512437185814275,7.14142842854285,254.99999999999997,0.0,2550,0.0,32809
tldebugmoduleinner,32,2,19.355555555555554,871,45,23,2,2,0,0,0,6,728,0,0,0,0,0,6827,0,22,0,0,0,0,25,628,15,17,2,0,0,1,6009,2423,6.503577966383758,355,734,0.10751428152922221,628,0.0,0,6.77078942390898,29.512709126747414,12155.288888888888,0.0,546988,0.0,419657
tldebugmoduleinnerasync,32,2,20.622222222222224,928,45,25,2,2,0,0,0,12,5636,0,0,0,0,0,8794,0,21,0,0,0,0,29,872,11,161,2,0,0,1,6888,3935,7.302409988385598,390,5648,0.6422560836934273,872,0.0,0,6.834108738813838,30.463092423455635,17982.57777777778,0.0,809216,0.0,549632
tldebugmoduleouter,32,3,14.5,87,6,2,0,0,0,0,0,74,0,0,0,0,0,0,155,0,49,0,0,0,0,1,8,4,4,2,0,0,1,145,49,4.220689655172414,7,74,0.4774193548387097,8,0.0,0,4.477336814478207,9.327379053088816,116.0,0.0,696,0.0,8803
tldebugmoduleouterasync,32,2,14.1875,227,16,6,0,0,0,0,0,24,1198,0,0,0,0,0,1011,0,32,0,0,0,0,6,243,7,150,2,0,0,1,651,219,8.058371735791091,85,1222,1.208704253214639,243,0.0,0,5.429345628954441,15.066519173319364,3447.5625,0.0,55161,0.0,69067
tlerror,14,3,5.333333333333333,64,12,0,0,0,0,0,0,0,68,0,0,0,0,0,324,0,1,0,0,0,0,4,31,7,4,2,0,0,1,364,127,5.041208791208791,32,68,0.20987654320987653,31,0.0,0,4.174387269895637,8.0,165.33333333333331,0.0,1984,0.0,18870
tlerror_1,128,2,34.0,136,4,0,0,0,0,0,0,6,0,0,0,0,0,0,59,0,3,0,0,0,0,1,3,3,3,2,0,0,1,93,21,3.032258064516129,4,6,0.1016949152542373,3,0.0,0,4.919980925828125,11.661903789690601,102.0,0.0,408,0.0,3115
tlinterconnectcoupler_5,64,2,12.9,387,30,2,0,1,0,0,0,0,237,0,0,0,0,0,1001,0,153,0,0,0,0,7,96,13,13,2,0,0,1,577,173,7.124783362218371,54,237,0.23676323676323677,96,0.0,0,5.961005339623274,19.672315572906,1238.4,0.0,37152,0.0,65589
tlinterconnectcoupler_7,32,2,11.9,238,20,6,0,0,0,0,0,0,912,0,0,0,0,0,1159,0,0,0,0,0,0,1,254,11,11,2,0,0,1,599,456,9.303839732888147,54,912,0.7868852459016393,254,0.0,0,5.476463551931511,15.427248620541512,3022.6,0.0,60452,0.0,73289
tlplic,32,2,10.142857142857142,142,14,2,0,2,0,0,0,68,67,0,0,0,0,0,301,0,33,0,0,0,0,4,49,8,5,2,0,0,1,213,52,5.835680751173709,23,135,0.4485049833887043,49,0.0,0,4.962844630259907,11.916375287812984,497.0,0.0,6958,0.0,16308
tlrom,32,2,8.777777777777779,79,9,1,0,2,0,0,0,0,0,0,0,0,0,0,3302,0,12,0,0,0,0,1,0,7,4,2,0,0,1,4202,1940,5.14588291289862,120,0,0.0,0,0.0,0,4.382026634673881,8.888194417315589,0.0,0.0,0,0.0,190219
tlxbar,32,2,10.970588235294118,373,34,9,0,0,0,0,0,0,64,0,0,0,0,0,640,0,90,0,0,0,0,3,14,18,16,2,0,0,1,439,125,6.387243735763098,40,64,0.1,14,0.0,0,5.924255797414532,19.313207915827967,153.58823529411765,0.0,5222,0.0,38079
tlxbar_4,32,2,11.0,330,30,8,0,0,0,0,0,0,32,0,0,0,0,0,525,0,52,0,0,0,0,5,14,15,13,2,0,0,1,369,105,6.205962059620596,39,32,0.06095238095238095,14,0.0,0,5.802118375377063,18.16590212458495,154.0,0.0,4620,0.0,30497
tlxbar_5,32,2,9.495652173913044,1092,115,20,0,0,0,0,0,0,101,0,0,0,0,0,1886,0,581,0,0,0,0,3,28,48,67,2,0,0,1,1270,581,6.825984251968504,94,101,0.0535524920466596,28,0.0,0,6.996681488176539,33.04542328371661,265.8782608695652,0.0,30576,0.0,119582
tlxbar_6,32,2,12.074074074074074,326,27,8,0,0,0,0,0,0,29,0,0,0,0,0,509,0,84,0,0,0,0,5,14,12,13,2,0,0,1,356,102,6.165730337078652,37,29,0.05697445972495088,14,0.0,0,5.7899601708972535,18.05547008526779,169.03703703703704,0.0,4564,0.0,30525
tmax,17,16,16.333333333333332,147,9,0,6,0,0,0,0,0,104,0,0,0,0,0,180,0,0,0,0,0,0,5,0,4,1,2,0,0,1,187,67,6.3689839572192515,26,104,0.5777777777777777,0,0.0,0,4.997212273764115,12.12435565298214,0.0,0.0,0,0.0,10731
tmds_encoder,10,2,6.416666666666667,77,12,0,0,2,0,15,3,0,0,3,6,16,0,10,50,2,9,0,0,0,7,11,2,4,1,2,7,0,1,42,18,4.214285714285714,4,18,0.36,34,0.5,7,4.356708826689592,8.774964387392123,12.833333333333334,17.0,2618,121.91666666666667,1580
tone_generator,22,20,21.5,86,4,0,0,0,0,0,0,0,63,0,0,0,0,0,137,0,0,0,0,0,0,4,23,2,1,2,0,0,1,165,76,6.0,22,63,0.45985401459854014,23,0.0,0,4.465908118654584,9.273618495495704,494.5,0.0,1978,0.0,8938
top,32,2,27.852941176470587,947,34,28,0,0,0,0,0,0,1335,0,0,0,0,0,3338,0,84,0,0,0,0,23,1537,9,9,774,0,0,1,2343,1070,7.8971404182671785,126,1335,0.3999400838825644,1537,0.0,0,6.854354502255021,30.773365106858236,42809.970588235294,0.0,1455539,0.0,198872
topaudio,28,4,12.4,62,5,0,0,0,0,0,0,0,153,0,0,0,0,0,180,0,31,0,0,0,0,4,19,1,3,2,0,0,1,210,69,5.152380952380953,20,153,0.85,19,0.0,0,4.143134726391533,7.874007874011811,235.6,0.0,1178,0.0,10291
topcounter9999,32,4,11.0,132,12,1,0,0,0,0,0,4,6988,0,0,0,0,0,2578,0,0,0,0,0,0,206,47,1,4,2,0,0,1,598,2652,24.165551839464882,100,6992,2.7121799844840964,47,0.0,0,4.890349128221754,11.489125293076057,517.0,0.0,6204,0.0,150050
toplevel,16,2,5.333333333333333,48,9,0,1,1,0,0,3,0,0,0,0,1,0,5,292,1,5,0,0,0,2,35,1,7,9,2,2,0,1,113,35,3.2212389380530975,1,3,0.010273972602739725,3,0.003424657534246575,2,3.8918202981106265,6.928203230275509,5.333333333333333,0.010273972602739725,144,5.333333333333333,4428
topmaquinaestado,32,3,9.846153846153847,128,13,1,0,0,0,0,0,0,558,0,0,0,0,0,337,0,0,0,0,0,0,5,40,1,4,2,0,0,1,237,416,8.021097046413502,23,558,1.655786350148368,40,0.0,0,4.859812404361672,11.313708498984761,393.84615384615387,0.0,5120,0.0,20354
top_ctrl,10,2,5.2,26,5,0,0,0,0,0,0,0,0,0,0,0,0,0,91,0,0,0,0,0,0,2,18,3,3,2,0,0,1,97,22,4.907216494845361,17,0,0.0,18,0.0,0,3.295836866004329,5.0990195135927845,93.60000000000001,0.0,468,0.0,4940
top_fsm_lightstand_pwm,32,3,15.25,122,8,3,0,0,0,0,0,0,393,0,0,0,0,0,603,0,0,0,0,0,0,8,66,2,1,2,0,0,1,649,277,6.090909090909091,37,393,0.6517412935323383,66,0.0,0,4.812184355372417,11.045361017187261,1006.5,0.0,8052,0.0,38400
top_led,9,4,7.5,120,16,0,0,11,0,0,0,0,602,0,0,0,0,0,935,0,0,0,0,0,0,15,60,2,2,2,0,0,1,1034,379,5.724371373307544,71,602,0.6438502673796791,60,0.0,0,4.795790545596741,10.954451150103322,450.0,0.0,7200,0.0,57021
top_level,16,2,7.222222222222222,65,9,0,1,0,0,0,0,0,323,0,0,0,0,0,278,0,0,0,0,0,0,6,35,3,2,2,0,0,1,295,216,6.311864406779661,39,323,1.1618705035971224,35,0.0,0,4.189654742026425,8.06225774829855,252.77777777777777,0.0,2275,0.0,15982
top_level_controller,4,4,4.0,4,1,0,0,0,0,0,0,0,0,0,0,0,0,0,50,0,0,0,0,0,0,2,3,1,1,2,0,0,1,98,23,3.061224489795918,3,0,0.0,3,0.0,0,1.6094379124341003,2.0,12.0,0.0,12,0.0,2601
top_level_counter24,5,5,5.0,5,1,0,0,0,0,0,0,0,0,0,0,0,0,0,41,0,0,0,0,0,0,1,5,1,2,2,0,0,1,68,21,3.411764705882353,4,0,0.0,5,0.0,0,1.791759469228055,2.23606797749979,25.0,0.0,25,0.0,1915
top_lightstand,32,3,13.777777777777779,124,9,3,0,0,0,0,0,0,606,0,0,0,0,0,714,0,0,0,0,0,0,9,86,2,1,2,0,0,1,639,300,7.0641627543036,39,606,0.8487394957983193,86,0.0,0,4.8283137373023015,11.135528725660043,1184.888888888889,0.0,10664,0.0,42016
top_module,48,27,41.0,287,7,0,0,0,0,0,0,0,2428,0,0,0,0,0,11537,0,0,0,0,0,0,7,1715,1,1,3,0,0,1,13345,5738,5.244810790558262,176,2428,0.21045332408771777,1715,0.0,0,5.662960480135946,16.941074346097416,70315.0,0.0,492205,0.0,692750
top_moter,32,2,11.0,143,13,3,0,1,0,0,0,0,518,0,0,0,0,0,845,0,4,0,0,0,0,10,89,2,4,2,0,0,1,865,358,6.217341040462427,48,518,0.6130177514792899,89,0.0,0,4.969813299576001,11.958260743101398,979.0,0.0,12727,0.0,50836
top_ms,16,4,7.5,90,12,0,1,3,0,0,0,0,0,0,0,0,0,0,299,0,3,0,0,0,0,1,0,2,8,2,0,0,1,408,183,4.681372549019608,17,0,0.0,0,0.0,0,4.51085950651685,9.486832980505138,0.0,0.0,0,0.0,16611
top_mux,32,32,32.0,96,3,3,0,0,0,0,0,0,0,0,0,0,0,0,66,0,0,0,0,0,0,0,0,3,1,2,0,0,1,46,34,7.282608695652174,9,0,0.0,0,0.0,0,4.574710978503383,9.797958971132712,0.0,0.0,0,0.0,2882
top_pwm,19,8,13.5,27,2,0,0,1,0,1,0,0,0,0,0,0,0,1,46,1,0,1,0,0,0,2,7,0,1,2,1,0,1,37,5,1.7027027027027026,0,1,0.021739130434782608,7,0.0,0,3.332204510175204,5.196152422706632,94.5,0.0,189,0.0,652
top_pwm_light,32,3,16.285714285714285,228,14,3,0,1,0,0,0,0,1570,0,0,0,0,0,839,0,0,0,0,0,0,14,126,2,1,2,0,0,1,507,337,12.2603550295858,56,1570,1.8712753277711562,126,0.0,0,5.43372200355424,15.0996688705415,2052.0,0.0,28728,0.0,57230
top_pwm_rainbow,32,3,19.625,314,16,8,0,3,0,0,0,0,909,0,0,0,0,0,1333,0,0,0,0,0,0,15,891,2,1,2,0,0,1,1174,485,7.305792163543441,64,909,0.68192048012003,891,0.0,0,5.752572638825633,17.72004514666935,17485.875,0.0,279774,0.0,78790
top_spi_final,8,8,8.0,40,5,0,0,5,0,0,0,0,0,0,0,0,0,0,208,0,0,0,0,0,0,1,33,2,5,2,0,0,1,225,87,5.2,22,0,0.0,33,0.0,0,3.713572066704308,6.324555320336759,264.0,0.0,1320,0.0,11175
top_stepmotordriver,32,3,17.75,71,4,2,0,0,0,0,0,0,0,0,0,0,0,0,47,0,0,0,0,0,0,1,0,2,1,2,0,0,1,66,20,3.3484848484848486,5,0,0.0,0,0.0,0,4.276666119016055,8.426149773176359,0.0,0.0,0,0.0,2073
top_vd,11,2,6.157894736842105,117,19,0,0,9,0,0,0,8,288409,0,0,0,0,0,146178,0,0,0,0,0,0,17,20588,1,2,2,0,0,1,77465,163954,12.881172142257794,3765,288417,1.9730534006485243,20588,0.0,0,4.770684624465665,10.816653826391969,126778.73684210527,0.0,2408796,0.0,9562207
total_zeros_decoding,16,4,5.444444444444445,49,9,0,1,0,0,0,0,0,0,0,0,0,0,0,434,0,0,0,0,0,0,2,22,6,34,2,0,0,1,601,252,4.733777038269551,31,0,0.0,22,0.0,0,3.912023005428146,7.0,119.77777777777779,0.0,1078,0.0,25879
traductor,7,3,5.0,10,2,0,0,0,0,0,0,0,0,0,0,0,0,0,37,0,1,0,0,0,0,1,7,2,1,2,0,0,1,60,13,3.2333333333333334,1,0,0.0,7,0.0,0,2.3978952727983707,3.1622776601683795,35.0,0.0,70,0.0,1620
traf3,25,3,11.333333333333334,34,3,0,0,0,0,0,0,0,0,0,0,0,0,0,274,0,0,0,0,0,0,3,28,1,1,2,0,0,1,333,133,5.225225225225225,27,0,0.0,28,0.0,0,3.5553480614894135,5.830951894845301,317.33333333333337,0.0,952,0.0,15288
traffic,6,3,4.333333333333333,13,3,0,0,0,0,0,0,0,0,0,0,0,0,0,92,0,0,0,0,0,0,3,7,1,1,2,0,0,1,142,45,3.971830985915493,10,0,0.0,7,0.0,0,2.6390573296152584,3.605551275463989,30.333333333333332,0.0,91,0.0,4772
traffic_light,4,4,4.0,8,2,0,0,0,0,0,0,0,0,0,0,0,0,0,68,0,0,0,0,0,0,3,4,1,0,2,0,0,1,106,28,3.792452830188679,5,0,0.0,4,0.0,0,2.1972245773362196,2.8284271247461903,16.0,0.0,32,0.0,3268
tramsmitter,16,4,8.666666666666666,26,3,0,1,0,0,0,0,0,0,0,0,0,0,0,281,0,7,0,0,0,0,2,15,10,29,2,0,0,1,417,156,4.589928057553957,26,0,0.0,15,0.0,0,3.295836866004329,5.0990195135927845,130.0,0.0,390,0.0,16702
trans8to1,8,8,8.0,8,1,0,0,1,0,0,0,0,0,0,0,0,0,0,31,0,0,0,0,0,0,1,2,2,1,2,0,0,1,61,14,2.4262295081967213,2,0,0.0,2,0.0,0,2.1972245773362196,2.8284271247461903,16.0,0.0,16,0.0,1347
transfer,64,3,33.0,99,3,1,0,0,0,0,0,0,0,0,0,0,0,0,253,0,0,0,0,0,0,1,32,3,1,2,0,0,1,298,111,4.946308724832215,20,0,0.0,32,0.0,0,4.605170185988092,9.9498743710662,1056.0,0.0,3168,0.0,13703
transform_butterfly,16,16,16.0,768,48,0,48,0,0,0,0,0,0,0,0,0,0,0,4573,0,8,0,0,1,0,17,256,17,16,2,0,0,1,4556,2004,5.762071992976295,113,0,0.0,256,0.0,0,6.645090969505644,27.712812921102035,4096.0,0.0,196608,0.0,255611
transform_fsm,5,2,4.0,24,6,0,0,0,0,0,0,0,0,0,0,0,0,0,171,0,0,0,0,1,0,2,33,5,2,2,0,0,1,238,68,4.30672268907563,20,0,0.0,33,0.0,0,3.2188758248682006,4.898979485566356,132.0,0.0,792,0.0,9751
transform_inverse_quant,39,3,15.169491525423728,895,59,0,17,0,0,0,0,0,12636,0,0,0,0,0,28888,0,0,0,0,1,0,25,2917,20,16,2,0,0,1,22912,12636,7.346979748603352,681,12636,0.4374134588756577,2917,0.0,0,6.79794041297493,29.916550603303182,44249.40677966102,0.0,2610715,0.0,1891143
transform_inverse_zigzag,16,4,13.696969696969697,452,33,0,16,0,0,0,0,0,0,0,0,0,0,0,601,0,80,0,0,1,0,1,0,18,16,2,0,0,1,392,205,8.045918367346939,56,0,0.0,0,0.0,0,6.115892125483034,21.2602916254693,0.0,0.0,0,0.0,36231
transform_regs,16,4,15.76,788,50,0,49,0,0,0,0,0,0,0,0,0,0,0,2970,0,0,0,0,1,0,1,1057,35,16,2,0,0,1,2648,1244,6.40143504531722,125,0,0.0,1057,0.0,0,6.670766320845874,28.071337695236398,16658.32,0.0,832916,0.0,171110
transform_top,39,2,13.316176470588236,1811,136,0,57,0,0,0,0,0,32429,0,0,0,0,0,53789,0,0,0,0,19794,0,100,7813,22,17,2,0,0,1,32919,16678,7.663173243415657,1039,32429,0.6028927847701203,7813,0.0,0,7.502186486602924,42.555845661906424,104039.28676470589,0.0,14149343,0.0,3251866
transmission_spliter,32,3,22.6,226,10,6,1,0,0,0,0,0,0,0,0,0,0,0,1139,0,3,0,0,0,0,4,106,5,4,2,0,0,1,1285,557,5.603891050583657,50,0,0.0,106,0.0,0,5.424950017481403,15.033296378372908,2395.6000000000004,0.0,23956,0.0,71758
transmit,10,4,7.6,38,5,0,0,3,0,0,0,0,27,0,0,0,0,0,160,0,0,4,0,0,0,5,24,2,1,2,4,0,1,212,48,4.849056603773585,23,27,0.16875,24,0.0,0,3.6635616461296463,6.164414002968976,182.39999999999998,0.0,912,0.0,9582
transmitter,8,2,6.0,18,3,0,0,2,0,0,0,0,0,0,0,0,0,0,85,0,0,0,0,0,0,3,14,2,1,2,0,0,1,130,33,3.9615384615384617,11,0,0.0,14,0.0,0,2.9444389791664403,4.242640687119285,84.0,0.0,252,0.0,4429
triangle_generator,24,16,21.75,87,4,0,1,0,0,0,0,0,73,0,0,0,0,0,144,0,0,0,0,0,0,3,24,2,1,2,0,0,1,95,82,7.684210526315789,19,73,0.5069444444444444,24,0.0,0,4.477336814478207,9.327379053088816,522.0,0.0,2088,0.0,8115
trigb,16,16,16.0,32,2,0,2,0,0,0,0,0,0,0,0,0,0,0,31,0,0,0,0,0,0,0,0,2,2,2,0,0,1,42,18,4.023809523809524,7,0,0.0,0,0.0,0,3.4965075614664802,5.656854249492381,0.0,0.0,0,0.0,1533
tri_color,16,3,9.2,46,5,0,1,1,0,0,0,0,98,0,0,0,0,0,181,0,0,0,0,0,0,5,27,2,1,2,0,0,1,223,77,4.901345291479821,20,98,0.5414364640883977,27,0.0,0,3.8501476017100584,6.782329983125268,248.39999999999998,0.0,1242,0.0,10579
ts_7dm,7,4,5.5,11,2,0,0,0,0,0,0,0,0,0,0,0,0,0,34,0,0,0,0,0,0,1,0,1,1,2,0,0,1,62,19,3.2419354838709675,3,0,0.0,0,0.0,0,2.4849066497880004,3.3166247903554,0.0,0.0,0,0.0,1607
tt06muldiv8top,16,8,9.6,96,10,0,2,8,0,0,0,0,1,0,0,0,0,0,1145,0,17,0,0,0,0,3,72,3,3,2,0,0,1,1602,573,4.817103620474407,65,1,0.0008733624454148472,72,0.0,0,4.574710978503383,9.797958971132712,691.1999999999999,0.0,6912,0.0,68798
tt_um_4bits_alu_an,8,8,8.0,40,5,0,0,5,0,0,0,0,878,0,0,0,0,0,448,0,16,0,0,0,0,1,0,3,3,2,0,0,1,449,427,7.089086859688196,35,878,1.9598214285714286,0,0.0,0,3.713572066704308,6.324555320336759,0.0,0.0,0,0.0,27037
tt_um_alu_decoders,14,8,9.0,54,6,0,0,5,0,0,0,20,20,0,0,0,0,0,152,0,24,0,0,0,0,2,0,3,3,2,0,0,1,218,70,4.243119266055046,16,40,0.2631578947368421,0,0.0,0,4.007333185232471,7.3484692283495345,0.0,0.0,0,0.0,7936
tt_um_ancho,8,3,6.857142857142857,48,7,0,0,5,0,0,0,0,50,0,0,0,0,0,78,0,26,0,0,0,0,3,6,3,3,2,0,0,1,76,50,4.7368421052631575,7,50,0.6410256410256411,6,0.0,0,3.8918202981106265,6.928203230275509,41.14285714285714,0.0,288,0.0,3277
tt_um_pwm_1,32,8,13.333333333333334,120,9,2,0,7,0,0,0,0,0,0,0,0,0,0,376,0,23,0,0,0,0,5,265,3,3,2,0,0,1,327,115,6.434250764525994,30,0,0.0,265,0.0,0,4.795790545596741,10.954451150103322,3533.3333333333335,0.0,31800,0.0,19940
tt_um_yeokm1_pwm_audio,9,6,7.888888888888889,71,9,0,0,7,0,0,0,24,46,0,0,0,0,0,173,0,22,0,0,0,0,5,17,3,3,2,0,0,1,177,37,5.299435028248587,26,70,0.4046242774566474,17,0.0,0,4.276666119016055,8.426149773176359,134.11111111111111,0.0,1207,0.0,8977
twenty_to_eight,1320,5,727.25,2909,4,0,0,0,0,0,0,0,0,0,0,0,0,0,11615,0,0,0,0,0,0,3,1590,2,2,2,0,0,1,11806,4331,6.181433169574793,507,0,0.0,1590,0.0,0,7.975908360165538,53.9351462406472,1156327.5,0.0,4625310,0.0,708551
twenty_to_five,1320,3,660.75,2643,4,0,0,0,0,0,0,0,0,0,0,0,0,0,8510,0,0,0,0,0,0,3,1323,2,2,2,0,0,1,8281,3054,6.517328825021132,470,0,0.0,1323,0.0,0,7.880048200971577,51.41011573610781,874172.25,0.0,3496689,0.0,529091
two4digitdisplay,20,7,13.4,67,5,0,2,1,0,0,0,0,0,0,0,0,0,0,183,0,0,0,0,0,0,2,20,3,2,2,0,0,1,251,97,5.091633466135458,21,0,0.0,20,0.0,0,4.219507705176107,8.18535277187245,268.0,0.0,1340,0.0,10855
twodigitdisplay,20,4,9.5,38,4,0,0,0,0,0,0,8,0,0,0,0,0,0,171,0,3,0,0,0,0,2,20,2,2,2,0,0,1,263,93,4.802281368821292,20,8,0.04678362573099415,20,0.0,0,3.6635616461296463,6.164414002968976,190.0,0.0,760,0.0,10393
twos_comp,8,6,7.333333333333333,22,3,0,0,2,0,0,0,0,21,0,0,0,0,0,40,0,0,0,0,0,0,2,0,1,1,2,0,0,1,44,21,3.7045454545454546,3,21,0.525,0,0.0,0,3.1354942159291497,4.69041575982343,0.0,0.0,0,0.0,1891
twoway_16bit_mux,16,16,16.0,48,3,0,3,0,0,0,0,0,0,0,0,0,0,0,44,0,0,0,0,0,0,0,0,3,1,2,0,0,1,30,18,5.833333333333333,9,0,0.0,0,0.0,0,3.8918202981106265,6.928203230275509,0.0,0.0,0,0.0,1595
two_decimal_vals,11,4,7.5,120,16,0,0,1,0,0,0,0,1871,0,0,0,0,0,753,0,0,0,0,0,0,14,0,1,2,2,0,0,1,307,760,15.651465798045603,39,1871,2.4847277556440903,0,0.0,0,4.795790545596741,10.954451150103322,0.0,0.0,0,0.0,47534
two_stage_buffer,16,16,16.0,64,4,0,4,0,0,0,0,0,0,0,0,0,0,0,103,0,0,0,0,0,0,1,48,2,2,2,0,0,1,18,50,22.27777777777778,12,0,0.0,48,0.0,0,4.174387269895637,8.0,768.0,0.0,3072,0.0,5664
two_to_one,66,2,33.5,134,4,0,0,0,0,0,0,0,0,0,0,0,0,0,291,0,0,0,0,0,0,3,68,2,2,2,0,0,1,269,100,7.591078066914498,26,0,0.0,68,0.0,0,4.90527477843843,11.575836902790225,2278.0,0.0,9112,0.0,18607
tx,8,2,5.0,10,2,0,0,1,0,0,0,0,0,0,0,0,0,0,54,0,0,0,0,0,0,2,5,2,1,2,0,0,1,113,26,3.353982300884956,5,0,0.0,5,0.0,0,2.3978952727983707,3.1622776601683795,25.0,0.0,50,0.0,3030
txuart,31,2,12.52659574468085,2355,188,0,0,10,0,29,65,20,0,56,77,58,4,307,1125,44,12,128,24,0,4,10,18,6,2,2,156,0,1,130,223,15.161538461538461,43,114,0.10133333333333333,134,0.16977777777777778,28,7.764720544771477,48.52834223420371,225.4787234042553,22.750222222222224,315570,1428.0319148936169,21922
txuartmanager,32,2,7.96,199,25,1,1,7,0,0,0,0,422,0,0,0,0,0,1088,0,0,0,0,0,0,23,117,4,1,2,0,0,1,1186,428,5.759696458684655,84,422,0.38786764705882354,117,0.0,0,5.298317366548036,14.106735979665885,931.32,0.0,23283,0.0,64344
tx_buffer_fifo_8word,400,4,343.42857142857144,4808,14,0,0,0,0,0,0,0,0,0,0,0,0,0,25730,0,0,1,0,0,0,13,4012,2,2,2,1,0,1,21437,8457,6.6457060222978965,1182,0,0.0,4012,0.0,0,8.478244441277663,69.33974329343886,1377835.4285714286,0.0,19289696,0.0,1469314
tx_encap_10g,256,2,45.23529411764706,769,17,1,4,1,0,0,0,0,36,0,0,0,0,0,2130,0,0,298,0,0,0,11,425,6,3,2,298,0,1,1720,514,7.05,112,36,0.016901408450704224,425,0.0,0,6.646390514847729,27.730849247724095,19225.0,0.0,326825,0.0,119166
tx_fsm,3,2,2.6666666666666665,8,3,0,0,0,0,0,0,0,0,0,0,0,0,0,55,0,0,0,0,0,0,3,11,1,2,2,0,0,1,82,17,3.573170731707317,5,0,0.0,11,0.0,0,2.1972245773362196,2.8284271247461903,29.333333333333332,0.0,88,0.0,2817
tx_funcmod,11,4,8.0,32,4,0,0,1,0,0,0,0,0,0,0,0,0,0,177,0,0,0,0,0,0,4,24,2,1,2,0,0,1,230,68,4.921739130434783,22,0,0.0,24,0.0,0,3.4965075614664802,5.656854249492381,192.0,0.0,768,0.0,9471
tx_mac10g_crc32x64,64,3,37.42857142857143,262,7,2,0,0,0,0,0,0,0,0,0,0,0,0,2275,0,0,0,0,0,0,4,101,4,2,2,0,0,1,2568,1183,5.637071651090342,61,0,0.0,101,0.0,0,5.572154032177765,16.186414056238647,3780.2857142857147,0.0,26462,0.0,134260
type_decoder,7,7,7.0,7,1,0,0,0,0,0,0,0,0,0,0,0,0,0,36,0,0,0,0,0,0,1,0,2,1,2,0,0,1,66,24,3.1666666666666665,4,0,0.0,0,0.0,0,2.0794415416798357,2.6457513110645907,0.0,0.0,0,0.0,1797
t_ff,1,1,1.0,1,0,0,0,0,1,0,0,0,0,0,0,0,0,0,16,0,2,0,0,0,0,13,2,1,2,2,0,0,1,23,5,2.217391304347826,0,0,0.0,2,0.0,0,0.6931471805599453,1.0,2.0,0.0,2,0.0,326
t_to_s,7,6,6.5,13,2,0,0,0,0,0,0,0,0,0,0,0,0,0,30,0,2,0,0,0,0,1,0,1,1,2,0,0,1,49,26,3.163265306122449,2,0,0.0,0,0.0,0,2.6390573296152584,3.605551275463989,0.0,0.0,0,0.0,1266
uart,32,4,20.25,324,16,7,3,2,0,0,0,0,98,0,0,0,0,0,1151,0,0,0,0,0,0,14,159,3,2,2,0,0,1,1122,414,5.936720142602495,79,98,0.08514335360556038,159,0.0,0,5.783825182329737,18.0,3219.75,0.0,51516,0.0,64060
uartplusbuffer,8,4,6.666666666666667,20,3,0,0,2,0,0,0,0,41,0,0,0,0,0,73,0,0,0,0,0,0,3,12,2,1,2,0,0,1,100,33,4.67,14,41,0.5616438356164384,12,0.0,0,3.044522437723423,4.47213595499958,80.0,0.0,240,0.0,4071
uartrx,8,8,8.0,16,2,0,0,2,0,0,0,0,0,0,0,0,0,0,159,0,0,0,0,0,0,2,24,1,2,2,0,0,1,243,85,4.530864197530864,18,0,0.0,24,0.0,0,2.833213344056216,4.0,192.0,0.0,384,0.0,9308
uarttx,8,8,8.0,16,2,0,0,2,0,0,0,0,0,0,0,0,0,0,118,0,0,0,0,0,0,2,14,2,1,2,0,0,1,191,66,4.261780104712042,15,0,0.0,14,0.0,0,2.833213344056216,4.0,112.0,0.0,224,0.0,6660
uart_apb_reg,32,2,13.545454545454545,149,11,3,1,3,0,0,0,52,0,0,0,0,0,0,423,0,24,0,0,0,0,3,231,5,6,2,0,0,1,389,112,5.892030848329049,39,52,0.12293144208037825,231,0.0,0,5.0106352940962555,12.206555615733702,3129.0,0.0,34419,0.0,25209
uart_baudrate_generator,16,16,16.0,32,2,0,2,0,0,1,0,0,0,0,0,0,0,4,25,1,1,2,0,0,0,0,1,3,1,2,2,0,1,19,6,2.1052631578947367,0,1,0.04,1,0.0,0,3.4965075614664802,5.656854249492381,16.0,0.0,32,0.0,557
uart_baud_clk,16,16,16.0,32,2,0,2,0,0,0,0,0,0,0,0,0,0,0,103,0,0,0,0,0,0,3,16,1,1,2,0,0,1,109,58,5.422018348623853,16,0,0.0,16,0.0,0,3.4965075614664802,5.656854249492381,256.0,0.0,512,0.0,5452
uart_baud_gen,16,4,12.0,36,3,0,2,0,0,0,0,0,0,0,0,0,0,0,240,0,0,0,0,0,0,3,20,2,1,2,0,0,1,287,107,5.003484320557491,25,0,0.0,20,0.0,0,3.6109179126442243,6.0,240.0,0.0,720,0.0,14386
uart_control,32,2,12.5,50,4,1,0,2,0,0,0,14,0,0,0,0,0,0,37,0,3,0,0,0,0,1,2,3,3,2,0,0,1,55,10,2.8363636363636364,0,14,0.3783783783783784,2,0.0,0,3.9318256327243257,7.0710678118654755,25.0,0.0,100,0.0,1578
uart_ctrl,16,2,7.0,77,11,0,2,4,0,0,0,6,0,0,0,0,0,0,175,0,38,10,0,0,0,1,115,6,7,2,10,0,1,165,40,4.1454545454545455,12,6,0.03428571428571429,115,0.0,0,4.356708826689592,8.774964387392123,805.0,0.0,8855,0.0,9935
uart_data_gen,26,6,12.571428571428571,88,7,0,0,4,0,0,0,0,96,0,0,0,0,0,305,0,0,0,0,0,0,5,52,3,2,2,0,0,1,293,84,5.675767918088737,25,96,0.31475409836065577,52,0.0,0,4.48863636973214,9.38083151964686,653.7142857142857,0.0,4576,0.0,16750
uart_debug,32,4,17.125,274,16,5,3,6,0,0,0,0,348,0,0,0,0,0,12440,0,3,0,0,0,0,14,1292,2,3,2,0,0,1,10206,6274,6.964236723495983,443,348,0.02797427652733119,1292,0.0,0,5.616771097666572,16.55294535724685,22125.5,0.0,354008,0.0,752082
uart_debug_if,32,2,7.153846153846154,93,13,1,0,3,0,0,0,0,0,0,0,0,0,0,72,0,0,1,0,0,0,1,0,12,1,2,1,0,1,72,34,5.916666666666667,11,0,0.0,0,0.0,0,4.543294782270004,9.643650760992955,0.0,0.0,0,0.0,3829
uart_fifo,8,4,6.25,25,4,0,0,2,0,0,0,0,0,0,0,0,0,0,952,0,0,649,0,0,0,2,144,2,3,2,649,0,1,847,512,6.753246753246753,60,0,0.0,144,0.0,0,3.258096538021482,5.0,900.0,0.0,3600,0.0,55328
uart_fifo1,12,8,11.055555555555555,199,18,0,0,2,0,0,0,0,82238,0,0,0,0,0,106088,0,0,1,0,0,0,15,16502,2,4,2,1,0,1,70059,81994,9.244165631824606,3171,82238,0.7751866375084835,16502,0.0,0,5.298317366548036,14.106735979665885,182438.77777777778,0.0,3283898,0.0,6458166
uart_io,32,4,10.933333333333334,164,15,2,0,4,0,0,0,0,515,0,0,0,0,0,1147,0,0,15,0,0,0,13,227,2,3,2,15,0,1,882,467,7.302721088435374,75,515,0.4489973844812554,227,0.0,0,5.10594547390058,12.806248474865697,2481.866666666667,0.0,37228,0.0,66000
uart_rd_lock,256,9,46.33812949640288,6441,139,129,0,0,0,0,0,0,0,0,0,0,0,0,19548,0,0,0,0,0,0,10,2342,130,2,2,0,0,1,18340,7695,6.4159760087241,1170,0,0.0,2342,0.0,0,8.770594329891145,80.25584090893322,108523.89928057554,0.0,15084822,0.0,1290395
uart_rec,8,2,4.8,24,5,0,0,1,0,0,0,0,0,0,0,0,0,0,168,0,0,0,0,0,0,5,25,1,2,2,0,0,1,204,59,4.71078431372549,22,0,0.0,25,0.0,0,3.2188758248682006,4.898979485566356,120.0,0.0,600,0.0,8999
uart_receive,8,2,4.6,23,5,0,0,1,0,0,0,0,0,0,0,0,0,0,245,0,0,8,0,0,0,4,48,2,2,2,8,0,1,293,103,4.8839590443686,25,0,0.0,48,0.0,0,3.1780538303479458,4.795831523312719,220.79999999999998,0.0,1104,0.0,14281
uart_receiver,11,4,8.0,32,4,0,0,1,0,0,0,0,30,0,0,0,0,0,143,0,0,12,0,0,0,4,25,1,2,2,12,0,1,174,46,4.655172413793103,18,30,0.2097902097902098,25,0.0,0,3.4965075614664802,5.656854249492381,200.0,0.0,800,0.0,8010
uart_receiver_switch,14,2,8.2,41,5,0,0,0,0,0,0,0,39,0,0,0,0,0,213,0,0,37,0,0,0,6,70,1,2,2,37,0,1,261,63,4.800766283524904,26,39,0.18309859154929578,70,0.0,0,3.7376696182833684,6.4031242374328485,574.0,0.0,2870,0.0,12043
uart_rx,32,6,14.571428571428571,102,7,2,0,4,0,0,0,0,341,0,0,0,0,0,569,0,0,0,0,0,0,7,69,1,2,2,0,0,1,608,320,5.802631578947368,35,341,0.5992970123022847,69,0.0,0,4.634728988229636,10.099504938362077,1005.4285714285714,0.0,7038,0.0,32976
uart_rx_data_sampling,5,3,4.333333333333333,13,3,0,0,0,0,0,0,0,0,0,0,0,0,0,59,0,1,0,0,0,0,2,3,3,1,2,0,0,1,107,22,3.317757009345794,4,0,0.0,3,0.0,0,2.6390573296152584,3.605551275463989,13.0,0.0,39,0.0,3065
uart_rx_deserializer,8,4,6.0,12,2,0,0,1,0,0,0,0,0,0,0,0,0,0,66,0,0,0,0,0,0,1,8,2,1,2,0,0,1,93,26,4.096774193548387,9,0,0.0,8,0.0,0,2.5649493574615367,3.4641016151377544,48.0,0.0,96,0.0,3363
uart_rx_edge_bit_counter,5,4,4.5,9,2,0,0,0,0,0,0,0,0,0,0,0,0,0,68,0,2,0,0,0,0,1,7,1,2,2,0,0,1,105,23,3.676190476190476,6,0,0.0,7,0.0,0,2.302585092994046,3.0,31.5,0.0,63,0.0,3509
uart_rx_fsm,5,3,4.0,20,5,0,0,0,0,0,0,0,0,0,0,0,0,0,87,0,1,0,0,0,0,3,4,4,1,2,0,0,1,141,38,3.517730496453901,6,0,0.0,4,0.0,0,3.044522437723423,4.47213595499958,16.0,0.0,80,0.0,4663
uart_rx_parity_check,8,4,5.5,22,4,0,0,1,0,0,0,0,0,0,0,0,0,0,108,0,0,0,0,0,0,2,10,4,1,2,0,0,1,165,38,4.012121212121212,13,0,0.0,10,0.0,0,3.1354942159291497,4.69041575982343,55.0,0.0,220,0.0,5792
uart_rx_top,8,3,4.875,39,8,0,0,2,0,0,0,0,111,0,0,0,0,0,342,0,1,0,0,0,0,7,33,2,2,2,0,0,1,448,159,4.988839285714286,33,111,0.32456140350877194,33,0.0,0,3.6888794541139363,6.244997998398398,160.875,0.0,1287,0.0,19654
uart_sync_flops,1,1,1.0,2,2,0,0,0,2,0,0,0,0,0,0,0,0,0,21,0,0,0,0,0,0,1,2,2,1,2,0,0,1,39,4,1.9487179487179487,0,0,0.0,2,0.0,0,1.0986122886681098,1.4142135623730951,2.0,0.0,4,0.0,805
uart_top,32,2,14.041666666666666,337,24,7,1,7,0,0,0,0,7511,0,0,0,0,0,8186,0,16,2812,0,0,0,54,3568,3,2,2,2812,0,1,4451,2733,8.8319478768816,238,7511,0.9175421451258245,3568,0.0,0,5.823045895483019,18.35755975068582,50100.666666666664,0.0,1202416,0.0,490949
uart_to_mem,32,2,10.5,189,18,3,0,3,0,0,0,12,543,0,0,0,0,0,1291,0,4,0,0,0,0,15,173,2,4,2,0,0,1,1265,543,6.1976284584980235,86,555,0.42989930286599537,173,0.0,0,5.247024072160486,13.74772708486752,1816.5,0.0,32697,0.0,76215
uart_trans,8,2,5.2,26,5,0,0,2,0,0,0,0,0,0,0,0,0,0,188,0,0,44,0,0,0,4,53,3,1,2,44,0,1,243,79,4.604938271604938,21,0,0.0,53,0.0,0,3.295836866004329,5.0990195135927845,275.6,0.0,1378,0.0,11299
uart_transmitter,11,3,7.333333333333333,44,6,0,0,1,0,0,0,0,30,0,0,0,0,0,207,0,0,37,0,0,0,6,28,2,1,2,37,0,1,234,68,4.914529914529915,23,30,0.14492753623188406,28,0.0,0,3.8066624897703196,6.6332495807108,205.33333333333331,0.0,1232,0.0,11125
uart_tx,32,6,17.2,86,5,2,0,2,0,0,0,0,341,0,0,0,0,0,394,0,0,0,0,0,0,5,45,2,1,2,0,0,1,416,320,6.081730769230769,30,341,0.8654822335025381,45,0.0,0,4.465908118654584,9.273618495495704,774.0,0.0,3870,0.0,23044
uart_tx_fsm,3,2,2.6666666666666665,8,3,0,0,0,0,0,0,0,0,0,0,0,0,0,42,0,0,0,0,0,0,3,4,1,2,2,0,0,1,58,15,3.0172413793103448,2,0,0.0,4,0.0,0,2.1972245773362196,2.8284271247461903,10.666666666666666,0.0,32,0.0,1896
uart_tx_paritycalc,8,8,8.0,8,1,0,0,1,0,0,0,0,0,0,0,0,0,0,24,0,0,0,0,0,0,1,1,2,1,2,0,0,1,49,10,2.510204081632653,0,0,0.0,1,0.0,0,2.1972245773362196,2.8284271247461903,8.0,0.0,8,0.0,1046
uart_tx_serializer,8,8,8.0,8,1,0,0,1,0,0,0,0,0,0,0,0,0,0,40,0,0,0,0,0,0,1,5,2,1,2,0,0,1,80,12,3.05,2,0,0.0,5,0.0,0,2.1972245773362196,2.8284271247461903,40.0,0.0,40,0.0,1995
uart_tx_top,8,3,4.666666666666667,14,3,0,0,1,0,0,0,0,68,0,0,0,0,0,99,0,0,0,0,0,0,3,11,2,1,2,0,0,1,169,42,4.035502958579881,13,68,0.6868686868686869,11,0.0,0,2.70805020110221,3.7416573867739413,51.333333333333336,0.0,154,0.0,5697
uart_wb,32,2,14.909090909090908,164,11,4,0,2,0,0,0,0,0,0,0,0,0,0,342,0,0,0,0,0,0,4,78,6,4,2,0,0,1,271,81,7.546125461254612,32,0,0.0,78,0.0,0,5.10594547390058,12.806248474865697,1162.9090909090908,0.0,12792,0.0,20578
uc,7,2,3.8,19,5,0,0,0,0,0,0,0,0,2,3,0,0,27,105,2,3,3,2,0,5,0,13,3,3,2,10,0,1,57,9,2.7017543859649122,0,0,0.0,13,0.047619047619047616,7,2.995732273553991,4.358898943540674,49.4,0.6190476190476191,247,7.6,2430
udl_counter_2,8,8,8.0,24,3,0,0,3,0,0,0,0,28,0,0,0,0,0,69,0,0,0,0,0,0,2,16,2,1,2,0,0,1,102,35,4.53921568627451,7,28,0.4057971014492754,16,0.0,0,3.2188758248682006,4.898979485566356,128.0,0.0,384,0.0,3708
udp_tx,32,2,14.411764705882353,245,17,2,7,4,0,0,0,0,244,0,0,0,0,0,822,0,0,14,0,0,0,10,85,8,2,2,14,0,1,830,253,5.901204819277108,49,244,0.29683698296836986,85,0.0,0,5.5053315359323625,15.652475842498529,1225.0,0.0,20825,0.0,50034
ufpdiv,9,9,9.0,27,3,0,0,0,0,0,0,0,0,0,0,0,0,0,661,0,0,0,0,0,0,1,0,2,1,2,0,0,1,1088,463,4.7068014705882355,27,0,0.0,0,0.0,0,3.332204510175204,5.196152422706632,0.0,0.0,0,0.0,41125
ufpmult,9,9,9.0,27,3,0,0,0,0,0,0,0,0,0,0,0,0,0,326,0,0,0,0,0,0,1,0,2,1,2,0,0,1,452,143,4.865044247787611,26,0,0.0,0,0.0,0,3.332204510175204,5.196152422706632,0.0,0.0,0,0.0,17543
ui,22,2,8.428571428571429,59,7,0,0,4,0,0,0,0,45,0,0,0,0,0,382,0,0,0,0,0,0,4,40,3,2,2,0,0,1,490,180,5.181632653061224,32,45,0.11780104712041885,40,0.0,0,4.0943445622221,7.681145747868608,337.14285714285717,0.0,2360,0.0,22823
ula,34,5,28.0,168,6,3,0,0,0,0,0,0,29839,0,0,0,0,0,12724,0,1,0,0,0,0,3,33,3,2,2,0,0,1,3570,14180,22.133053221288517,235,29839,2.345095881798177,33,0.0,0,5.1298987149230735,12.96148139681572,924.0,0.0,5544,0.0,816608
ulapc,64,63,63.8,319,5,0,0,0,0,0,0,0,193,0,0,0,0,0,209,0,0,0,0,0,0,3,0,3,1,2,0,0,1,160,193,9.38125,15,193,0.9234449760765551,0,0.0,0,5.768320995793772,17.86057109949175,0.0,0.0,0,0.0,14888
universal_shift_reg,4,3,3.75,15,4,0,0,0,0,0,0,0,4,0,0,0,0,0,59,0,0,1,0,0,0,2,5,3,1,2,1,0,1,103,29,3.6407766990291264,6,4,0.06779661016949153,5,0.0,0,2.772588722239781,3.872983346207417,18.75,0.0,75,0.0,2989
univshift,4,2,3.3333333333333335,10,3,0,0,0,0,0,0,0,0,0,0,0,0,0,47,0,0,1,0,0,0,1,4,3,1,2,1,0,1,70,20,3.6285714285714286,3,0,0.0,4,0.0,0,2.3978952727983707,3.1622776601683795,13.333333333333334,0.0,40,0.0,2062
univ_out_h7,64,3,25.72,643,25,0,1,0,0,0,0,0,0,0,0,0,0,0,1232,0,9,0,0,0,0,19,480,5,3,2,0,0,1,506,517,12.274703557312254,102,0,0.0,480,0.0,0,6.467698726104354,25.357444666211933,12345.599999999999,0.0,308640,0.0,73557
unpack,16,2,9.428571428571429,66,7,0,2,0,0,0,0,8,0,0,0,0,0,0,99,0,37,7,0,0,0,1,0,2,6,2,7,0,1,92,37,5.25,13,8,0.08080808080808081,0,0.0,0,4.204692619390966,8.12403840463596,0.0,0.0,0,0.0,3784
unstable_counters,16,8,14.4,72,5,0,4,1,0,0,0,0,0,0,0,0,0,0,79,0,0,0,0,0,0,1,0,1,1,2,0,0,1,130,56,4.246153846153846,12,0,0.0,0,0.0,0,4.290459441148391,8.48528137423857,0.0,0.0,0,0.0,4691
upa1,16,10,14.4,72,5,0,2,0,0,0,0,0,80,0,0,0,0,0,99,0,1,0,0,0,0,4,0,2,2,2,0,0,1,106,52,6.10377358490566,15,80,0.8080808080808081,0,0.0,0,4.290459441148391,8.48528137423857,0.0,0.0,0,0.0,6059
upa2,16,15,15.666666666666666,94,6,0,4,0,0,0,0,0,98,0,0,0,0,0,221,0,0,0,0,0,0,4,0,3,2,2,0,0,1,293,95,5.412969283276451,21,98,0.4434389140271493,0,0.0,0,4.553876891600541,9.695359714832659,0.0,0.0,0,0.0,13837
upb,16,2,13.125,105,8,0,4,0,0,0,0,0,77,0,0,0,0,0,137,0,7,0,0,0,0,5,0,4,2,2,0,0,1,135,49,5.718518518518518,16,77,0.5620437956204379,0,0.0,0,4.663439094112067,10.246950765959598,0.0,0.0,0,0.0,7991
upcount,4,4,4.0,4,1,0,0,0,0,0,0,0,20,0,0,0,0,0,43,0,0,0,0,0,0,1,5,1,2,2,0,0,1,63,20,3.5873015873015874,4,20,0.46511627906976744,5,0.0,0,1.6094379124341003,2.0,20.0,0.0,20,0.0,1910
upcounter_4bit_using_clock_divider,27,4,18.666666666666668,56,3,0,0,0,0,0,0,0,78,0,0,0,0,0,190,0,0,0,0,0,0,3,32,1,1,2,0,0,1,197,83,5.598984771573604,19,78,0.4105263157894737,32,0.0,0,4.04305126783455,7.483314773547883,597.3333333333334,0.0,1792,0.0,10386
upcounter_6bit,6,6,6.0,6,1,0,0,0,0,0,0,0,0,0,0,0,0,0,44,0,0,0,0,0,0,1,6,1,1,2,0,0,1,70,26,3.414285714285714,3,0,0.0,6,0.0,0,1.9459101490553132,2.449489742783178,36.0,0.0,36,0.0,2102
up_axi,32,2,17.0,238,14,5,2,0,0,0,0,12,0,0,0,0,0,0,684,0,4,0,0,0,0,4,145,6,7,2,0,0,1,521,147,6.821497120921305,53,12,0.017543859649122806,145,0.0,0,5.476463551931511,15.427248620541512,2465.0,0.0,34510,0.0,37551
up_clkgen,32,12,20.444444444444443,184,9,3,3,0,0,0,0,6,20,0,0,0,0,0,637,0,0,0,0,0,0,3,143,5,4,2,0,0,1,631,226,6.096671949286846,45,26,0.04081632653061224,143,0.0,0,5.220355825078324,13.564659966250536,2923.555555555555,0.0,26312,0.0,39701
up_clock_mon,33,14,25.2,126,5,1,1,0,0,0,0,0,141,0,0,0,0,0,483,0,0,0,0,0,0,5,88,1,1,2,0,0,1,355,134,7.56056338028169,37,141,0.2919254658385093,88,0.0,0,4.844187086458591,11.224972160321824,2217.6,0.0,11088,0.0,27532
up_counter,4,4,4.0,4,1,0,0,0,0,0,0,0,0,0,0,0,0,0,27,0,0,0,0,0,0,1,4,1,1,2,0,0,1,46,13,2.6956521739130435,1,0,0.0,4,0.0,0,1.6094379124341003,2.0,16.0,0.0,16,0.0,1079
up_delay_cntrl,40,8,25.714285714285715,180,7,2,0,1,0,0,0,6,20,0,0,0,0,0,445,0,0,0,0,0,0,1,112,5,4,2,0,0,1,355,124,6.709859154929577,33,26,0.058426966292134834,112,0.0,0,5.198497031265826,13.416407864998739,2880.0,0.0,20160,0.0,24621
up_down_cnt_f,3,3,3.0,3,1,0,0,0,0,0,0,8,0,0,0,0,0,0,44,0,0,0,0,0,0,1,5,1,1,2,0,0,1,90,18,2.8444444444444446,3,8,0.18181818181818182,5,0.0,0,1.3862943611198906,1.7320508075688772,15.0,0.0,15,0.0,2277
up_down_counter,4,4,4.0,4,1,0,0,0,0,0,0,0,0,0,0,0,0,0,40,0,0,0,0,0,0,1,4,1,1,2,0,0,1,79,22,3.278481012658228,3,0,0.0,4,0.0,0,1.6094379124341003,2.0,16.0,0.0,16,0.0,2056
up_down_counter_4bit,4,4,4.0,4,1,0,0,0,0,0,0,0,0,0,0,0,0,0,44,0,0,0,0,0,0,1,4,1,1,2,0,0,1,77,22,3.220779220779221,3,0,0.0,4,0.0,0,1.6094379124341003,2.0,16.0,0.0,16,0.0,2125
up_xfer_cntrl,8,6,7.5,30,4,0,0,3,0,0,0,0,0,0,0,0,0,0,158,0,0,0,0,0,0,3,31,2,2,2,0,0,1,160,33,4.95,24,0,0.0,31,0.0,0,3.4339872044851463,5.477225575051661,232.5,0.0,930,0.0,8558
up_xfer_status,8,6,7.6,38,5,0,0,4,0,0,0,0,0,0,0,0,0,0,175,0,0,0,0,0,0,4,38,2,1,2,0,0,1,165,38,5.430303030303031,22,0,0.0,38,0.0,0,3.6635616461296463,6.164414002968976,288.8,0.0,1444,0.0,9662
usb,16,2,14.444444444444445,130,9,0,8,0,0,0,0,0,48,0,0,0,0,0,193,0,2,0,0,0,0,1,0,3,4,2,0,0,1,122,66,6.983606557377049,23,48,0.24870466321243523,0,0.0,0,4.875197323201151,11.40175425099138,0.0,0.0,0,0.0,12032
usbf_crc16,16,8,13.333333333333334,40,3,0,2,1,0,0,0,0,0,0,0,0,0,0,44,0,7,0,0,0,0,1,0,2,1,2,0,0,1,51,22,4.372549019607843,6,0,0.0,0,0.0,0,3.713572066704308,6.324555320336759,0.0,0.0,0,0.0,2154
usbh_crc5,11,5,7.0,21,3,0,0,0,0,0,0,0,0,0,0,0,0,0,34,0,0,0,0,0,0,1,0,2,1,2,0,0,1,54,22,3.814814814814815,5,0,0.0,0,0.0,0,3.091042453358316,4.58257569495584,0.0,0.0,0,0.0,1718
usb_fs_phy,8,2,4.2,42,10,0,0,2,0,0,0,0,0,0,0,0,0,0,456,0,2,0,0,0,0,6,51,4,3,2,0,0,1,570,203,4.97719298245614,34,0,0.0,51,0.0,0,3.7612001156935624,6.48074069840786,214.20000000000002,0.0,2142,0.0,27120
usb_tx_phy,8,3,5.5,33,6,0,0,3,0,0,0,0,0,0,0,0,0,0,268,0,0,0,0,0,0,6,103,2,1,2,0,0,1,329,97,4.838905775075988,23,0,0.0,103,0.0,0,3.5263605246161616,5.744562646538029,566.5,0.0,3399,0.0,14994
userio_osd_spi,8,3,6.8,34,5,0,0,3,0,0,0,0,0,0,0,0,0,0,114,0,0,0,0,0,0,4,86,2,2,2,0,0,1,115,33,4.956521739130435,13,0,0.0,86,0.0,0,3.5553480614894135,5.830951894845301,584.8,0.0,2924,0.0,5596
userio_ps2mouse,16,3,8.9375,143,16,0,2,5,0,0,0,0,329,0,0,0,0,0,684,0,0,0,0,0,0,12,79,3,4,2,0,0,1,755,276,5.9801324503311255,68,329,0.48099415204678364,79,0.0,0,4.969813299576001,11.958260743101398,706.0625,0.0,11297,0.0,40164
user_module_hamming74,8,7,7.666666666666667,23,3,0,0,2,0,0,0,0,0,0,0,0,0,0,74,0,4,0,0,0,0,2,0,1,1,3,0,0,1,107,40,4.009345794392523,8,0,0.0,0,0.0,0,3.1780538303479458,4.795831523312719,0.0,0.0,0,0.0,3654
user_project_wrapper,128,3,50.69230769230769,659,13,3,0,0,0,0,0,0,157531,0,0,0,0,0,135408,0,0,0,0,0,0,1,1684,9,24,2,0,0,1,123697,157531,3.7951688399880354,567,157531,1.1633803024932057,1684,0.0,0,6.492239835020471,25.67099530598687,85365.84615384616,0.0,1109756,0.0,7470874
user_proj_example,20,5,12.5,25,2,0,0,0,0,0,0,0,0,0,0,0,0,0,485637,0,2,0,0,0,0,1,0,19,7,2,0,0,1,485717,276319,2.0003994095327116,17,0,0.0,0,0.0,0,3.258096538021482,5.0,0.0,0.0,0,0.0,24668287
user_proj_pwm,15,15,15.0,45,3,0,0,0,0,0,0,0,0,0,0,0,0,0,87577,0,24,0,0,0,0,1,0,12,11,2,0,0,1,87701,48388,2.0249141971015154,61,0,0.0,0,0.0,0,3.828641396489095,6.708203932499369,0.0,0.0,0,0.0,4368729
usr,4,2,3.3333333333333335,10,3,0,0,0,0,0,0,0,0,0,0,0,0,0,52,0,2,0,0,0,0,1,4,3,2,2,0,0,1,74,18,3.6486486486486487,2,0,0.0,4,0.0,0,2.3978952727983707,3.1622776601683795,13.333333333333334,0.0,40,0.0,2388
utf8decoder,21,2,7.375,59,8,0,0,4,0,2,0,0,0,14,3,0,1,62,96,1,0,16,0,0,0,0,41,5,2,2,16,0,1,51,21,4.411764705882353,7,2,0.020833333333333332,41,0.17708333333333334,0,4.0943445622221,7.681145747868608,302.375,7.260416666666667,2419,103.25,2821
util_axis_upscale,128,96,112.0,224,2,0,0,0,0,0,0,0,0,0,0,0,0,0,409,0,0,0,0,0,0,1,130,2,2,2,0,0,1,273,131,7.7765567765567765,23,0,0.0,130,0.0,0,5.41610040220442,14.966629547095765,14560.0,0.0,29120,0.0,23407
util_dec256sinc24b,38,14,32.75,655,20,0,3,0,0,0,0,0,1566,0,0,0,0,0,2109,0,0,646,0,0,0,19,220,2,2,2,646,0,1,1258,736,10.267090620031796,137,1566,0.7425320056899004,220,0.0,0,6.486160788944089,25.592967784139454,7205.0,0.0,144100,0.0,124996
util_pulse_gen,32,32,32.0,224,7,7,0,0,0,0,0,0,507,0,0,0,0,0,994,0,0,0,0,0,0,5,161,3,2,2,0,0,1,643,320,8.704510108864696,61,507,0.5100603621730382,161,0.0,0,5.41610040220442,14.966629547095765,5152.0,0.0,36064,0.0,59732
uvm_mux,32,32,32.0,96,3,3,0,0,0,0,0,0,0,0,0,0,0,0,76,0,0,0,0,0,0,0,0,3,1,2,0,0,1,46,34,7.282608695652174,9,0,0.0,0,0.0,0,4.574710978503383,9.797958971132712,0.0,0.0,0,0.0,3448
u_hsst_src,40,3,13.818181818181818,304,22,0,2,0,0,0,0,0,180,0,0,0,0,0,1371,0,88,0,0,0,0,5,320,2,18,2,0,0,1,916,512,8.851528384279476,77,180,0.13129102844638948,320,0.0,0,5.720311776607412,17.435595774162696,4421.818181818182,0.0,97280,0.0,90315
u_to_s,27,26,26.5,53,2,0,0,0,0,0,0,0,0,0,0,0,0,0,137,0,1,0,0,0,0,1,0,2,1,2,0,0,1,182,77,4.527472527472527,14,0,0.0,0,0.0,0,3.9889840465642745,7.280109889280518,0.0,0.0,0,0.0,7809
valu,32,8,20.166666666666668,121,6,3,0,2,0,1,0,1,0,4,8,0,0,9,38,1,1,4,0,0,1,0,0,6,3,2,5,0,1,29,9,2.793103448275862,0,2,0.05263157894736842,0,0.3157894736842105,1,4.804021044733257,11.0,0.0,0.0,0,80.66666666666667,789
valu_ctrl,10,3,6.5,13,2,0,0,0,0,0,0,0,0,0,0,0,0,0,24,0,0,0,0,0,0,1,0,1,1,2,0,0,1,43,17,2.697674418604651,2,0,0.0,0,0.0,0,2.6390573296152584,3.605551275463989,0.0,0.0,0,0.0,1064
vbits_to_cbits,77,2,15.037037037037036,406,27,0,3,2,0,0,0,0,5775,0,0,0,0,0,3871,0,0,0,0,0,0,25,734,1846,223,2,0,0,1,2304,2291,9.67751736111111,116,5775,1.4918625678119348,734,0.0,0,6.008813185442595,20.149441679609886,11037.185185185184,0.0,298004,0.0,241027
vcontrol,7,2,4.5,9,2,0,0,0,0,0,0,0,0,0,0,0,0,0,43,0,2,0,0,0,0,1,0,1,2,2,0,0,1,72,24,3.1527777777777777,3,0,0.0,0,0.0,0,2.302585092994046,3.0,0.0,0.0,0,0.0,2021
vedic8,16,4,8.173913043478262,188,23,0,5,7,0,0,0,0,6,0,0,0,0,0,183,0,1,0,0,0,0,2,0,2,1,2,0,0,1,292,75,3.7636986301369864,15,6,0.03278688524590164,0,0.0,0,5.241747015059643,13.711309200802088,0.0,0.0,0,0.0,10346
vedic_16x16,32,16,21.333333333333332,64,3,1,2,0,0,0,0,0,0,0,0,0,0,0,1458,0,0,0,0,0,0,1,0,2,1,2,0,0,1,2228,795,4.795780969479353,50,0,0.0,0,0.0,0,4.174387269895637,8.0,0.0,0.0,0,0.0,92226
vedic_4x4,8,4,5.333333333333333,16,3,0,0,1,0,0,0,0,0,0,0,0,0,0,81,0,0,0,0,0,0,1,0,2,1,2,0,0,1,151,50,3.814569536423841,10,0,0.0,0,0.0,0,2.833213344056216,4.0,0.0,0.0,0,0.0,4454
vedic_8x8,16,8,10.666666666666666,32,3,0,1,2,0,0,0,0,0,0,0,0,0,0,375,0,0,0,0,0,0,1,0,2,1,2,0,0,1,635,244,4.481889763779527,23,0,0.0,0,0.0,0,3.4965075614664802,5.656854249492381,0.0,0.0,0,0.0,23041
verilog2,4,3,3.3333333333333335,10,3,0,0,0,0,0,0,0,0,0,0,0,0,0,46,0,0,0,0,0,0,3,7,1,1,2,0,0,1,70,15,3.4285714285714284,3,0,0.0,7,0.0,0,2.3978952727983707,3.1622776601683795,23.333333333333336,0.0,70,0.0,2294
vex_mem,32,5,26.6,266,10,8,0,0,0,0,0,0,0,0,0,0,0,0,302,0,0,0,0,0,0,1,138,6,6,2,0,0,1,89,138,17.853932584269664,42,0,0.0,138,0.0,0,5.58724865840025,16.30950643030009,3670.8,0.0,36708,0.0,18451
vga,12,4,7.5,60,8,0,0,2,0,0,0,0,54,0,0,0,0,0,190,0,1,0,0,0,0,3,35,2,6,2,0,0,1,226,60,5.469026548672566,29,54,0.28421052631578947,35,0.0,0,4.110873864173311,7.745966692414834,262.5,0.0,2100,0.0,10748
vga640x360,10,9,9.75,39,4,0,0,0,0,0,0,0,0,0,0,0,0,0,248,0,0,0,0,0,0,3,20,1,3,2,0,0,1,338,136,4.866863905325443,23,0,0.0,20,0.0,0,3.6888794541139363,6.244997998398398,195.0,0.0,780,0.0,14251
vga640x480,10,9,9.75,39,4,0,0,0,0,0,0,0,0,0,0,0,0,0,221,0,0,0,0,0,0,3,20,1,3,2,0,0,1,288,117,4.965277777777778,23,0,0.0,20,0.0,0,3.6888794541139363,6.244997998398398,195.0,0.0,780,0.0,12402
vgadatamux_verilog,16,6,11.0,22,2,0,1,0,0,0,0,0,0,0,0,0,0,0,28,0,6,0,0,0,0,1,0,2,1,2,0,0,1,27,14,3.5925925925925926,1,0,0.0,0,0.0,0,3.1354942159291497,4.69041575982343,0.0,0.0,0,0.0,1120
vgasync,10,3,8.0,64,8,0,0,0,0,0,0,0,160,0,0,0,0,0,620,0,2,0,0,0,0,7,57,2,2,2,0,0,1,689,259,5.746008708272859,52,160,0.25806451612903225,57,0.0,0,4.174387269895637,8.0,456.0,0.0,3648,0.0,37859
vga_address_translator,17,8,11.333333333333334,34,3,0,0,1,0,0,0,0,0,0,0,0,0,0,92,0,8,0,0,0,0,1,0,2,1,2,0,0,1,160,50,3.9125,10,0,0.0,0,0.0,0,3.5553480614894135,5.830951894845301,0.0,0.0,0,0.0,4964
vga_controller,10,2,8.4,42,5,0,0,0,0,0,0,0,0,0,0,0,0,0,202,0,0,0,0,0,0,4,66,1,3,2,0,0,1,215,67,5.8279069767441865,22,0,0.0,66,0.0,0,3.7612001156935624,6.48074069840786,554.4,0.0,2772,0.0,11866
vga_ctrl,22,10,11.454545454545455,126,11,0,0,0,0,0,0,0,0,0,0,0,0,0,357,0,43,3,0,0,0,3,22,4,7,2,3,0,1,411,164,5.160583941605839,35,0,0.0,22,0.0,0,4.844187086458591,11.224972160321824,252.0,0.0,2772,0.0,19456
vga_display,12,4,5.454545454545454,60,11,0,0,0,0,0,0,0,70,0,0,0,0,0,266,0,0,0,0,0,0,1,66,7,6,2,0,0,1,281,85,5.330960854092527,23,70,0.2631578947368421,66,0.0,0,4.110873864173311,7.745966692414834,360.0,0.0,3960,0.0,15312
vga_driver,10,8,9.428571428571429,132,14,0,0,4,0,0,0,0,108,0,0,0,0,0,366,0,30,0,0,0,0,7,44,4,6,2,0,0,1,317,85,6.350157728706624,42,108,0.29508196721311475,44,0.0,0,4.890349128221754,11.489125293076057,414.8571428571429,0.0,5808,0.0,19144
vga_mode,21,11,14.333333333333334,43,3,0,0,0,0,0,0,0,0,0,0,0,0,0,43,0,0,0,0,0,0,1,0,3,1,2,0,0,1,77,21,2.831168831168831,3,0,0.0,0,0.0,0,3.784189633918261,6.557438524302,0.0,0.0,0,0.0,1960
vga_rd_counter,11,11,11.0,22,2,0,0,0,0,0,0,0,0,0,0,0,0,0,133,0,0,0,0,0,0,1,23,1,2,2,0,0,1,166,56,4.9156626506024095,20,0,0.0,23,0.0,0,3.1354942159291497,4.69041575982343,253.0,0.0,506,0.0,7360
vga_sync_generator,12,9,10.5,42,4,0,0,0,0,0,0,0,63,0,0,0,0,0,185,0,0,0,0,0,0,3,26,1,3,2,0,0,1,211,70,5.260663507109005,26,63,0.34054054054054056,26,0.0,0,3.7612001156935624,6.48074069840786,273.0,0.0,1092,0.0,10472
vga_text_modifier,32,4,13.421052631578947,255,19,4,1,1,0,0,0,4,1057,0,0,0,0,0,1186,0,35,5,1,240,0,8,125,49,38,2,6,0,1,937,407,7.669156883671292,98,1061,0.8946037099494097,125,0.0,1,5.545177444479562,15.968719422671311,1677.6315789473683,0.0,31875,0.0,71469
vid,32,3,16.2,162,10,3,0,1,0,0,0,0,57,0,0,0,0,0,385,0,3,0,0,0,0,8,102,2,3,2,0,0,1,280,107,7.567857142857143,41,57,0.14805194805194805,102,0.0,0,5.093750200806762,12.727922061357855,1652.3999999999999,0.0,16524,0.0,20640
video_ctrl,16,13,14.5,116,8,0,4,0,0,0,0,0,0,0,0,0,0,0,473,0,69,0,0,0,0,1,52,1,9,2,0,0,1,479,190,5.803757828810021,38,0,0.0,52,0.0,0,4.762173934797756,10.770329614269007,754.0,0.0,6032,0.0,25862
video_output,64,8,22.0625,353,16,0,6,3,0,0,0,0,0,0,0,0,0,0,1083,0,0,0,0,0,0,12,142,5,3,2,0,0,1,1346,478,5.4665676077265974,61,0,0.0,142,0.0,0,5.869296913133774,18.788294228055936,3132.875,0.0,50126,0.0,64213
video_sync_generator,11,9,10.0,40,4,0,0,0,0,0,0,0,0,0,0,0,0,0,218,0,0,0,0,0,0,3,24,1,3,2,0,0,1,290,110,4.975862068965517,27,0,0.0,24,0.0,0,3.713572066704308,6.324555320336759,240.0,0.0,960,0.0,12436
vinisha_3bit_counter,3,3,3.0,3,1,0,0,0,0,0,0,0,0,0,0,0,0,0,21,0,0,0,0,0,0,1,3,1,1,2,0,0,1,33,10,2.515151515151515,0,0,0.0,3,0.0,0,1.3862943611198906,1.7320508075688772,9.0,0.0,9,0.0,793
viterbie,64,64,64.0,320,5,0,0,0,0,0,0,0,0,0,0,0,0,0,338,0,0,0,0,0,0,4,192,2,1,2,0,0,1,117,193,18.521367521367523,32,0,0.0,192,0.0,0,5.771441123130016,17.88854381999832,12288.0,0.0,61440,0.0,21375
viterbi_add_select,14,13,13.733333333333333,412,30,0,0,0,0,0,0,0,344,0,0,0,0,0,1696,0,0,4,0,4,0,21,396,7,5,2,4,0,1,1599,576,6.647904940587868,116,344,0.2028301886792453,396,0.0,0,6.023447592961033,20.29778313018444,5438.4,0.0,163152,0.0,109115
viterbi_data_forward,64,8,13.660964230171073,8784,643,0,0,2,0,0,0,0,44580,0,0,0,0,0,81379,0,0,0,0,1,0,641,13660,3,2,2,0,0,1,46920,21831,8.265643648763854,1877,44580,0.5478071738409171,13660,0.0,0,9.080801000621198,93.72299611087985,186608.77138413687,0.0,119989440,0.0,4937016
viterbi_dec,6,2,3.2857142857142856,46,14,0,0,0,0,0,0,0,0,0,0,0,0,0,418,0,0,61,0,0,0,11,46,3,3,2,61,0,1,478,185,5.123430962343096,33,0,0.0,46,0.0,0,3.8501476017100584,6.782329983125268,151.14285714285714,0.0,2116,0.0,23910
viterbi_enc,2,2,2.0,4,2,0,0,0,0,0,0,0,0,0,0,0,0,0,28,0,0,10,0,0,0,2,5,1,2,2,10,0,1,45,8,2.7333333333333334,0,0,0.0,5,0.0,0,1.6094379124341003,2.0,10.0,0.0,20,0.0,1154
viterbi_encode9,8,2,4.0,12,3,0,0,1,0,0,0,0,10,0,0,0,0,0,39,0,0,0,0,0,0,3,10,1,1,2,0,0,1,45,23,4.2,3,10,0.2564102564102564,10,0.0,0,2.5649493574615367,3.4641016151377544,40.0,0.0,120,0.0,1798
viterbi_encoder,8,2,4.0,12,3,0,0,1,0,0,0,0,10,0,0,0,0,0,39,0,0,0,0,0,0,3,10,1,1,2,0,0,1,45,23,4.2,3,10,0.2564102564102564,10,0.0,0,2.5649493574615367,3.4641016151377544,40.0,0.0,120,0.0,1798
vnu_2,33,31,32.0,288,9,5,0,0,0,0,0,0,650,0,0,0,0,0,634,0,1,0,0,0,0,5,65,4,3,2,0,0,1,440,248,9.525,32,650,1.025236593059937,65,0.0,0,5.666426688112432,16.97056274847714,2080.0,0.0,18720,0.0,40114
vnu_3,33,31,32.0,416,13,7,0,0,0,0,0,0,975,0,0,0,0,0,910,0,1,0,0,0,0,7,97,5,4,2,0,0,1,509,372,11.74459724950884,37,975,1.0714285714285714,97,0.0,0,6.0330862217988015,20.396078054371138,3104.0,0.0,40352,0.0,57768
vnu_6,33,31,32.0,800,25,13,0,0,0,0,0,0,1950,0,0,0,0,0,1750,0,1,0,0,0,0,13,193,8,7,2,0,0,1,740,744,15.448648648648648,104,1950,1.1142857142857143,193,0.0,0,6.68586094706836,28.284271247461902,6176.0,0.0,154400,0.0,111856
volume_indicator,13,4,9.857142857142858,69,7,0,0,2,0,0,0,0,0,0,0,0,0,0,443,0,4,0,0,0,0,4,53,2,3,2,0,0,1,485,185,5.298969072164948,31,0,0.0,53,0.0,0,4.248495242049359,8.306623862918075,522.4285714285714,0.0,3657,0.0,24186
volume_visual,12,4,7.428571428571429,52,7,0,0,0,0,0,0,12,0,0,0,0,0,0,873,0,4,0,0,0,0,1,0,4,4,2,0,0,1,1348,471,4.502225519287834,42,12,0.013745704467353952,0,0.0,0,3.970291913552122,7.211102550927978,0.0,0.0,0,0.0,51610
voter,1,1,1.0,1,0,0,0,0,1,0,4,0,1,3,2,0,0,0,18,0,1,0,0,0,0,4,0,3,1,2,0,0,1,14,5,2.142857142857143,0,5,0.2777777777777778,0,0.2777777777777778,0,0.6931471805599453,1.0,0.0,0.0,0,3.0,244
vpu_addr_gen,8,6,7.0,378,54,0,0,27,0,0,0,0,567,0,0,0,0,0,1182,0,0,0,0,0,0,28,216,1,27,2,0,0,1,824,405,8.263349514563107,113,567,0.4796954314720812,216,0.0,0,5.937536205082426,19.44222209522358,1512.0,0.0,81648,0.0,69393
vram,40960,4,2168.6315789473683,41204,19,3,4,10,0,0,0,0,0,4,0,0,0,4,64,2,2,1,0,0,0,2,3,13,4,4,1,0,1,36,13,4.638888888888889,7,0,0.0,3,0.0625,0,10.626314887197484,202.98768435548004,6505.894736842105,0.1875,123612,8674.526315789473,1365
vsync,11,11,11.0,11,1,0,0,0,0,0,0,0,0,0,0,0,0,0,91,0,0,0,0,0,0,2,12,1,1,2,0,0,1,126,54,4.277777777777778,14,0,0.0,12,0.0,0,2.4849066497880004,3.3166247903554,132.0,0.0,132,0.0,4718
vtc_cell,8,4,6.8,68,10,0,0,6,0,0,0,0,42,0,0,0,0,0,191,0,0,0,0,0,0,4,33,5,4,2,0,0,1,183,40,5.967213114754099,26,42,0.2198952879581152,33,0.0,0,4.23410650459726,8.246211251235321,224.4,0.0,2244,0.0,10292
w0rm_synchro,32,32,32.0,64,2,2,0,0,0,0,0,0,0,0,0,0,0,0,151,0,1,0,0,0,0,1,33,45,75,2,0,0,1,105,66,7.038095238095238,16,0,0.0,33,0.0,0,4.174387269895637,8.0,1056.0,0.0,2112,0.0,7636
wallace_16bit,32,16,21.333333333333332,64,3,1,2,0,0,0,0,0,0,0,0,0,0,0,1177,0,0,0,0,0,0,1,0,2,1,2,0,0,1,1861,803,4.806555615260613,66,0,0.0,0,0.0,0,4.174387269895637,8.0,0.0,0.0,0,0.0,76457
wallace_tree,64,14,17.402985074626866,1166,67,0,64,0,0,0,0,0,0,0,0,0,0,0,5612,0,0,0,0,0,0,1,0,65,2,2,0,0,1,8005,3104,4.908182386008744,99,0,0.0,0,0.0,0,7.062191632286556,34.14674215792775,0.0,0.0,0,0.0,349832
wallace_tree_unit,16,14,14.666666666666666,44,3,0,1,0,0,0,0,0,0,0,0,0,0,0,79,0,0,0,0,0,0,1,0,2,2,2,0,0,1,131,56,4.366412213740458,11,0,0.0,0,0.0,0,3.8066624897703196,6.6332495807108,0.0,0.0,0,0.0,4493
watchdog,26,2,14.0,28,2,0,0,0,0,0,0,0,0,0,0,0,0,0,233,0,0,0,0,0,0,3,28,1,1,2,0,0,1,302,125,5.281456953642384,25,0,0.0,28,0.0,0,3.367295829986474,5.291502622129181,392.0,0.0,784,0.0,13979
wave,25,8,16.5,33,2,0,0,1,0,0,0,0,0,0,0,0,0,0,426,0,0,0,0,0,0,2,25,1,1,2,0,0,1,562,231,5.359430604982206,42,0,0.0,25,0.0,0,3.5263605246161616,5.744562646538029,412.5,0.0,825,0.0,25240
waveadder,16,4,6.5,156,24,0,1,1,0,0,0,4,130,0,0,0,0,0,640,0,0,0,0,0,0,4,0,17,1,2,0,0,1,868,310,4.846774193548387,46,134,0.209375,0,0.0,0,5.056245805348308,12.489995996796797,0.0,0.0,0,0.0,38240
wavegenprocessor,16,3,12.0,120,10,0,6,2,0,0,0,0,404,0,0,0,0,0,541,0,0,0,0,0,0,8,69,3,1,2,0,0,1,583,280,6.322469982847341,44,404,0.7467652495378928,69,0.0,0,4.795790545596741,10.954451150103322,828.0,0.0,8280,0.0,33248
wavemaker,15,13,14.333333333333334,43,3,0,0,0,0,0,0,0,42,0,0,0,0,0,140,0,1,0,0,0,0,2,16,2,2,2,0,0,1,188,62,4.670212765957447,23,42,0.3,16,0.0,0,3.784189633918261,6.557438524302,229.33333333333334,0.0,688,0.0,8019
wb,32,2,16.142857142857142,113,7,3,0,0,0,0,0,0,0,0,0,0,0,0,83,0,10,0,0,0,0,1,0,4,3,2,0,0,1,60,35,7.616666666666666,12,0,0.0,0,0.0,0,4.736198448394496,10.63014581273465,0.0,0.0,0,0.0,4692
wbmux,32,2,26.0,130,5,4,0,0,0,0,0,0,0,0,0,0,0,0,147,0,0,0,0,0,0,1,32,4,1,2,0,0,1,161,70,6.590062111801243,22,0,0.0,32,0.0,0,4.875197323201151,11.40175425099138,832.0,0.0,4160,0.0,9104
wb_conbus_arb,8,3,5.5,11,2,0,0,1,0,0,0,0,0,0,0,0,0,0,86,0,0,0,0,0,0,1,3,2,1,2,0,0,1,135,47,4.029629629629629,8,0,0.0,3,0.0,0,2.4849066497880004,3.3166247903554,16.5,0.0,33,0.0,4376
wb_host,32,4,23.833333333333332,286,12,8,0,0,0,0,0,0,0,0,0,0,0,0,30706,0,0,1749,0,0,0,1,2179,7,255,2,1749,0,1,27358,6321,3.742269171723079,256,0,0.0,2179,0.0,0,5.659482215759621,16.911534525287763,51932.83333333333,0.0,623194,0.0,1655027
wb_interconnect,116,4,23.833333333333332,1001,42,20,0,4,0,0,0,0,0,0,0,0,0,0,58810,0,12,2091,0,0,0,1,0,23,689,2,2091,0,1,58282,17536,2.708228955766789,166,0,0.0,0,0.0,0,6.90975328164481,31.63858403911275,0.0,0.0,0,0.0,3011893
wb_interface,32,3,18.76923076923077,244,13,5,0,3,0,0,0,0,0,0,0,0,0,0,1147,0,1,0,0,0,0,6,154,5,5,2,0,0,1,1208,425,5.9552980132450335,84,0,0.0,154,0.0,0,5.501258210544727,15.620499351813308,2890.4615384615386,0.0,37576,0.0,67932
wb_mux,32,32,32.0,96,3,3,0,0,0,0,0,0,0,0,0,0,0,0,111,0,32,0,0,0,0,1,0,3,1,2,0,0,1,86,35,6.22093023255814,12,0,0.0,0,0.0,0,4.574710978503383,9.797958971132712,0.0,0.0,0,0.0,4770
wb_pp,32,5,18.5,111,6,3,0,0,0,0,0,0,0,0,0,0,0,0,171,0,38,0,0,0,0,1,216,3,5,2,0,0,1,105,66,7.571428571428571,16,0,0.0,216,0.0,0,4.718498871295094,10.535653752852738,3996.0,0.0,23976,0.0,9004
wb_stage,32,2,26.0,130,5,4,0,0,0,0,0,0,0,0,0,0,0,0,118,0,0,0,0,0,0,1,34,4,1,2,0,0,1,127,67,6.15748031496063,17,0,0.0,34,0.0,0,4.875197323201151,11.40175425099138,884.0,0.0,4420,0.0,7846
wdt,32,32,32.0,32,1,1,0,0,0,0,0,0,320,0,0,0,0,0,312,0,0,0,0,0,0,2,33,1,1,2,0,0,1,237,320,8.227848101265822,25,320,1.0256410256410255,33,0.0,0,3.4965075614664802,5.656854249492381,1056.0,0.0,1056,0.0,18429
wd_decoder,8,8,8.0,32,4,0,0,4,0,0,1,0,0,2,0,0,0,3,69,1,0,5,0,0,0,0,6,4,4,2,5,0,1,28,9,3.4642857142857144,0,1,0.014492753623188406,6,0.028985507246376812,0,3.4965075614664802,5.656854249492381,48.0,0.17391304347826086,192,16.0,1399
weight3,36,36,36.0,36,1,0,0,0,0,0,0,0,0,0,0,0,0,0,85,0,0,0,0,0,0,1,0,1,1,2,0,0,1,144,38,3.9652777777777777,10,0,0.0,0,0.0,0,3.6109179126442243,6.0,0.0,0.0,0,0.0,4312
weight4,36,36,36.0,36,1,0,0,0,0,0,0,0,0,0,0,0,0,0,92,0,0,0,0,0,0,1,0,1,1,2,0,0,1,158,42,3.8734177215189876,8,0,0.0,0,0.0,0,3.6109179126442243,6.0,0.0,0.0,0,0.0,4629
weight5,36,36,36.0,36,1,0,0,0,0,0,0,0,0,0,0,0,0,0,83,0,0,0,0,0,0,1,0,1,1,2,0,0,1,147,42,3.816326530612245,8,0,0.0,0,0.0,0,3.6109179126442243,6.0,0.0,0.0,0,0.0,4221
weight6,36,36,36.0,36,1,0,0,0,0,0,0,0,0,0,0,0,0,0,89,0,0,0,0,0,0,1,0,1,1,2,0,0,1,154,42,3.74025974025974,8,0,0.0,0,0.0,0,3.6109179126442243,6.0,0.0,0.0,0,0.0,4379
weight_az,32,4,19.2,384,20,6,8,0,0,0,0,96,0,0,0,0,0,0,641,0,46,0,0,0,0,5,51,8,10,2,0,0,1,560,270,6.544642857142857,62,96,0.1497659906396256,51,0.0,0,5.953243334287785,19.595917942265423,979.1999999999999,0.0,19584,0.0,34814
weight_az_pipe,32,12,22.25,534,24,9,7,0,0,0,0,0,8127,0,0,0,0,0,3907,0,0,0,0,0,0,5,0,13,4,2,0,0,1,885,3734,19.423728813559322,93,8127,2.0801126183772713,0,0.0,0,6.282266746896006,23.108440016582687,0.0,0.0,0,0.0,222914
weight_az_top,32,4,18.529411764705884,315,17,4,5,0,0,0,0,0,11772,0,0,0,0,0,4578,0,0,0,0,0,0,8,51,7,2,2,0,0,1,1579,3803,14.993033565547815,117,11772,2.5714285714285716,51,0.0,0,5.755742213586912,17.74823934929885,945.0000000000001,0.0,16065,0.0,271212
wic,1,1,1.0,1,0,0,0,0,1,0,0,0,0,0,0,0,0,0,26,0,0,0,0,0,0,1,3,1,1,2,0,0,1,48,5,2.2291666666666665,0,0,0.0,3,0.0,0,0.6931471805599453,1.0,3.0,0.0,3,0.0,1157
wic_awake_en_32,32,32,32.0,224,7,7,0,0,0,0,0,0,288,0,0,0,0,0,522,0,0,0,0,0,0,1,96,6,2,2,0,0,1,362,162,8.530386740331492,31,288,0.5517241379310345,96,0.0,0,5.41610040220442,14.966629547095765,3072.0,0.0,21504,0.0,33515
wic_top,32,2,12.285714285714286,86,7,2,0,1,0,0,0,0,56,0,0,0,0,0,148,0,8,0,0,0,0,1,25,7,2,2,0,0,1,103,68,5.699029126213592,17,56,0.3783783783783784,25,0.0,0,4.465908118654584,9.273618495495704,307.14285714285717,0.0,2150,0.0,8143
wid_entry,8,8,8.0,24,3,0,0,3,0,0,0,0,0,0,0,0,0,0,46,0,0,0,0,0,0,2,8,2,1,2,0,0,1,38,18,5.315789473684211,3,0,0.0,8,0.0,0,3.2188758248682006,4.898979485566356,64.0,0.0,192,0.0,2246
wishbone_arbiter,32,4,25.0,1000,40,30,0,0,0,0,0,0,0,0,0,0,0,0,1217,0,508,0,0,0,0,1,3,15,27,2,0,0,1,701,508,8.149786019971469,61,0,0.0,3,0.0,0,6.90875477931522,31.622776601683793,75.0,0.0,3000,0.0,63830
wishbone_bus_if,32,2,21.818181818181817,240,11,7,0,0,0,0,0,0,0,0,0,0,0,0,580,0,0,1,0,0,0,3,137,6,5,2,1,0,1,400,141,8.0175,37,0,0.0,137,0.0,0,5.484796933490655,15.491933384829668,2989.090909090909,0.0,32880,0.0,34349
word_align_control,6,2,4.333333333333333,13,3,0,0,0,0,0,0,0,0,0,0,0,0,0,115,0,0,0,0,0,0,4,14,1,1,2,0,0,1,165,46,4.127272727272727,15,0,0.0,14,0.0,0,2.6390573296152584,3.605551275463989,60.666666666666664,0.0,182,0.0,6425
wptr_full,5,4,4.6,23,5,0,0,0,0,0,0,0,0,0,0,0,0,0,70,0,0,0,0,0,0,3,11,2,3,2,0,0,1,87,26,4.252873563218391,13,0,0.0,11,0.0,0,3.1780538303479458,4.795831523312719,50.599999999999994,0.0,253,0.0,3589
wrapped_alu74181,38,32,35.333333333333336,318,9,4,0,0,0,0,0,0,0,0,0,0,0,0,3845,0,0,0,0,0,0,1,0,19,3,2,0,0,1,4105,1466,2.3342265529841657,25,0,0.0,0,0.0,0,5.765191102784844,17.832554500127006,0.0,0.0,0,0.0,185232
wrapped_frequency_counter,38,32,35.333333333333336,318,9,4,0,0,0,0,0,0,0,0,0,0,0,0,4371,0,0,0,0,0,0,1,32,20,3,2,0,0,1,4532,1077,2.7424977934686674,85,0,0.0,32,0.0,0,5.765191102784844,17.832554500127006,1130.6666666666667,0.0,10176,0.0,219976
wrapped_ibnalhaytham,38,32,35.333333333333336,318,9,4,0,0,0,0,0,0,0,0,0,0,0,0,59981,0,0,0,0,0,0,1,10278,78,0,2,0,0,1,58155,11883,4.021666236781016,145,0,0.0,10278,0.0,0,5.765191102784844,17.832554500127006,363156.0,0.0,3268404,0.0,3289178
wrapper,25,2,9.2,46,5,0,0,2,0,0,0,0,180,0,0,0,0,0,180,0,0,0,0,0,0,3,28,2,2,2,0,0,1,205,180,6.11219512195122,21,180,1.0,28,0.0,0,3.8501476017100584,6.782329983125268,257.59999999999997,0.0,1288,0.0,10956
wrappercontroller,4,4,4.0,8,2,0,0,0,0,0,0,0,0,0,0,0,0,0,60,0,2,5,0,0,0,3,8,1,1,2,5,0,1,109,35,3.5779816513761467,4,0,0.0,8,0.0,0,2.1972245773362196,2.8284271247461903,32.0,0.0,64,0.0,3238
wrapper_receiver,20,4,10.142857142857142,71,7,0,2,0,0,0,0,0,277,0,0,0,0,0,585,0,16,0,0,0,0,6,49,24,63,2,0,0,1,670,275,5.614925373134328,37,277,0.4735042735042735,49,0.0,0,4.276666119016055,8.426149773176359,497.0,0.0,3479,0.0,34829
writeback,32,6,26.8,134,5,4,0,0,0,0,0,0,0,0,0,0,0,3,13,1,2,1,0,0,2,5,2,4,1,2,3,0,1,20,5,2.05,0,0,0.0,2,0.0,2,4.90527477843843,11.575836902790225,53.6,0.0,268,0.0,291
writeback_cycle,32,3,23.7,237,10,7,0,0,0,0,0,0,0,0,0,0,0,0,233,0,38,0,0,0,0,2,0,8,3,2,0,0,1,212,101,6.768867924528302,26,0,0.0,0,0.0,0,5.472270673671475,15.394804318340652,0.0,0.0,0,0.0,13454
writeback_mux,32,2,26.0,130,5,4,0,0,0,0,0,0,0,0,0,0,0,0,107,0,0,0,0,0,0,1,0,4,1,2,0,0,1,127,67,6.15748031496063,17,0,0.0,0,0.0,0,4.875197323201151,11.40175425099138,0.0,0.0,0,0.0,7063
writeback_register,32,5,23.0,138,6,4,0,0,0,0,0,0,0,0,0,0,0,0,160,0,0,0,0,0,0,0,78,4,4,2,0,0,1,27,73,27.59259259259259,13,0,0.0,78,0.0,0,4.9344739331306915,11.74734012447073,1794.0,0.0,10764,0.0,8912
write_back,32,5,24.285714285714285,170,7,5,0,0,0,0,0,0,71,0,0,0,0,0,224,0,0,0,0,0,0,3,142,4,3,2,0,0,1,66,144,17.227272727272727,20,71,0.3169642857142857,142,0.0,0,5.14166355650266,13.038404810405298,3448.5714285714284,0.0,24140,0.0,13540
write_fifo,128,6,19.4,194,10,0,0,5,0,0,0,0,42,0,0,0,0,0,1128,0,1,1,0,0,0,11,176,1,1,2,1,0,1,1110,406,6.744144144144144,83,42,0.03723404255319149,176,0.0,0,5.272999558563747,13.92838827718412,3414.3999999999996,0.0,34144,0.0,69279
wr_cell,24,2,8.428571428571429,59,7,0,0,2,0,0,0,0,46,0,0,0,0,0,118,0,0,0,0,0,0,3,9,5,2,2,0,0,1,173,40,4.797687861271676,21,46,0.3898305084745763,9,0.0,0,4.0943445622221,7.681145747868608,75.85714285714286,0.0,531,0.0,7312
wr_cmd_trans,128,4,31.608695652173914,727,23,4,3,0,0,0,0,4,1839,0,0,0,0,0,2493,0,147,0,0,0,0,12,190,6,8,2,0,0,1,1569,773,9.330783938814532,154,1843,0.739269955876454,190,0.0,0,6.590301048196686,26.962937525425527,6005.652173913044,0.0,138130,0.0,145684
wr_ctrl,128,2,25.571428571428573,358,14,0,1,0,0,0,0,42,0,0,0,0,0,0,322,0,152,0,0,0,0,1,38,7,9,2,0,0,1,147,152,9.29251700680272,21,42,0.13043478260869565,38,0.0,0,5.883322388488279,18.920887928424502,971.7142857142858,0.0,13604,0.0,14935
wr_oper,32,2,13.666666666666666,82,6,1,0,2,0,0,0,0,93,0,0,0,0,0,338,0,0,0,0,0,0,5,50,2,2,2,0,0,1,325,146,6.027692307692308,31,93,0.27514792899408286,50,0.0,0,4.418840607796598,9.055385138137417,683.3333333333333,0.0,4100,0.0,19746
wr_rd_ctrl_top,128,2,27.3,1092,40,4,4,0,0,0,0,50,4435,0,0,0,0,0,3653,0,294,0,0,0,0,18,267,11,14,2,0,0,1,1941,1907,10.312725399278722,182,4485,1.2277580071174377,267,0.0,0,6.996681488176539,33.04542328371661,7289.1,0.0,291564,0.0,217591
w_cpu_io_bot_configmem,32,20,23.0,92,4,1,0,0,0,0,0,0,40,0,0,0,0,0,114,0,0,0,0,0,0,1,40,2,2,2,0,0,1,79,42,6.531645569620253,13,40,0.3508771929824561,40,0.0,0,4.532599493153256,9.591663046625438,920.0,0.0,3680,0.0,6550
w_cpu_io_configmem,32,20,23.0,92,4,1,0,0,0,0,0,0,40,0,0,0,0,0,114,0,0,0,0,0,0,1,40,2,2,2,0,0,1,79,42,6.531645569620253,13,40,0.3508771929824561,40,0.0,0,4.532599493153256,9.591663046625438,920.0,0.0,3680,0.0,6538
w_io_configmem,114,20,70.0,280,4,1,0,0,0,0,0,0,228,0,0,0,0,0,502,0,0,0,0,0,0,1,228,2,2,2,0,0,1,197,230,11.634517766497462,13,228,0.4541832669322709,228,0.0,0,5.638354669333745,16.73320053068151,15960.0,0.0,63840,0.0,30679
w_io_switch_matrix,106,106,106.0,212,2,0,0,0,0,0,0,0,0,0,0,0,0,0,229,0,0,0,0,0,0,1,0,3,1,2,0,0,1,297,128,5.2727272727272725,16,0,0.0,0,0.0,0,5.3612921657094255,14.560219778561036,0.0,0.0,0,0.0,14604
w_logic,32,2,18.166666666666668,109,6,3,0,0,0,0,0,0,0,0,0,0,0,0,97,0,7,0,0,0,0,2,0,4,3,2,0,0,1,136,47,4.007352941176471,8,0,0.0,0,0.0,0,4.700480365792417,10.44030650891055,0.0,0.0,0,0.0,4756
xcompare,32,5,25.25,101,4,3,0,0,0,0,0,0,0,0,0,0,0,0,282,0,4,0,0,0,0,1,0,3,1,2,0,0,1,451,194,4.503325942350332,19,0,0.0,0,0.0,0,4.624972813284271,10.04987562112089,0.0,0.0,0,0.0,17090
xfifo_sc,9,8,8.5,34,4,0,0,2,0,0,0,0,0,0,0,0,0,0,12544,0,0,1,0,0,0,3,2082,2,2,2,1,0,1,8118,8192,8.441734417344174,443,0,0.0,2082,0.0,0,3.5553480614894135,5.830951894845301,17697.0,0.0,70788,0.0,715245
xm_logic,32,3,20.285714285714285,142,7,4,0,0,0,0,0,0,0,0,0,0,0,0,239,0,11,0,0,0,0,2,0,5,3,2,0,0,1,306,129,4.69281045751634,18,0,0.0,0,0.0,0,4.962844630259907,11.916375287812984,0.0,0.0,0,0.0,13009
xnor,1,1,1.0,1,0,0,0,0,1,0,0,0,0,0,0,0,0,0,25,0,0,0,0,0,0,2,0,3,3,6,0,0,1,18,11,3.6666666666666665,1,0,0.0,0,0.0,0,0.6931471805599453,1.0,0.0,0.0,0,0.0,284
xor,32,32,32.0,96,3,3,0,0,0,0,0,0,0,0,0,0,0,0,43,0,0,0,0,0,0,0,0,2,1,2,0,0,1,42,66,6.380952380952381,5,0,0.0,0,0.0,0,4.574710978503383,9.797958971132712,0.0,0.0,0,0.0,2378
xor_1,8,8,8.0,24,3,0,0,3,0,0,0,0,0,0,0,0,0,0,20,0,0,0,0,0,0,0,0,2,1,2,0,0,1,20,10,3.8,0,0,0.0,0,0.0,0,3.2188758248682006,4.898979485566356,0.0,0.0,0,0.0,803
xor_gate,32,32,32.0,96,3,3,0,0,0,0,0,0,0,0,0,0,0,0,43,0,0,0,0,0,0,0,0,2,1,2,0,0,1,44,34,6.090909090909091,7,0,0.0,0,0.0,0,4.574710978503383,9.797958971132712,0.0,0.0,0,0.0,2213
xs6_sram_512x128_byte_en,128,4,41.7,834,20,8,2,0,0,0,0,4,0,0,0,0,0,0,95,0,0,0,0,0,0,0,0,4,1,2,0,0,1,61,276,8.885245901639344,8,4,0.042105263157894736,0,0.0,0,6.727431724850855,28.879058156387302,0.0,0.0,0,0.0,4929
xshifter,32,5,23.0,69,3,2,0,0,0,0,0,0,0,0,0,0,0,0,689,0,0,1,0,0,0,1,0,3,1,2,1,0,1,914,434,5.215536105032823,40,0,0.0,0,0.0,0,4.248495242049359,8.306623862918075,0.0,0.0,0,0.0,39581
yadder,32,32,32.0,96,3,3,0,0,0,0,0,0,0,0,0,0,0,0,79,0,0,0,0,0,0,1,0,3,2,2,0,0,1,80,34,5.425,9,0,0.0,0,0.0,0,4.574710978503383,9.797958971132712,0.0,0.0,0,0.0,3456
yarith,32,32,32.0,96,3,3,0,0,0,0,0,0,0,0,0,0,0,0,185,0,0,0,0,0,0,1,0,3,2,2,0,0,1,282,126,4.159574468085107,13,0,0.0,0,0.0,0,4.574710978503383,9.797958971132712,0.0,0.0,0,0.0,10034
ycbcr_to_rgb,18,8,12.85,257,20,0,0,6,0,0,0,0,3371,0,0,0,0,0,1957,0,0,0,0,0,0,15,167,4,3,2,0,0,1,586,667,20.06996587030717,138,3371,1.7225344915687277,167,0.0,0,5.552959584921617,16.0312195418814,2145.95,0.0,42919,0.0,117005
ym,1,1,1.0,1,0,0,0,0,1,0,0,6,0,0,0,0,0,0,37,0,1,0,0,0,0,1,0,1,1,2,0,0,1,74,18,3.108108108108108,1,6,0.16216216216216217,0,0.0,0,0.6931471805599453,1.0,0.0,0.0,0,0.0,1645
ymux4to1,2,2,2.0,12,6,0,0,0,0,0,0,0,0,0,0,0,0,0,28,0,0,0,0,0,0,1,0,5,1,2,0,0,1,34,10,3.2941176470588234,0,0,0.0,0,0.0,0,2.5649493574615367,3.4641016151377544,0.0,0.0,0,0.0,881
yuv2rgb,30,3,15.289473684210526,581,38,0,0,19,0,0,0,0,0,0,0,0,0,0,4282,0,18,0,0,0,0,29,493,5,7,2,0,0,1,5212,1734,5.598618572524942,143,0,0.0,493,0.0,0,6.366470447731438,24.1039415863879,7537.710526315789,0.0,286433,0.0,262730
yuv422_to_444,16,8,10.0,50,5,0,1,3,0,0,0,0,0,0,0,0,0,0,88,0,0,0,0,0,0,1,24,3,3,2,0,0,1,65,26,7.369230769230769,18,0,0.0,24,0.0,0,3.9318256327243257,7.0710678118654755,240.0,0.0,1200,0.0,4452
y_dct,32,3,22.019011406844108,5791,263,20,0,2,0,0,0,0,0,0,0,0,0,0,84426,0,0,610,0,0,0,199,5384,1901,69,2,610,0,1,93327,31270,5.386083341369593,1611,0,0.0,5384,0.0,0,8.664232934065552,76.09862022402245,118550.35741444868,0.0,31178744,0.0,4935396
y_huff,32,4,10.8,2916,270,11,3,2,0,0,0,0,973,0,0,0,0,0,20494,0,0,370,0,0,0,205,2401,65,57,7,370,0,1,20557,8213,5.855961472977574,961,973,0.04747731043232165,2401,0.0,0,7.978310969867722,54.0,25930.800000000003,0.0,7001316,0.0,1211720
y_quantizer,12,11,11.4,3648,320,0,0,0,0,0,0,0,0,0,0,0,0,0,11657,0,0,0,0,0,0,193,2820,65,65,2,0,0,1,6503,2933,9.249115792711056,894,0,0.0,2820,0.0,0,8.202208436436448,60.398675482166,32148.0,0.0,10287360,0.0,631212
z80_bus_controller,8,2,6.533333333333333,98,15,0,0,10,0,0,0,0,1081,0,0,0,0,0,797,0,0,40,0,0,0,9,106,3,2,2,40,0,1,759,433,7.031620553359684,59,1081,1.35633626097867,106,0.0,0,4.59511985013459,9.899494936611665,692.5333333333333,0.0,10388,0.0,48966
z80_bus_controller_core,8,2,6.533333333333333,98,15,0,0,10,0,0,0,0,700,0,0,0,0,0,677,0,0,33,0,0,0,9,105,5,4,2,33,0,1,654,256,6.915902140672783,58,700,1.03397341211226,105,0.0,0,4.59511985013459,9.899494936611665,686.0,0.0,10290,0.0,43160
z80_mmu,8,2,5.6,28,5,0,0,3,0,0,0,0,0,0,0,0,0,0,251,0,4,0,0,0,0,1,32,4,2,2,0,0,1,246,128,6.1138211382113825,28,0,0.0,32,0.0,0,3.367295829986474,5.291502622129181,179.2,0.0,896,0.0,14074
z80_spimaster,8,4,7.0,70,10,0,0,7,0,0,0,0,223,0,0,0,0,0,296,0,0,40,0,0,0,8,61,2,3,2,40,0,1,316,96,5.9145569620253164,35,223,0.7533783783783784,61,0.0,0,4.2626798770413155,8.366600265340756,427.0,0.0,4270,0.0,17172
z80_waitstate_generator,8,2,3.5,14,4,0,0,1,0,0,0,0,0,0,0,0,0,0,82,0,2,0,0,0,0,2,11,4,1,2,0,0,1,106,32,3.9339622641509435,10,0,0.0,11,0.0,0,2.70805020110221,3.7416573867739413,38.5,0.0,154,0.0,4366
zeroinf,23,8,15.5,124,8,0,0,4,0,0,0,0,0,0,0,0,0,0,103,0,0,0,0,0,0,1,0,6,2,2,0,0,1,143,55,5.020979020979021,14,0,0.0,0,0.0,0,4.8283137373023015,11.135528725660043,0.0,0.0,0,0.0,5659
zero_detector,32,10,19.333333333333332,58,3,1,1,0,0,1,0,0,1,2,0,0,0,4,44,1,0,3,0,0,0,0,2,4,1,2,3,0,1,22,7,2.6363636363636362,0,2,0.045454545454545456,2,0.045454545454545456,0,4.07753744390572,7.615773105863909,38.666666666666664,0.09090909090909091,116,38.666666666666664,595
zero_reg,32,32,32.0,128,4,4,0,0,0,0,0,0,0,0,0,0,0,0,49,0,0,0,0,0,0,0,3,2,1,2,0,0,1,56,34,5.285714285714286,7,0,0.0,3,0.0,0,4.859812404361672,11.313708498984761,96.0,0.0,384,0.0,2554
zhengdian,21,5,13.0,26,2,0,0,0,0,0,0,0,0,0,0,0,0,0,106,0,0,0,0,0,0,2,6,2,1,2,0,0,1,173,51,3.7341040462427744,8,0,0.0,6,0.0,0,3.295836866004329,5.0990195135927845,78.0,0.0,156,0.0,5626
zigzag,12,6,8.166666666666666,49,6,0,0,0,0,0,2,0,0,1,0,0,0,5,141,1,4,23,0,0,0,15,2,6,4,2,23,0,1,49,15,2.3469387755102042,1,2,0.014184397163120567,2,0.0070921985815602835,0,3.912023005428146,7.0,16.333333333333332,0.014184397163120567,98,8.166666666666666,1480
zigzag_buf,42,6,30.0,90,3,0,0,0,0,0,0,0,0,0,0,0,0,0,15810,0,0,0,0,0,0,1,2730,3,1,2,0,0,1,9654,10752,8.83903045369795,316,0,0.0,2730,0.0,0,4.51085950651685,9.486832980505138,81900.0,0.0,245700,0.0,899304
